# heatmap.py CSV dump: row 0 = value 300 (top of image) .. row 299 = value 1 (bottom of image); col 0 = position 1 .. col 299 = position 300 (left to right); entry = count of samples with pi_position = value
69788,70102,69825,67858,63908,58273,52426,46454,40747,36001,31299,27102,23330,20492,17440,15524,13689,11807,10250,8867,7818,7175,6177,5365,4750,4334,3890,3460,3059,2822,2616,2290,2076,1904,1705,1602,1412,1341,1307,1163,1094,1014,958,890,807,799,720,700,668,641,596,559,547,525,481,441,433,393,407,372,381,362,342,322,300,346,286,302,295,302,240,242,238,250,217,237,220,225,216,193,197,174,179,203,165,160,143,167,151,162,144,153,152,140,170,132,140,125,121,128,140,147,119,125,117,123,118,109,96,97,113,106,101,99,96,96,93,111,111,96,95,99,76,89,84,92,101,83,104,76,85,74,91,74,90,96,74,81,72,89,76,87,78,78,78,58,83,81,65,78,74,65,76,91,59,77,56,68,81,82,69,69,95,67,72,73,73,66,72,74,62,65,69,70,70,69,79,80,60,63,92,83,75,70,64,88,61,70,63,79,77,67,60,68,66,59,78,75,58,68,80,55,86,74,74,77,72,78,72,75,79,84,82,73,90,75,78,87,80,75,102,85,81,103,89,89,83,91,106,96,91,91,106,66,114,101,89,83,109,129,94,105,111,123,111,141,136,119,106,121,125,119,138,152,167,155,143,164,170,174,165,178,206,177,186,222,222,236,247,247,256,278,274,325,304,351,391,401,393,455,488,463,527,598,626,727,780,870,993,1213,1350,1602,2014,2479,3349,4567,6998,12221,24911,70204
69568,69677,57584,47241,41056,37297,35836,34281,32552,31175,29108,27144,25062,23139,21053,19268,17443,16070,14363,12956,11794,10540,9628,8793,7977,7125,6447,5958,5387,4895,4406,4207,3766,3453,3306,3030,2611,2510,2344,2132,1985,1849,1756,1691,1602,1518,1369,1275,1170,1109,1122,1055,982,899,891,849,819,740,794,713,667,663,610,552,576,529,549,557,490,529,475,446,410,459,388,416,404,374,385,361,340,339,328,317,295,278,300,295,277,253,240,260,245,265,244,230,223,226,240,256,219,226,244,207,212,199,203,177,182,198,214,161,182,156,163,152,168,153,193,146,148,141,152,164,147,154,165,159,142,137,116,148,138,130,131,120,127,142,127,172,115,146,116,132,113,133,134,125,140,116,108,113,123,96,101,106,115,135,124,106,108,111,102,101,118,92,113,117,125,108,121,105,99,102,110,98,107,119,115,127,110,132,118,115,111,123,122,109,110,112,131,118,106,102,92,126,107,102,105,134,113,110,100,118,114,121,118,124,140,108,132,124,137,121,131,121,137,123,142,114,114,142,137,131,132,112,139,152,131,147,145,157,151,145,162,158,143,147,144,163,166,160,188,158,173,179,195,187,201,221,213,224,207,222,240,218,215,205,267,260,243,258,272,318,319,264,323,369,347,375,363,400,450,499,444,501,524,527,563,637,717,696,819,891,934,1002,1132,1258,1406,1621,1858,2270,2740,3441,4599,6251,9297,15580,30986,69951
70003,69652,60246,47435,38007,31263,27385,25491,24523,23735,22977,22410,21738,20737,19689,18651,17288,16359,15246,14204,13050,12387,11246,10501,9563,8895,8202,7507,7012,6380,6037,5390,5032,4670,4316,3989,3643,3408,3150,3063,2770,2614,2486,2313,2212,2027,1876,1787,1772,1571,1524,1497,1396,1205,1271,1129,1141,1033,963,983,892,886,881,874,816,771,714,716,656,665,682,598,616,542,606,553,505,487,453,495,487,467,438,450,379,410,385,348,378,356,388,372,343,338,310,349,324,355,327,302,258,282,243,286,287,274,250,280,246,234,226,255,250,215,241,213,234,199,212,216,218,236,229,218,213,207,206,213,179,188,205,189,155,191,180,172,190,157,190,169,165,176,173,161,163,161,152,168,165,143,158,167,180,151,162,152,164,155,161,143,149,127,139,150,153,154,136,146,118,149,161,136,149,145,138,165,139,158,159,148,117,135,153,139,131,143,143,150,161,154,149,130,163,151,123,146,137,119,167,182,148,144,149,149,156,157,153,156,165,158,161,184,155,145,167,173,186,192,153,179,176,164,146,175,166,207,164,172,160,147,179,180,187,212,179,185,189,195,200,220,179,226,224,240,223,218,251,224,256,245,245,260,255,267,289,316,290,318,306,344,343,322,358,387,392,410,408,395,441,414,451,517,528,540,590,614,634,728,706,785,804,854,975,1039,1099,1358,1389,1540,1815,2007,2325,2776,3448,4176,5393,7578,11056,17996,32877,60721
70061,64021,59667,51124,41388,32981,27059,22946,20553,19495,18657,18247,17887,17457,16885,16665,16009,15211,14607,13882,13032,12309,11673,10960,10192,9464,8967,8325,7835,7307,6696,6354,5948,5527,5141,4737,4521,4134,3975,3718,3297,3206,3076,2826,2600,2594,2445,2336,2129,2069,1941,1762,1723,1635,1562,1490,1416,1371,1318,1192,1156,1162,1059,1004,963,945,870,848,876,820,830,789,735,735,746,702,659,593,609,579,598,551,538,526,543,506,468,509,497,452,426,463,434,412,411,379,365,382,407,366,349,352,331,313,312,348,314,291,306,299,301,297,290,284,258,294,320,266,259,267,289,264,254,263,275,272,234,227,254,216,229,230,217,194,252,217,214,209,232,219,195,208,225,211,191,188,204,204,203,193,195,213,216,161,194,213,179,179,184,198,172,171,176,174,187,161,175,199,165,161,149,179,167,161,153,155,168,172,162,170,198,163,198,168,149,167,191,179,183,191,194,168,172,168,185,147,194,165,189,192,166,185,189,176,170,171,201,167,144,168,170,201,208,186,186,164,196,187,188,175,182,204,203,184,190,189,215,226,229,224,220,224,220,225,221,259,199,232,255,228,224,279,253,255,243,272,292,279,262,272,275,308,324,327,365,349,323,371,351,385,410,437,423,416,437,435,466,482,463,549,563,539,622,619,649,678,790,829,854,857,963,1022,1104,1219,1338,1455,1626,1793,2051,2254,2720,3271,3962,4800,6136,8472,12298,19279,32171,51390
69833,57076,55616,51764,44614,36895,30035,24663,20620,18155,16494,15785,15188,14951,14763,14583,13908,13852,13255,12799,12570,11726,11049,10883,10414,9784,9061,8486,8266,7710,7295,6851,6360,6026,5720,5313,5051,4629,4351,4159,4073,3671,3508,3275,3083,2917,2782,2668,2522,2481,2219,2068,2097,1870,1841,1698,1613,1611,1490,1469,1378,1264,1268,1178,1136,1156,1104,1016,1030,948,961,945,878,879,870,796,773,778,703,690,632,599,639,631,592,643,591,584,563,562,525,488,494,509,512,498,431,408,429,484,433,387,415,395,394,390,382,362,370,341,359,328,346,342,317,322,327,306,304,264,283,281,271,304,298,286,308,302,295,305,289,258,250,245,250,283,253,240,233,217,232,263,211,231,220,253,213,230,253,204,253,207,224,239,203,218,222,209,207,209,203,211,234,227,202,209,203,192,223,196,209,192,190,201,193,170,185,171,200,199,218,206,216,171,195,201,200,220,198,211,187,204,193,230,202,224,215,199,196,201,188,191,192,197,222,184,216,211,188,219,205,209,204,225,247,226,211,231,219,250,211,200,234,222,229,219,256,239,267,229,213,251,270,254,267,249,225,293,251,308,282,312,289,271,319,329,301,310,315,343,361,330,375,354,374,360,410,390,423,413,393,464,488,482,466,509,536,549,516,583,644,603,676,710,794,798,814,866,1014,1011,1062,1174,1214,1405,1480,1599,1861,2010,2265,2687,2953,3606,4482,5452,6879,9350,13450,19693,30740,42532
67414,51404,49665,49505,46523,40243,33458,27932,22983,19347,16585,15087,14239,13620,13100,12948,12596,12421,12251,11846,11624,11053,10773,10317,10023,9471,9156,8616,8141,8034,7334,6991,6594,6441,5893,5683,5408,5074,4782,4611,4302,3999,3882,3663,3335,3287,3068,2903,2748,2607,2625,2417,2299,2162,2064,2000,1866,1888,1747,1593,1587,1439,1490,1413,1337,1305,1239,1171,1144,1094,1033,993,1067,966,931,856,906,853,826,795,816,734,735,769,702,688,650,632,612,586,583,598,574,568,521,531,536,540,502,528,459,460,487,458,452,443,406,465,440,429,401,411,374,366,372,343,351,361,372,332,344,351,277,298,332,334,318,305,327,324,300,285,313,288,298,269,305,255,278,259,261,288,264,252,259,232,262,247,270,247,227,292,236,248,241,224,244,252,241,265,236,276,219,233,205,224,217,239,194,226,226,248,248,205,211,234,205,227,234,230,191,199,219,226,243,174,219,208,251,244,207,200,230,214,259,217,220,229,219,230,248,248,199,222,237,244,244,210,229,239,240,225,228,228,250,240,261,225,233,278,236,234,254,275,274,262,253,228,270,262,260,285,319,287,312,271,319,308,299,291,309,303,308,338,366,356,356,382,372,334,383,379,413,371,413,393,405,436,472,411,487,522,472,517,549,542,616,651,639,616,700,754,800,814,814,860,920,978,1042,1055,1120,1243,1419,1493,1688,1838,1953,2200,2563,2866,3451,3952,4809,5863,7444,9972,13587,19902,28286,35555
65161,47585,44210,45897,45508,42144,36940,31313,25796,21523,18224,15727,14023,12928,12471,11745,11599,11318,11069,10931,10600,10330,10031,9889,9492,9333,8692,8667,8243,7813,7370,7265,6717,6494,6331,5752,5546,5255,5015,4795,4508,4285,4041,3905,3724,3409,3273,3173,3007,2911,2731,2723,2542,2422,2316,2182,2105,1994,1869,1798,1724,1674,1642,1610,1533,1403,1393,1325,1244,1246,1173,1142,1098,1094,1041,1058,966,948,901,873,886,847,824,778,801,730,778,683,695,664,674,593,654,595,602,599,554,562,545,531,569,507,536,527,497,485,437,482,451,450,415,446,456,429,424,404,427,354,378,365,387,373,378,356,371,366,362,320,336,331,330,310,334,318,346,311,317,302,302,304,328,283,304,288,291,279,242,286,261,292,262,261,314,267,250,245,258,250,258,270,264,234,249,238,243,244,227,256,264,256,266,255,227,265,242,240,262,215,243,228,242,261,250,236,263,266,241,247,240,222,227,216,271,257,262,246,239,257,257,249,221,259,232,247,230,260,263,221,247,270,239,255,259,248,244,269,233,244,251,248,273,267,253,262,277,300,263,265,271,265,290,290,276,300,298,286,327,299,316,323,323,319,356,365,343,384,397,386,366,384,416,414,428,454,421,468,472,477,506,499,482,475,569,542,576,606,614,632,673,740,762,753,794,849,863,949,997,1035,1141,1226,1373,1371,1530,1621,1864,1905,2144,2341,2796,3085,3646,4353,5026,6198,7900,10479,14181,19148,26396,30054
61754,44689,39749,40781,42607,42138,38739,34458,29488,24643,20552,17340,15251,13405,12121,11330,10760,10578,10407,9943,9755,9772,9584,9166,9011,8978,8492,8180,7933,7839,7422,7173,6834,6556,6197,6035,5797,5508,5298,4972,4740,4443,4370,4074,3994,3676,3517,3350,3209,3080,2886,2826,2639,2538,2418,2328,2292,2215,2050,2001,1889,1790,1743,1731,1579,1584,1503,1431,1439,1351,1337,1291,1195,1143,1131,1127,1067,1044,1060,989,965,935,941,869,943,829,825,712,772,720,698,713,675,665,695,667,634,599,619,616,576,562,550,543,524,523,526,496,551,491,530,468,456,488,468,461,401,455,420,400,405,416,390,380,400,396,370,408,405,343,355,355,341,357,354,371,334,328,308,338,339,323,325,312,320,321,290,289,289,303,277,284,295,271,276,272,285,277,267,293,263,271,278,287,289,278,284,267,296,268,261,277,278,278,266,262,284,283,252,260,278,285,269,241,240,255,275,252,232,279,248,235,267,262,248,272,282,247,252,275,263,276,309,276,276,260,256,286,298,265,251,260,275,300,278,296,280,281,269,264,302,285,323,311,265,304,271,308,320,295,301,345,315,358,352,349,327,327,348,329,354,342,376,404,392,380,426,393,457,432,430,465,425,443,498,482,476,538,522,545,563,543,618,584,595,676,650,697,716,789,762,809,862,915,966,1039,1075,1153,1178,1253,1339,1485,1544,1747,1912,2063,2398,2543,2991,3312,3857,4431,5529,6612,8384,10619,13856,18757,24033,25287
57444,42652,36594,36583,39012,40767,39292,36259,32445,27738,23345,19973,16643,14275,12932,11576,10736,10068,9841,9733,9300,9244,9184,8762,8742,8357,8106,8055,7747,7354,7326,7088,6738,6416,6310,5943,5887,5380,5346,5132,4947,4684,4438,4374,4029,4092,3677,3578,3443,3344,3101,2935,2783,2695,2656,2539,2419,2284,2172,2150,1914,1961,1895,1805,1773,1634,1650,1541,1493,1447,1457,1359,1286,1240,1260,1274,1165,1127,1080,1078,1058,1039,997,931,928,884,828,917,829,841,784,722,738,725,700,698,665,686,608,626,619,592,622,603,592,598,549,525,566,558,532,491,491,478,488,460,468,436,452,441,396,416,417,406,416,423,425,396,359,419,416,392,366,357,352,337,344,350,365,365,362,352,310,348,326,348,313,329,350,340,303,296,311,282,300,351,306,312,283,272,309,295,283,263,263,279,288,300,268,283,295,292,247,293,300,305,298,268,270,265,283,292,294,280,271,284,274,269,264,279,284,300,269,283,267,259,319,303,257,241,283,317,266,278,337,300,283,283,296,289,305,278,301,287,335,302,306,339,318,306,290,334,320,318,353,322,322,330,344,334,326,329,355,352,318,325,355,395,380,353,387,408,404,370,405,394,440,453,432,429,461,489,497,479,515,508,542,535,553,597,616,623,587,690,691,717,714,715,715,814,826,863,925,951,995,1034,1156,1209,1277,1283,1479,1552,1741,1826,2083,2200,2408,2776,3200,3491,4061,4866,5621,6866,8464,10863,13759,17763,21689,21613
52571,41805,34122,32974,35104,37769,38456,37317,34311,30377,26620,22586,19124,15989,13987,12192,11105,10519,9818,9323,8958,8787,8542,8352,8287,8085,7798,7677,7440,7314,7074,7047,6676,6406,6181,6139,5775,5516,5391,5099,4988,4806,4508,4274,4243,4106,3809,3703,3533,3346,3324,3085,2995,2861,2721,2662,2570,2340,2351,2217,2098,1994,2015,1887,1874,1789,1670,1640,1624,1511,1480,1399,1438,1383,1295,1246,1251,1180,1203,1110,1115,1131,1112,1013,968,925,954,894,854,885,833,837,790,815,765,739,773,694,715,684,663,653,666,662,623,560,585,591,573,608,587,588,522,569,504,512,551,489,511,452,484,458,411,487,438,416,453,431,425,400,394,429,382,388,404,367,385,373,393,386,366,379,406,347,337,355,389,369,345,346,312,322,311,328,326,322,315,327,311,329,332,348,319,292,339,347,317,311,307,290,269,302,328,278,301,291,322,311,289,312,306,301,281,303,289,301,290,305,290,291,298,282,294,267,312,332,278,280,327,303,332,293,308,299,289,314,311,334,329,309,316,325,298,289,311,328,327,292,294,331,342,321,329,349,338,365,359,360,331,379,393,320,334,377,363,400,373,414,406,400,407,418,428,448,493,425,444,487,474,458,509,498,526,501,518,537,570,588,560,632,603,659,653,730,694,737,784,761,804,860,885,907,997,1060,1085,1177,1186,1276,1388,1479,1493,1692,1755,1960,2141,2340,2573,2868,3193,3775,4251,5055,5624,7064,8676,10549,13480,16718,19712,18565
47264,40449,33153,30575,31764,34389,36341,36179,34983,32921,29045,25299,21812,18534,15776,13634,11951,10991,9855,9232,8835,8606,8353,8034,7867,7902,7461,7509,7438,7092,7005,6724,6672,6350,6164,5897,5711,5494,5320,5210,4932,4824,4526,4515,4201,4087,3909,3719,3598,3504,3416,3255,3051,3015,2839,2758,2661,2521,2491,2333,2218,2145,2020,2056,1941,1881,1792,1717,1649,1619,1577,1540,1469,1408,1488,1302,1312,1225,1234,1281,1143,1167,1152,1073,1063,1020,952,984,954,895,902,858,860,809,788,784,786,797,732,750,731,708,715,703,700,651,628,591,625,599,627,622,581,606,529,555,553,507,488,492,508,479,492,485,485,479,443,457,445,443,423,417,429,450,434,414,397,413,370,389,422,409,374,399,368,366,393,403,347,351,378,341,372,346,357,341,333,336,343,360,339,312,322,330,337,311,333,301,364,324,300,335,319,301,326,296,303,339,321,299,322,319,315,311,304,292,337,306,292,321,297,295,285,308,319,343,332,322,291,333,329,324,319,342,316,314,300,357,329,348,355,345,326,327,336,341,328,381,346,371,350,362,364,335,340,351,364,335,352,364,431,348,401,364,385,435,404,432,405,413,440,382,424,454,465,513,462,485,494,525,530,521,541,549,606,617,592,654,617,645,641,735,663,758,762,774,789,798,879,951,941,946,1010,1044,1085,1199,1253,1329,1429,1474,1627,1725,1810,2116,2247,2510,2741,3039,3456,3767,4455,5099,6103,7159,8793,10604,12978,15794,17600,15785
43068,39272,32458,28907,28696,31195,33582,35102,34986,33653,30946,27645,24113,20879,18126,15215,13242,11460,10612,9551,9011,8679,8264,7919,7738,7507,7389,7164,7003,6882,6650,6885,6274,6296,5990,5987,5761,5509,5415,5111,5174,4785,4561,4522,4343,4133,3994,3840,3642,3495,3470,3314,3222,3017,2982,2893,2775,2616,2530,2432,2280,2245,2121,2103,2016,1919,1838,1854,1753,1659,1648,1540,1600,1483,1479,1467,1337,1313,1326,1212,1249,1153,1203,1149,1059,1087,1039,962,1040,992,945,883,852,879,840,893,763,748,777,713,770,722,731,672,694,764,649,695,648,664,645,607,640,585,579,588,558,551,568,556,534,501,547,504,515,527,483,453,479,476,458,447,449,421,463,421,423,417,407,442,396,437,416,386,375,414,390,354,407,391,373,406,385,374,369,364,377,403,359,360,375,339,335,372,340,343,343,350,329,326,345,336,317,358,314,320,347,299,302,353,331,290,318,288,354,305,337,296,331,341,323,322,360,321,301,325,320,361,334,337,326,315,343,335,342,316,329,348,338,318,363,377,340,332,374,373,379,352,360,331,354,360,356,368,380,386,338,397,389,398,408,425,383,427,394,444,432,452,454,442,468,429,468,483,447,455,489,502,506,520,542,606,521,566,587,636,583,659,688,667,687,705,710,739,789,818,888,857,928,953,955,1002,1064,1218,1183,1264,1289,1322,1490,1588,1761,1812,2001,2198,2377,2547,2875,3105,3473,4010,4550,5201,6113,7324,8612,10483,12455,14818,15862,13746
38198,37463,32050,27534,26722,28180,30801,32797,33757,33499,32160,29446,26521,23520,20211,17398,14965,12942,11387,10274,9446,8712,8336,7681,7565,7413,7174,7185,6903,6761,6728,6542,6359,6325,6099,5874,5501,5395,5312,5212,4798,4767,4805,4564,4344,4238,4071,3997,3627,3789,3484,3464,3276,3146,3079,2950,2835,2735,2639,2530,2384,2378,2304,2313,2129,2125,1998,1817,1897,1792,1680,1674,1623,1607,1613,1497,1475,1343,1361,1301,1305,1257,1217,1249,1199,1163,1066,992,1026,1025,988,919,980,894,883,830,890,830,833,788,783,747,743,750,753,750,715,698,681,665,647,613,646,651,607,606,598,612,598,563,591,543,536,532,565,516,526,500,493,470,522,514,466,472,454,487,456,442,429,420,408,412,435,431,410,453,425,377,445,412,393,386,420,424,405,395,390,363,389,372,408,383,387,377,390,371,365,332,354,343,347,342,346,343,326,344,328,373,347,314,312,367,347,327,335,320,336,317,337,352,353,309,312,353,350,336,335,356,367,381,350,353,384,374,362,326,379,373,327,363,365,382,364,350,378,383,361,366,362,370,354,383,364,402,381,381,409,428,361,388,453,397,414,413,488,460,459,437,453,439,460,490,488,468,486,545,487,541,558,566,582,579,601,557,588,617,615,678,678,693,698,723,754,815,848,857,887,868,916,956,1006,1064,1101,1142,1210,1388,1379,1410,1555,1613,1806,1897,2001,2225,2462,2670,3003,3129,3518,4109,4591,5337,6201,7145,8526,10143,11971,13565,14218,11922
33567,35484,31954,27213,24893,25473,27934,30403,32675,32832,32420,30782,28304,25432,22759,19808,16993,14785,12621,11191,9875,9190,8398,8036,7468,7318,6968,7066,6769,6607,6411,6316,6128,6206,5856,5748,5500,5412,5293,5255,5092,4806,4575,4520,4436,4296,4222,3969,3884,3607,3552,3501,3297,3310,3225,2961,2874,2801,2648,2569,2416,2420,2448,2288,2216,2097,1969,2072,1918,1918,1746,1686,1658,1590,1646,1575,1511,1442,1348,1325,1336,1321,1275,1230,1254,1151,1115,1076,1036,1034,997,975,995,941,927,882,911,888,870,889,836,807,766,786,779,787,757,707,696,683,683,702,645,696,659,597,611,616,567,610,613,599,574,562,549,520,529,519,540,520,518,497,497,474,499,511,508,454,469,495,446,433,446,459,418,415,448,448,406,430,450,424,456,387,397,385,413,420,363,398,372,389,386,385,394,357,385,383,408,362,395,372,367,389,382,371,348,378,348,348,375,349,359,333,334,338,357,358,354,309,338,331,372,372,350,343,390,364,366,373,352,360,358,420,391,347,384,359,343,368,329,371,406,385,362,428,385,385,348,405,397,415,427,395,415,391,384,427,394,404,425,456,436,417,468,441,465,451,471,495,490,485,522,530,551,525,527,578,527,641,579,626,609,595,672,652,692,691,737,706,722,766,821,827,791,905,920,972,967,1002,1084,1066,1153,1209,1378,1297,1440,1493,1602,1709,1914,2039,2145,2344,2528,2802,2903,3282,3749,4055,4701,5401,6180,7201,8429,9743,11210,12601,13034,10277
29146,33659,31067,27211,24475,23834,25170,27677,29947,31478,31890,31186,29397,27403,24538,21900,19223,16488,14364,12620,10814,9923,8907,8328,7712,7479,7117,6950,6746,6488,6307,6228,6216,5999,5813,5688,5537,5449,5464,5183,5061,4824,4673,4626,4454,4296,4193,3980,3692,3764,3668,3531,3397,3283,3187,2921,2893,2868,2771,2730,2576,2433,2363,2350,2249,2288,2184,1960,1958,1917,1835,1764,1749,1748,1621,1681,1607,1461,1404,1412,1398,1342,1319,1316,1288,1179,1236,1132,1118,1131,1023,1035,1045,976,992,936,867,913,874,868,868,890,818,803,792,762,757,711,737,679,757,700,660,637,685,648,641,625,593,605,599,576,538,546,583,596,530,565,569,500,532,490,555,548,512,496,475,487,522,482,484,460,483,468,483,448,466,451,459,460,434,479,417,444,427,435,462,398,436,434,417,426,416,413,365,396,389,400,365,376,383,363,358,393,398,388,369,400,397,369,361,394,380,379,368,372,367,373,342,364,366,384,339,305,377,358,378,368,368,400,365,366,394,385,385,376,377,381,344,356,392,389,394,409,397,397,385,415,452,408,409,383,426,459,453,420,450,452,442,458,424,448,442,466,512,474,506,527,494,500,500,518,516,539,531,505,597,552,594,562,584,629,663,622,645,655,691,664,745,777,752,745,834,897,857,888,886,994,999,1014,1058,1167,1189,1288,1328,1407,1421,1544,1611,1750,1834,2068,2030,2357,2630,2757,3077,3465,3868,4219,4805,5449,6121,7246,8118,9478,10737,11813,11753,8943
25291,30994,30390,27318,23895,22497,23193,25221,27765,29401,30503,31008,30032,28307,26071,23629,21101,18660,16248,14173,12234,10741,9665,8851,8337,7414,7096,7075,6669,6497,6405,6177,6060,5820,5880,5623,5547,5388,5205,5191,4871,4875,4787,4530,4450,4289,4353,4066,3823,3784,3736,3599,3518,3391,3272,3118,3021,2961,2809,2651,2667,2594,2457,2479,2336,2197,2126,2125,2042,1921,1844,1900,1760,1848,1681,1614,1565,1567,1549,1449,1382,1440,1421,1339,1273,1262,1253,1181,1176,1133,1159,1083,1060,1011,1014,1009,975,882,939,883,879,829,832,860,777,856,787,780,769,729,688,747,671,713,723,703,683,659,640,667,610,596,646,584,643,592,598,575,551,541,562,554,545,506,519,552,547,518,485,509,441,493,458,490,475,463,412,456,472,501,462,441,447,459,424,441,414,473,426,444,434,429,433,414,421,395,397,420,417,419,362,414,395,384,383,404,421,397,363,401,442,390,363,384,397,389,400,392,376,402,413,411,378,392,416,376,384,347,421,406,391,424,409,402,397,372,409,395,435,395,395,406,371,415,429,420,390,443,402,448,424,406,416,447,454,487,455,439,458,438,447,480,496,458,514,521,445,517,519,467,547,570,544,530,599,566,568,575,607,617,635,647,623,678,673,700,737,733,741,756,802,800,843,852,964,954,954,998,1061,1135,1182,1203,1177,1276,1358,1428,1522,1648,1728,1818,2026,2003,2327,2377,2610,2875,3129,3496,3814,4287,4775,5305,6185,7161,7998,9011,10096,10982,10518,7869
21703,28351,29057,26870,24172,21893,21699,22965,25059,27473,29244,30101,29995,29091,27472,25421,23120,20589,18360,15753,13754,11982,10672,9700,8685,8054,7409,6990,6757,6502,6355,6132,6001,5798,5663,5661,5474,5341,5312,5170,4974,4820,4558,4653,4529,4389,4211,4078,3963,4020,3761,3470,3507,3304,3277,3221,3016,2885,2791,2813,2679,2592,2573,2417,2479,2358,2235,2238,2117,2000,1949,1887,1722,1804,1668,1684,1710,1608,1622,1547,1423,1428,1438,1364,1333,1296,1309,1210,1188,1173,1156,1062,1072,1039,984,1076,1006,958,967,1014,969,916,874,878,874,896,767,786,802,724,747,787,728,722,703,707,662,679,713,680,675,642,661,647,619,609,604,571,567,613,570,577,594,562,538,545,498,522,537,527,489,510,510,492,487,443,501,492,434,474,456,449,477,483,440,450,474,482,437,457,441,434,402,407,426,384,428,402,410,480,432,421,409,370,421,393,406,388,417,406,417,383,390,405,384,367,443,422,392,413,407,394,389,440,372,394,387,375,398,395,424,393,415,419,417,412,391,434,419,411,382,394,443,430,439,443,431,425,437,444,467,414,406,437,449,471,440,490,520,497,486,501,491,515,526,505,518,556,522,540,594,574,627,570,572,610,631,606,612,665,663,648,699,664,733,726,728,733,797,752,804,827,880,913,968,935,1007,1050,1099,1168,1223,1130,1290,1278,1389,1467,1496,1663,1756,1871,1962,2174,2280,2550,2697,3010,3273,3391,3927,4314,4853,5455,5920,6899,7733,8561,9540,9921,9573,6997
18466,25914,28074,26661,24052,21572,20732,21246,22867,25210,27399,28585,29589,29121,28160,26497,24598,22084,19928,17540,15488,13633,11729,10558,9339,8521,7906,7379,7015,6659,6555,6187,6022,5942,5716,5566,5475,5363,5301,5161,4874,4872,4667,4658,4538,4313,4273,4151,4032,3758,3703,3646,3533,3321,3350,3257,3038,2974,2925,2869,2753,2662,2570,2459,2464,2400,2338,2158,2146,2056,2027,2031,1942,1921,1808,1790,1641,1608,1586,1623,1457,1524,1478,1398,1370,1293,1256,1290,1296,1311,1215,1170,1077,1046,1113,1003,1044,1067,988,964,973,922,948,909,837,857,889,868,777,826,845,764,702,760,756,749,655,676,718,708,670,694,671,652,658,622,594,668,635,608,632,558,606,594,614,542,546,562,513,535,515,529,517,509,525,489,504,484,488,519,440,484,437,477,495,452,461,455,448,480,425,448,429,433,425,461,438,413,455,433,408,434,441,457,400,418,416,389,396,416,403,395,402,450,425,440,386,419,400,396,428,411,402,420,395,438,396,430,416,401,427,429,429,418,421,418,440,461,415,427,428,436,408,444,415,447,441,431,459,408,461,451,460,482,448,421,496,449,491,480,496,487,511,528,531,506,546,546,547,576,549,595,622,619,572,583,555,619,647,669,702,678,706,703,719,771,768,757,829,824,856,867,894,893,960,981,1016,1054,1057,1108,1175,1235,1288,1435,1429,1590,1597,1660,1773,1913,2010,2205,2374,2513,2752,2924,3221,3601,3897,4201,4772,5205,6099,6694,7416,8407,8865,9386,8681,6280
15897,23293,26666,26342,23998,21572,19839,19866,20925,23068,25079,27321,28599,28677,28345,26761,25443,23831,21553,19388,17171,15307,13447,11689,10273,9211,8583,7646,7136,6875,6598,6309,6192,5842,5676,5567,5584,5301,5193,5127,5020,4931,4750,4521,4573,4433,4314,4186,4091,3889,3814,3659,3610,3408,3376,3317,3279,3021,2999,2854,2829,2731,2640,2461,2474,2392,2372,2323,2144,2107,2024,2090,1910,1876,1815,1761,1794,1710,1655,1605,1645,1492,1511,1503,1400,1393,1327,1373,1280,1243,1312,1161,1187,1174,1143,1105,1078,1002,998,1057,982,999,972,956,900,900,881,860,827,850,880,794,803,751,772,744,699,702,723,689,748,661,685,668,706,660,648,635,618,602,579,668,631,573,572,613,576,584,548,533,554,552,519,497,520,473,484,497,516,510,486,480,501,489,503,494,516,456,499,457,416,457,441,486,413,398,416,486,442,442,446,402,416,435,431,439,439,445,439,433,442,431,419,432,423,407,401,414,425,402,463,420,418,429,470,408,414,413,442,454,457,412,454,423,458,463,429,406,434,443,427,490,478,388,475,449,466,430,463,431,481,466,485,450,485,497,469,499,515,530,485,486,511,515,554,552,569,584,542,589,543,605,627,632,623,643,641,613,644,657,658,712,735,778,747,809,767,784,837,849,818,874,944,999,1030,985,1058,1066,1172,1154,1216,1323,1327,1391,1424,1521,1694,1653,1826,1953,2106,2148,2380,2593,2761,2984,3232,3467,3925,4198,4693,5384,5738,6470,7124,7970,8477,8513,8037,5552
13339,20883,24900,25525,23816,21757,19707,19291,19516,20962,23029,24998,26654,27864,27830,27463,26674,24922,23083,21133,18904,16729,14966,13332,11616,10140,9134,8461,7687,7108,6669,6508,6235,5907,5682,5595,5416,5277,5287,5155,5012,4834,4827,4642,4449,4458,4328,4054,3901,3992,3863,3756,3614,3595,3406,3413,3275,3114,3061,2912,2903,2754,2711,2656,2534,2509,2350,2363,2359,2189,2090,2166,2077,1901,1882,1835,1750,1679,1704,1785,1539,1537,1517,1445,1481,1381,1423,1228,1301,1228,1286,1258,1258,1141,1152,1100,1111,1107,1087,987,1035,980,931,925,936,955,944,867,900,886,836,819,784,822,778,754,757,719,727,753,723,672,711,679,692,654,652,661,654,662,624,619,629,641,592,613,560,570,536,568,556,573,492,570,499,496,498,545,510,515,498,486,498,499,484,527,489,514,527,508,507,500,486,484,481,449,511,464,483,463,460,444,444,417,440,467,436,419,434,441,465,408,400,411,461,432,413,453,400,447,432,498,466,427,445,458,426,491,433,459,458,446,447,428,427,423,427,482,471,440,445,460,430,455,506,459,461,500,489,465,503,492,469,492,473,463,516,500,521,550,476,518,553,590,567,573,571,600,583,552,606,628,616,652,657,662,632,701,695,671,712,694,716,756,795,817,813,772,817,831,878,1017,977,909,996,1053,1090,1157,1196,1193,1320,1325,1369,1440,1532,1584,1643,1753,1823,1964,2109,2252,2315,2617,2738,3035,3338,3560,3896,4218,4752,5139,5653,6175,6919,7430,8030,7969,7164,4965
10773,18304,23273,24832,23854,22156,20105,18727,18635,19405,21228,23012,24845,26510,27468,27574,26842,25455,24685,22154,20573,18384,16507,14416,12831,11346,10279,9013,8278,7621,7006,6638,6368,6188,5881,5605,5381,5235,5185,5023,4965,4819,4781,4677,4568,4320,4254,4238,4057,3987,3778,3801,3656,3530,3519,3250,3268,3138,2967,2976,2923,2850,2673,2708,2568,2499,2479,2285,2341,2366,2146,2090,2050,2028,1887,1887,1782,1677,1717,1745,1696,1590,1582,1474,1524,1474,1472,1437,1354,1308,1266,1251,1306,1219,1184,1165,1091,1154,1080,1076,1021,1059,959,1016,966,986,883,923,886,908,899,884,843,802,849,804,733,763,746,663,742,696,795,709,673,728,641,614,647,687,652,646,692,604,614,652,611,587,580,498,571,577,586,566,507,505,506,518,554,529,582,527,501,528,505,515,499,478,481,503,509,507,483,465,481,486,489,522,458,425,476,455,491,468,474,456,461,465,472,430,475,444,419,438,441,446,481,462,449,447,449,417,444,453,427,419,435,431,474,516,475,461,447,439,472,467,470,463,477,543,483,447,473,441,469,502,459,488,490,498,520,516,494,505,491,535,538,482,528,498,528,574,569,499,603,591,576,598,567,597,636,636,615,651,663,590,615,694,692,657,690,718,743,775,795,784,794,881,861,896,958,924,933,1030,1066,1091,1182,1178,1274,1247,1334,1348,1326,1456,1553,1605,1720,1794,1821,2072,2106,2329,2516,2565,2751,3069,3373,3600,3886,4137,4677,5071,5482,6069,6612,7118,7405,7377,6593,4506
9151,16334,21270,23419,23447,21814,20168,18540,17712,18137,19552,21295,23361,24880,26050,26805,26943,26100,25010,23479,22041,20084,18043,16070,14308,12968,11330,10019,8960,8123,7620,6870,6531,6310,6090,5795,5567,5362,5244,5105,4876,4819,4734,4716,4419,4471,4422,4233,3962,3968,3785,3794,3647,3564,3666,3432,3317,3236,3092,2905,2892,2863,2807,2720,2545,2575,2488,2377,2380,2283,2201,2182,2144,2014,1960,1934,1895,1882,1754,1746,1672,1646,1590,1617,1544,1480,1433,1489,1387,1356,1367,1249,1300,1240,1222,1194,1127,1091,1109,1087,1077,1013,1111,993,1024,970,929,918,948,927,931,930,838,886,801,864,866,800,788,761,721,701,773,700,681,682,739,668,723,658,713,666,678,642,616,617,659,593,660,614,589,574,603,566,576,536,533,576,584,530,544,543,504,469,494,511,521,491,513,479,497,471,513,491,503,498,497,503,484,511,463,497,463,482,479,463,495,500,480,467,476,481,441,444,443,451,443,447,464,458,466,434,466,496,466,428,458,450,429,445,470,471,454,449,512,451,481,493,449,474,458,482,482,488,480,501,472,485,481,513,524,488,480,519,529,517,514,568,526,541,531,544,602,547,528,588,612,602,588,617,666,621,611,637,657,662,705,679,712,756,775,763,828,831,800,844,784,916,929,965,918,945,1015,1010,1070,1060,1085,1201,1140,1272,1315,1420,1374,1457,1590,1679,1774,1815,1896,2071,2130,2302,2361,2553,2843,3043,3246,3516,3824,4175,4486,5016,5515,5913,6404,6776,6886,6781,5988,4218
7513,13984,19340,21851,22638,22408,20146,18705,17579,17408,18355,19649,21401,23664,24801,25795,26446,26452,25349,24656,22766,21326,19329,17786,15869,13979,12423,11070,9950,8918,8047,7407,6850,6550,6179,5843,5619,5500,5273,5143,5072,4934,4808,4613,4570,4502,4411,4160,4213,3969,3987,3851,3646,3625,3477,3382,3273,3284,3242,3104,2943,2843,2924,2783,2715,2566,2525,2411,2505,2326,2260,2132,2083,2054,2028,1978,1892,1907,1813,1785,1716,1642,1665,1535,1507,1462,1496,1481,1333,1332,1257,1354,1328,1226,1236,1279,1171,1138,1158,1139,1034,1085,1025,1004,982,943,947,981,949,906,897,873,886,882,840,871,833,836,744,831,795,746,727,775,713,708,736,713,721,708,681,672,609,694,637,642,631,650,610,626,565,595,632,561,593,580,556,583,544,573,539,564,518,544,533,528,540,520,515,547,527,540,504,502,457,521,468,469,485,474,495,495,464,515,448,491,492,491,477,474,454,483,475,477,477,465,471,466,474,494,437,459,465,455,499,466,520,466,491,487,491,453,452,480,425,445,503,481,477,499,471,503,542,458,496,480,495,485,520,536,512,498,515,516,562,544,546,574,536,562,578,550,563,598,612,580,622,579,647,655,645,649,697,667,685,713,708,738,733,748,745,754,774,828,804,818,884,861,921,938,1012,982,1057,1099,1036,1151,1132,1224,1240,1291,1305,1375,1462,1523,1630,1698,1778,1811,2019,2045,2136,2300,2443,2665,2826,2968,3365,3610,3784,4007,4558,4841,5273,5696,6168,6511,6574,6325,5504,3664
6292,12249,17126,20782,21858,21659,20502,18604,17313,17021,17084,18130,19662,21472,23623,25042,25580,25963,25425,24972,23736,22215,20955,18878,17415,15526,13822,12611,11048,9917,8887,7949,7399,6715,6498,6029,5821,5675,5420,5189,5119,5021,4787,4653,4558,4484,4281,4332,4133,4104,4077,3780,3571,3704,3692,3406,3449,3233,3264,3163,3012,3119,2912,2745,2670,2642,2635,2545,2390,2372,2211,2279,2154,2114,2069,1946,1972,1886,1862,1889,1777,1656,1653,1709,1564,1521,1560,1457,1419,1445,1366,1395,1304,1262,1351,1253,1166,1225,1138,1204,1133,1067,1029,1047,1012,978,985,941,964,984,910,907,897,856,889,857,874,891,771,748,803,785,776,697,717,757,754,675,742,682,689,719,649,613,659,671,685,635,633,589,640,624,570,578,595,606,573,572,544,611,524,599,522,568,512,561,544,536,514,507,533,506,528,535,489,473,508,529,558,504,526,500,527,510,519,470,466,534,472,509,445,485,495,466,502,472,496,480,454,488,513,480,459,517,460,482,468,513,448,447,529,507,458,446,517,482,482,526,491,543,515,468,453,505,483,461,535,538,523,471,490,556,496,557,523,490,542,612,533,563,585,630,579,589,599,609,619,657,667,632,650,696,639,688,663,677,705,739,748,775,770,791,759,788,840,876,881,878,924,924,933,987,941,1025,1138,1133,1178,1232,1296,1348,1306,1411,1544,1600,1569,1705,1766,1843,1947,2070,2157,2418,2514,2598,2833,3033,3227,3484,3805,4147,4338,4819,5159,5616,5879,6152,6152,6057,4974,3334
5151,10606,15649,19325,21153,21263,20454,18904,17526,16798,16439,16834,18211,19945,21664,23271,24407,25067,25435,25585,24318,23388,21799,20336,18492,16805,15241,13526,12157,10883,9707,8718,7949,7293,6800,6359,6054,5692,5536,5383,5206,5055,4930,4768,4675,4454,4438,4258,4304,4066,3935,4005,3790,3659,3586,3567,3501,3256,3249,3150,3143,2972,2865,2886,2764,2737,2705,2541,2419,2378,2372,2273,2199,2184,2016,2025,1963,1929,1899,1861,1821,1763,1658,1639,1660,1671,1547,1448,1479,1428,1398,1359,1390,1293,1252,1246,1290,1251,1214,1150,1192,1139,1084,1071,1035,1044,941,1002,981,948,999,895,942,884,902,876,842,887,768,872,807,760,827,764,739,774,729,686,731,738,611,733,701,680,715,666,704,661,634,663,650,587,625,590,598,642,581,614,584,585,569,571,604,544,540,553,493,607,564,526,539,559,512,515,495,550,504,522,502,484,500,507,513,531,545,557,480,495,498,502,476,489,503,518,489,471,503,527,489,494,468,487,468,499,477,505,481,446,511,479,503,465,501,497,495,514,495,500,481,490,528,487,532,459,496,522,501,531,530,543,544,527,530,562,534,540,559,606,566,628,562,573,581,648,596,667,642,641,642,610,674,660,693,699,667,689,690,748,742,782,832,743,797,860,769,844,929,950,985,907,1020,1014,1044,1075,1154,1125,1244,1216,1268,1379,1331,1424,1537,1578,1663,1686,1750,1887,2016,2038,2233,2373,2486,2709,2831,2946,3206,3529,3798,3941,4255,4619,5050,5425,5502,5801,5808,5336,4751,3057
4191,9047,13806,17616,19927,20945,20427,19339,17704,16268,15959,16131,17107,18315,20107,21569,23232,24233,25012,25109,24972,23708,22828,21337,19763,18248,16548,14678,13467,11950,10883,9609,8658,7893,7346,6643,6284,5937,5626,5468,5202,4936,4984,4733,4689,4522,4484,4423,4145,4138,3964,3796,3823,3741,3666,3507,3547,3301,3348,3258,3128,3061,2927,2840,2851,2695,2659,2661,2528,2505,2464,2226,2217,2195,2146,2120,2084,1942,1923,1837,1898,1775,1775,1692,1690,1629,1577,1551,1564,1463,1517,1364,1453,1397,1337,1221,1258,1252,1248,1228,1169,1181,1082,1130,1036,1089,1067,1038,983,953,924,932,926,957,913,932,869,820,866,825,832,836,776,789,781,753,771,752,756,730,692,709,702,718,672,666,671,687,676,684,676,652,644,612,613,593,592,593,606,570,566,584,567,574,603,556,562,610,552,528,504,596,534,570,520,534,516,508,537,507,511,522,507,551,523,505,526,479,519,545,532,538,542,477,484,515,511,536,494,482,511,523,478,521,497,492,488,505,465,549,517,497,529,542,474,495,548,539,536,482,514,488,509,535,546,533,529,527,545,547,520,502,613,541,583,562,580,600,620,612,577,599,637,635,656,603,656,608,690,625,670,632,708,725,688,716,730,765,784,808,777,816,851,805,834,902,881,912,941,962,992,1034,1097,1071,1088,1223,1193,1238,1326,1315,1397,1392,1456,1617,1652,1719,1798,1858,2031,2095,2175,2425,2482,2647,2830,2969,3247,3486,3705,3991,4257,4484,4867,5036,5454,5419,5520,5134,4252,2823
3367,7582,12237,16035,18807,20036,20122,19332,17903,16659,15771,15529,15898,17204,18599,20194,21702,23143,24069,24312,24311,24148,23485,22269,21079,19252,17981,16366,14702,13188,11939,10632,9609,8802,7761,7233,6677,6242,5977,5528,5277,5154,5037,4851,4799,4620,4519,4484,4306,4209,4066,3976,3914,3673,3674,3622,3576,3366,3391,3175,3135,3059,3079,2939,2828,2689,2798,2684,2604,2568,2477,2341,2329,2267,2055,2163,2038,2036,1954,1929,1817,1800,1792,1819,1666,1717,1669,1569,1586,1486,1448,1429,1392,1370,1333,1390,1261,1267,1290,1257,1264,1147,1166,1107,1102,1084,1074,995,1018,1045,932,915,964,957,971,889,850,895,885,846,885,808,850,776,775,831,818,771,781,752,761,744,706,752,712,699,686,667,688,731,704,676,634,647,625,603,623,574,648,607,595,601,551,564,586,564,599,584,545,564,580,575,617,514,548,487,547,530,522,552,559,569,530,497,534,486,545,498,496,539,489,501,496,519,548,521,508,507,500,508,532,490,488,520,558,514,501,517,517,563,514,514,534,533,535,507,528,506,545,526,487,497,560,534,538,533,516,563,568,562,536,545,586,586,532,611,622,559,610,603,621,609,599,620,649,648,629,709,649,730,664,711,749,713,692,727,735,691,743,778,796,787,836,848,851,894,889,964,950,1031,1005,1078,1105,1057,1129,1151,1204,1293,1272,1400,1433,1523,1570,1620,1625,1695,1793,1896,2074,2131,2069,2326,2443,2643,2692,3001,3122,3492,3695,3832,4113,4361,4488,4875,5133,5250,5019,4866,3988,2520
2860,6454,10520,14541,17500,19220,20038,19094,18376,16808,15894,15524,15138,16011,17085,18827,20242,21715,22916,23802,24240,24427,23593,22901,21729,20340,19207,17519,15971,14492,12854,11588,10518,9297,8862,7748,7007,6789,6135,5742,5561,5237,5031,4988,4715,4740,4588,4431,4366,4220,4095,3942,3883,3956,3771,3634,3585,3422,3443,3285,3257,3102,3046,3042,2932,2744,2736,2648,2623,2558,2479,2470,2357,2242,2234,2191,2170,2023,2055,2003,1886,1849,1836,1746,1704,1627,1679,1690,1616,1596,1519,1479,1424,1359,1365,1295,1279,1212,1336,1244,1226,1172,1171,1167,1135,1061,1076,1076,1041,1012,996,988,960,959,924,912,920,912,864,866,892,840,811,841,806,765,793,769,756,752,738,817,746,725,751,682,695,677,733,643,635,654,666,671,656,626,667,626,636,598,621,600,610,650,601,588,628,577,612,596,567,574,598,595,516,544,543,542,530,548,548,547,511,499,529,532,507,472,522,516,538,535,532,545,522,538,504,496,558,505,531,556,514,564,477,473,541,541,512,504,511,572,510,526,557,569,518,549,528,551,567,539,550,559,484,557,534,556,551,584,576,579,558,610,605,594,643,642,597,645,601,653,537,656,670,661,629,636,665,690,750,707,724,756,725,721,788,783,757,793,763,813,862,835,890,899,920,931,956,957,1045,1027,1105,1055,1170,1210,1262,1290,1343,1298,1457,1401,1565,1555,1650,1678,1832,1891,1989,2111,2161,2262,2486,2610,2853,2906,3152,3270,3580,3793,4070,4315,4549,4704,4868,4926,4831,4499,3657,2441
2271,5458,9238,13015,16314,18173,19326,19159,18254,17051,16105,14953,14735,15129,15856,17242,18910,20449,21741,23049,23623,23582,23895,23147,22637,21347,19997,18457,17128,15709,14207,12680,11652,10405,9342,8412,7817,7114,6592,6217,5763,5472,5150,4999,4879,4643,4544,4487,4412,4304,4224,4140,3999,3807,3849,3647,3583,3539,3403,3275,3321,3205,3131,3010,2956,2949,2756,2695,2647,2618,2527,2386,2485,2344,2269,2281,2135,2111,2106,2020,1844,1932,1830,1821,1783,1725,1680,1682,1571,1545,1501,1497,1515,1409,1418,1311,1320,1381,1258,1289,1265,1238,1154,1210,1134,1089,1133,1117,1038,1059,1070,973,983,991,1010,958,959,932,889,874,841,939,811,825,833,810,849,806,792,811,738,735,766,697,740,723,696,683,701,692,685,700,654,688,637,662,627,656,628,632,639,610,655,622,605,620,581,585,597,565,613,581,587,589,571,591,564,563,576,506,579,519,542,541,536,525,555,527,542,494,539,555,531,543,539,530,554,546,537,508,529,562,550,517,540,531,525,524,561,519,493,566,536,573,563,551,559,590,500,590,546,522,499,514,566,538,561,553,559,582,560,586,586,634,589,609,605,591,602,615,675,669,636,613,660,612,666,655,726,689,735,746,768,747,780,775,729,753,753,783,870,840,863,903,879,954,953,989,951,998,1051,1095,1071,1123,1099,1136,1258,1261,1320,1370,1400,1533,1580,1595,1633,1711,1831,1940,1989,2055,2174,2273,2521,2648,2778,2969,3172,3326,3481,3745,4048,4146,4390,4543,4632,4647,4546,4210,3431,2137
1814,4572,8056,11537,14785,17045,18506,18669,18138,17181,16142,15129,14436,14499,15007,16145,17452,18914,20826,21709,22893,23449,23843,23267,23152,22139,20993,19570,18229,17073,15486,13911,12601,11324,10299,9410,8360,7696,6865,6549,6111,5760,5436,5139,4977,4799,4787,4564,4532,4330,4241,4009,4003,3846,3939,3685,3695,3542,3417,3394,3282,3253,3217,3026,3012,2779,2745,2725,2724,2580,2576,2492,2434,2418,2285,2211,2212,2131,2099,2029,2033,1978,1958,1910,1792,1770,1752,1644,1708,1581,1577,1579,1482,1512,1389,1439,1318,1302,1309,1341,1280,1293,1230,1174,1262,1140,1146,1132,1067,1051,1028,999,1056,984,1005,965,977,926,948,935,917,897,908,880,889,777,860,766,851,761,763,770,738,743,772,753,698,723,716,690,719,709,681,710,670,698,625,683,641,667,612,606,627,632,641,612,628,608,580,625,618,579,566,569,606,607,528,541,558,544,552,534,583,580,587,521,566,541,545,550,551,561,564,521,537,555,564,522,524,500,547,552,539,544,543,540,516,524,511,564,544,506,532,593,553,535,554,592,559,548,576,577,573,567,572,588,560,590,540,579,572,579,586,629,579,571,631,579,644,622,596,655,681,631,669,646,680,701,664,714,712,733,699,765,743,775,765,795,849,921,917,825,811,899,929,954,960,1022,968,992,1045,1124,1083,1083,1248,1157,1216,1272,1261,1381,1507,1501,1533,1617,1634,1760,1853,1933,1985,2024,2292,2325,2430,2446,2677,2945,3081,3309,3320,3632,3819,3948,4202,4265,4496,4411,4215,3834,3224,2032
1414,3750,6916,10279,13406,16055,17810,18613,18361,17467,16496,15180,14745,14155,14513,14966,16248,17726,18994,20579,21665,22545,23146,23198,22804,22420,21752,20533,19269,17894,16681,15010,13861,12546,11205,10328,9116,8235,7599,6993,6521,6074,5659,5450,5040,5020,4852,4592,4442,4407,4336,4135,4002,3843,3980,3822,3610,3647,3437,3463,3308,3227,3177,3091,3012,2894,2882,2838,2767,2640,2559,2514,2420,2416,2359,2371,2109,2199,2114,1967,1997,1961,1917,1857,1918,1798,1655,1735,1594,1684,1645,1590,1527,1529,1443,1341,1419,1368,1315,1304,1272,1311,1231,1215,1223,1163,1162,1106,1130,1090,1142,1022,1041,1039,998,971,1003,965,945,972,938,900,888,820,828,890,779,823,808,801,766,826,719,768,756,793,716,717,758,714,709,713,672,706,744,685,699,685,686,657,652,620,642,619,594,634,634,623,626,585,613,614,549,607,596,576,638,633,591,574,625,565,577,573,545,566,560,557,596,519,581,506,552,560,526,558,549,568,572,530,551,562,531,552,563,525,537,524,543,517,553,538,548,543,525,565,514,583,617,577,570,559,543,599,544,552,560,578,553,583,597,646,607,596,605,581,654,665,617,634,639,636,632,698,671,678,699,712,732,742,691,741,696,694,786,792,818,791,838,843,857,850,893,934,954,954,920,1002,1054,1034,1068,1127,1119,1192,1188,1192,1290,1224,1393,1316,1402,1459,1525,1517,1673,1749,1813,1918,2032,2103,2186,2364,2457,2572,2692,2847,3129,3185,3357,3494,3698,3924,3984,4333,4270,4259,4043,3601,3022,1855
1260,3211,5861,9042,12036,14754,16566,17787,17917,17557,16830,15700,14708,14157,14066,14338,15277,16536,17534,19372,20386,22026,22498,22863,22912,22723,22198,21000,20118,19138,17546,16386,14936,13406,12171,11146,9896,9081,8321,7578,6857,6462,5994,5648,5403,5064,4879,4780,4503,4507,4406,4160,4153,4048,3902,3845,3763,3639,3569,3339,3395,3259,3172,3158,3121,2898,2912,2772,2765,2823,2570,2582,2487,2431,2307,2298,2208,2151,2164,2100,2075,2013,1999,1953,1792,1856,1862,1687,1657,1709,1588,1687,1536,1506,1523,1492,1470,1421,1316,1345,1267,1279,1298,1251,1205,1194,1142,1114,1088,1122,1077,1081,994,1026,1027,1046,965,955,900,958,914,886,927,886,907,874,821,880,811,805,843,759,793,780,780,760,719,770,820,701,731,745,726,746,696,734,712,684,712,660,641,605,656,673,684,626,641,652,619,617,572,616,575,566,574,613,622,630,598,553,559,592,604,616,559,560,604,591,581,567,600,590,573,614,606,532,573,594,538,581,548,539,580,539,557,567,506,529,542,562,588,564,571,527,564,534,532,556,559,594,609,590,545,598,568,592,613,585,619,578,596,614,613,590,635,652,657,620,650,691,622,668,662,660,690,672,693,702,682,678,741,754,793,821,781,823,796,778,837,881,817,884,859,932,971,968,962,984,1003,1070,1102,1116,1114,1183,1232,1236,1249,1370,1343,1407,1424,1471,1559,1618,1642,1701,1729,1853,2023,2128,2238,2322,2389,2535,2705,2790,3018,3066,3167,3434,3578,3737,4032,3957,4035,3922,3766,3475,2766,1754
919,2609,5013,7795,10839,13670,15587,17066,17561,17289,16942,16105,14612,14085,13541,13931,14319,15287,16527,17959,19568,20518,21831,22139,22656,22848,22414,21433,21065,19903,18660,17238,15977,14822,13459,12072,11065,9961,9062,8178,7534,6715,6354,5984,5612,5419,5089,4911,4782,4523,4385,4336,4215,4098,4003,3900,3817,3583,3639,3535,3458,3379,3197,3201,3015,3073,2993,2812,2712,2755,2693,2640,2510,2424,2441,2423,2270,2239,2220,2167,2072,2012,2008,1978,1960,1900,1732,1809,1783,1743,1624,1531,1567,1628,1508,1519,1384,1498,1380,1412,1332,1332,1253,1216,1276,1226,1133,1157,1129,1099,1113,1108,1088,1016,1074,1041,1002,1010,953,954,962,956,905,961,920,906,902,899,866,812,833,838,770,780,738,778,737,747,749,711,753,793,687,701,698,688,716,644,640,675,685,655,607,665,617,642,599,627,594,623,714,631,574,595,633,583,597,634,593,649,615,555,565,541,564,599,558,581,564,573,562,549,566,599,624,559,540,532,520,553,527,586,569,549,556,552,538,514,587,547,566,574,559,571,540,573,579,589,584,565,587,573,610,563,586,583,560,586,572,618,625,669,603,604,624,608,653,656,647,628,690,686,651,698,691,658,684,709,738,708,738,745,682,778,758,812,814,833,821,814,835,936,881,939,1002,939,919,989,1015,1062,1067,1109,1133,1151,1192,1278,1324,1302,1389,1397,1462,1468,1570,1642,1650,1717,1744,1916,1941,2085,2177,2366,2413,2474,2615,2854,2824,3147,3188,3332,3600,3647,3841,3901,3853,3878,3530,3275,2602,1599
741,2192,4234,6878,9509,12176,14534,16067,16982,17340,16954,16134,15246,14277,13599,13472,13856,14321,15331,16568,18052,19360,20511,21511,22594,22262,22385,22059,21449,20591,19514,18574,16846,15745,14439,13320,11786,10812,9969,8931,8039,7189,6922,6258,6024,5657,5311,4979,4880,4675,4494,4404,4180,4127,4056,4062,3861,3738,3755,3635,3497,3433,3245,3257,3269,3058,2984,2906,2861,2747,2671,2810,2559,2568,2425,2430,2436,2244,2253,2149,2083,2015,1988,1973,1916,1859,1857,1838,1773,1759,1632,1644,1559,1548,1540,1526,1472,1373,1439,1422,1378,1322,1291,1239,1263,1290,1215,1220,1142,1096,1124,1128,1145,1063,1000,1011,1021,1074,1013,925,994,947,912,921,922,946,921,914,847,858,860,835,799,864,814,856,785,814,732,738,657,751,764,723,714,732,713,734,711,658,666,667,660,669,704,688,616,651,611,614,621,634,626,635,616,641,612,630,612,635,600,575,645,649,586,592,609,596,561,606,604,597,600,562,636,590,570,579,538,545,574,553,559,552,585,583,579,593,532,611,561,596,540,573,575,529,543,584,583,600,589,585,625,561,583,621,620,584,615,628,604,594,617,610,637,631,643,651,632,641,695,692,691,646,661,762,646,734,725,767,690,729,787,739,769,866,846,813,824,891,872,914,916,920,898,1015,986,1047,1008,1031,1171,1121,1166,1172,1227,1251,1303,1281,1376,1466,1469,1446,1582,1601,1570,1713,1896,1898,1951,1970,2181,2239,2373,2551,2676,2827,2826,3025,3148,3273,3374,3585,3606,3627,3692,3594,3316,2890,2380,1502
586,1753,3513,5966,8573,11107,13414,15410,16684,17012,16696,15939,15474,14172,13706,13221,13411,13665,14507,15534,16774,18116,19374,20440,21260,21856,21937,21979,21863,21216,20314,19074,18195,16859,15381,14560,12854,11722,10753,9913,8894,8142,7284,6903,6242,5932,5459,5323,4980,4726,4663,4466,4321,4262,4101,4060,3929,3837,3730,3658,3532,3355,3330,3234,3145,3131,3072,3022,2959,2791,2708,2785,2597,2476,2568,2454,2419,2373,2215,2184,2190,2185,1980,2042,1940,1957,1798,1831,1844,1831,1657,1705,1622,1572,1502,1514,1476,1501,1363,1440,1389,1310,1322,1249,1283,1266,1245,1257,1215,1171,1122,1180,1102,1131,1075,1072,1005,1048,1016,980,973,892,960,924,935,935,931,892,832,855,837,881,883,849,819,833,808,767,828,748,741,741,744,743,755,750,758,698,710,724,739,703,648,675,601,688,669,670,675,622,591,673,655,631,578,612,599,585,655,638,631,600,591,612,619,582,577,631,627,572,578,573,576,615,595,614,626,521,585,581,587,594,595,603,541,578,598,580,576,574,577,582,573,592,599,599,558,612,603,572,574,599,596,591,578,641,566,617,629,629,604,600,679,647,680,666,651,636,662,674,683,648,679,722,702,699,733,722,763,782,767,783,777,819,833,795,813,865,901,900,886,901,986,972,975,971,982,1028,1035,1058,1102,1135,1235,1177,1314,1285,1266,1318,1326,1484,1406,1497,1553,1588,1706,1735,1852,1864,1928,2037,2209,2250,2276,2472,2611,2688,2855,2913,3151,3222,3348,3340,3500,3468,3492,3267,3201,2874,2265,1406
494,1419,3001,5178,7423,10046,12307,14305,15800,16270,16627,16250,15665,14580,13903,13260,12860,12978,13687,14560,15907,17103,18115,19659,20162,21356,21662,21803,21742,21259,20899,19747,18788,17655,16407,15437,14263,12947,11767,10672,9729,8898,8148,7339,6865,6230,5819,5503,5378,5028,4862,4628,4584,4318,4167,3979,3973,3878,3819,3742,3581,3492,3456,3310,3279,3080,3128,3033,2900,2873,2930,2741,2610,2744,2563,2517,2393,2301,2289,2292,2207,2172,2106,2058,1926,1956,1976,1935,1835,1838,1888,1642,1600,1642,1608,1533,1473,1555,1459,1404,1399,1380,1384,1343,1317,1228,1236,1258,1207,1197,1165,1127,1120,1121,1120,1114,1062,1024,1043,997,993,973,944,914,923,956,944,902,902,920,843,860,826,817,820,862,784,808,779,818,732,735,724,750,779,754,702,686,736,714,695,688,680,707,664,682,643,632,687,666,717,651,660,598,681,616,665,615,624,591,631,639,621,618,617,602,579,591,599,633,573,583,581,562,564,580,573,593,635,613,603,601,586,571,534,563,569,581,583,565,585,582,607,599,566,575,585,589,593,623,535,589,603,573,611,593,584,584,604,626,612,660,619,639,643,642,628,675,709,694,681,713,739,690,681,739,750,735,712,718,799,748,842,785,838,788,765,845,871,883,907,939,983,937,989,977,1019,1033,1002,1081,1039,1150,1212,1170,1253,1210,1280,1341,1360,1379,1499,1530,1545,1570,1640,1704,1864,1887,1939,1979,2140,2263,2285,2471,2540,2675,2619,2825,3009,3113,3171,3376,3358,3436,3311,3186,3121,2704,2208,1300
320,1150,2516,4428,6589,9020,11373,13266,14993,15850,16312,16179,15714,14899,13845,13432,12835,12719,12988,13961,14692,16043,17123,18352,19540,20231,21368,21668,21519,21152,20888,20249,19503,18405,17351,16384,15087,13842,12574,11551,10735,9696,8866,7922,7334,6766,6148,5798,5402,5293,4923,4761,4577,4531,4270,4174,4156,4050,3975,3783,3708,3613,3482,3349,3400,3211,3233,2991,2968,2900,2839,2819,2742,2598,2594,2567,2563,2497,2407,2305,2210,2252,2143,2096,2111,1922,1921,1919,1869,1885,1777,1718,1690,1669,1633,1574,1527,1513,1506,1440,1418,1443,1432,1310,1317,1359,1253,1255,1202,1226,1164,1143,1142,1133,1084,1142,1045,1079,1029,992,1050,973,953,992,925,864,920,911,882,858,878,880,817,874,793,825,848,813,827,810,808,780,773,795,732,768,723,760,711,670,751,743,703,680,688,651,687,682,699,726,652,664,670,655,647,649,656,619,634,649,673,661,607,651,593,608,624,595,579,590,604,618,575,624,604,561,603,574,599,572,608,565,569,583,587,567,624,587,577,616,570,574,597,583,545,557,643,592,593,561,625,606,598,614,601,627,647,645,700,642,648,636,617,636,647,676,617,698,711,649,705,681,714,703,699,718,755,741,760,747,787,763,808,860,847,815,838,870,845,888,911,946,892,1005,1002,952,1026,994,1061,1039,1070,1166,1173,1192,1199,1263,1262,1345,1369,1428,1437,1535,1606,1635,1714,1711,1851,1897,1953,2029,2120,2163,2349,2447,2437,2692,2737,2808,2897,2948,3063,3179,3143,3182,3085,3148,2834,2547,1977,1266
293,1012,2114,3699,5765,7877,10228,12182,13810,15275,15914,16162,15481,14956,14246,13729,12680,12798,12715,13320,13783,15024,15838,17185,18264,19345,20359,20894,21066,21245,20998,20827,20067,19310,18356,17304,16095,14831,13743,12692,11501,10542,9571,8787,8055,7153,6718,6303,5677,5497,5151,4853,4733,4527,4471,4223,4064,3986,3993,3807,3745,3664,3574,3419,3431,3237,3159,3213,3043,2858,2972,2763,2745,2666,2704,2649,2570,2458,2349,2324,2275,2257,2104,2155,2067,2089,1964,1925,1871,1786,1932,1754,1754,1663,1652,1566,1612,1532,1518,1492,1443,1409,1410,1367,1273,1369,1295,1306,1251,1238,1207,1144,1111,1160,1149,1122,1085,1039,1033,1085,984,969,1032,1032,936,942,907,905,955,931,884,845,900,875,870,837,844,809,830,787,814,764,841,804,790,747,789,766,675,725,689,690,718,699,734,705,676,638,674,669,681,671,651,706,591,668,696,659,619,666,662,633,627,651,660,649,645,617,573,610,674,597,630,558,604,591,598,581,581,568,545,611,626,597,588,599,582,568,611,591,623,633,565,620,565,612,609,575,584,579,585,613,643,588,636,627,606,647,636,674,676,623,632,652,689,660,691,691,667,739,649,713,758,713,655,729,756,791,750,764,755,750,838,810,824,865,848,915,878,898,907,926,976,970,1029,989,1018,1026,994,1114,1091,1102,1185,1227,1211,1279,1227,1289,1437,1409,1481,1528,1589,1566,1729,1758,1826,1903,1925,2038,2176,2209,2214,2339,2517,2607,2668,2750,2849,2949,3036,3114,3180,3145,3001,2893,2760,2445,1953,1230
258,766,1700,3131,4946,7066,9205,11194,13000,14632,15335,15678,15735,15278,14643,13790,13095,12576,12333,12463,13098,13873,15084,16101,17456,18443,19517,20473,20665,21022,21145,20617,20391,19587,19054,18033,16858,15731,14750,13574,12419,11451,10360,9430,8715,7883,7335,6675,6187,5797,5486,5091,4872,4757,4518,4340,4191,4105,3908,3880,3858,3736,3557,3527,3430,3347,3131,3197,3083,2950,2898,2938,2838,2653,2682,2665,2605,2421,2383,2422,2468,2263,2251,2165,2093,2072,2006,1990,1941,1836,1809,1813,1712,1737,1654,1622,1720,1556,1592,1545,1522,1408,1408,1471,1389,1336,1269,1283,1255,1236,1229,1216,1239,1115,1146,1140,1127,1115,1064,1061,1031,973,980,978,985,988,956,892,877,928,916,945,890,892,854,841,778,811,886,858,832,774,798,799,827,827,768,735,784,769,735,681,730,672,759,707,645,709,696,709,703,662,675,732,723,651,664,642,659,603,673,662,634,633,659,656,635,607,599,595,645,619,604,628,620,599,588,636,621,607,623,583,576,653,607,634,618,621,589,606,631,612,631,617,606,613,620,601,621,622,620,614,586,659,607,645,638,663,676,679,649,656,658,679,653,684,697,664,720,731,702,737,723,716,717,775,752,811,771,747,778,799,847,841,836,882,852,829,881,911,910,932,985,958,968,1012,996,994,1060,1089,1176,1193,1169,1117,1272,1241,1206,1302,1387,1385,1495,1500,1603,1593,1612,1693,1746,1920,1892,2001,2068,2232,2284,2310,2352,2515,2603,2621,2747,2824,2900,2980,2971,2969,2931,2760,2524,2352,1836,1105
179,595,1403,2598,4155,5974,8114,9983,12093,13468,14728,15535,15545,15383,14731,13918,13240,12532,12497,12197,12685,13368,14183,15108,16154,17419,18430,19283,20046,20817,20870,21008,20358,20067,19547,18603,17844,16890,15853,14426,13300,12240,11295,10416,9434,8660,7797,7298,6663,6135,5808,5350,5116,4918,4770,4443,4283,4139,4129,3972,3840,3674,3792,3642,3419,3479,3291,3244,3186,3123,2963,2884,3010,2747,2640,2719,2476,2545,2493,2412,2399,2272,2339,2227,2187,2172,2099,2006,1962,1955,1863,1790,1819,1692,1707,1645,1583,1532,1560,1508,1504,1506,1420,1474,1397,1322,1374,1355,1258,1280,1201,1248,1188,1150,1106,1102,1155,1084,1108,1069,1079,1054,1086,1015,1025,991,986,955,992,921,925,928,902,910,883,820,871,811,811,820,883,800,829,805,819,745,784,767,759,767,782,770,779,728,733,758,707,686,696,686,712,717,677,679,655,659,618,697,678,693,629,646,649,604,661,679,609,678,646,598,645,629,647,604,631,666,602,622,625,642,615,596,576,600,621,599,611,634,558,602,642,610,615,628,583,641,581,636,631,611,607,641,612,641,612,620,633,655,675,672,571,669,655,698,654,656,695,696,706,681,723,709,774,762,767,735,782,819,755,774,798,815,847,831,892,857,856,870,883,934,952,889,956,985,1027,969,1020,1034,1062,1068,1101,1150,1204,1208,1160,1246,1346,1293,1367,1445,1484,1519,1592,1613,1632,1695,1759,1850,1866,2040,2069,2170,2230,2279,2303,2487,2585,2660,2679,2657,2802,2935,2849,2841,2841,2666,2403,2080,1720,1035
134,553,1204,2249,3637,5313,7115,9294,11234,12774,14143,14784,15262,15236,14835,13975,13289,12940,12423,12003,12236,12580,13213,14129,15249,16205,17715,18326,19303,20163,20456,20818,20704,20535,19960,19213,18582,17472,16158,15273,14346,13199,12109,11179,10099,9191,8511,7739,7353,6593,6142,5830,5269,5156,4894,4585,4472,4230,4029,4139,3916,3865,3726,3596,3591,3527,3386,3397,3173,3232,3150,2985,2879,2807,2736,2739,2732,2528,2473,2485,2371,2385,2393,2193,2226,2247,2123,2058,1942,2031,1951,1876,1808,1826,1706,1704,1728,1698,1522,1561,1515,1492,1444,1520,1384,1367,1377,1354,1352,1263,1225,1235,1245,1155,1224,1148,1158,1145,1175,1090,1054,1120,1066,1019,974,996,981,1000,948,919,936,908,875,896,913,891,884,849,843,813,855,814,795,852,757,772,755,756,766,777,755,778,733,761,746,768,769,691,694,699,689,727,677,690,688,687,706,685,658,641,652,648,673,646,641,642,629,643,673,624,621,624,622,581,649,630,645,630,612,661,641,606,598,649,598,601,654,614,646,604,602,606,616,614,647,581,629,608,628,635,619,675,638,633,616,661,651,618,691,617,643,657,700,676,756,716,701,672,705,753,701,687,737,739,727,781,807,784,774,787,762,800,826,821,904,855,895,962,890,882,910,1032,971,990,995,1005,1001,1045,1043,1103,1085,1135,1197,1224,1273,1212,1313,1311,1277,1409,1479,1507,1558,1624,1701,1710,1814,1759,1920,1918,2066,2155,2209,2226,2311,2375,2442,2583,2676,2701,2655,2770,2736,2749,2626,2622,2338,2091,1584,1004
104,410,912,1912,3081,4554,6493,8369,10275,11886,13038,14276,14926,15187,14742,14464,13686,13162,12518,12016,12057,12061,12408,13323,14384,15272,16462,17829,18364,19477,20103,20098,20433,20740,20407,19500,19030,18065,17348,16158,15102,14140,13149,12155,11037,10220,9143,8521,7725,7237,6588,6063,5772,5297,5040,4747,4645,4370,4296,4151,4021,3908,3830,3649,3644,3601,3411,3348,3294,3145,3153,2830,2948,2808,2749,2744,2667,2713,2575,2482,2339,2356,2327,2321,2231,2137,2188,2017,2035,2000,1936,1947,1866,1882,1737,1718,1751,1682,1601,1636,1587,1486,1456,1457,1451,1422,1393,1344,1321,1292,1222,1239,1255,1212,1200,1172,1146,1093,1164,1097,1083,1044,1041,1025,1058,1031,985,952,933,931,943,936,947,889,944,874,865,877,916,868,856,868,863,844,876,800,780,776,819,775,781,741,758,763,741,725,696,763,729,708,712,767,684,691,740,632,670,689,689,688,665,652,655,710,649,661,651,652,650,676,634,654,658,588,627,647,600,564,672,641,631,640,647,649,616,696,618,620,615,669,597,605,668,646,616,604,584,594,677,643,644,603,654,665,632,668,706,665,660,673,678,704,699,722,694,705,682,711,737,660,728,750,737,718,745,752,787,791,755,728,805,814,870,833,876,869,904,943,870,903,900,981,972,1008,976,1052,971,1055,1040,1094,1166,1176,1108,1205,1227,1222,1303,1313,1393,1435,1450,1490,1540,1574,1628,1702,1770,1792,1845,1993,2074,2144,2102,2209,2241,2273,2450,2482,2603,2602,2605,2669,2684,2599,2534,2467,2280,1931,1541,918
81,353,805,1512,2515,3989,5537,7183,9264,10856,12629,13522,14464,15116,15021,14522,13827,13243,12395,12047,11882,11976,11804,12683,13546,14264,15557,16816,17879,18713,19254,20004,20316,20169,20310,19944,19469,19157,17659,16930,16048,15121,14126,12759,11764,10745,9910,9365,8471,7908,7025,6623,6059,5623,5308,5035,4744,4474,4261,4284,4152,3991,3865,3777,3623,3606,3525,3351,3382,3140,3143,3008,3031,2955,2914,2846,2748,2705,2591,2580,2446,2410,2339,2286,2212,2197,2116,2034,2052,1949,1960,1942,1865,1810,1837,1746,1731,1687,1591,1603,1636,1526,1581,1451,1445,1397,1373,1331,1322,1326,1325,1309,1270,1279,1211,1150,1133,1147,1167,1191,1132,1143,1087,1019,1002,1110,1000,1000,995,984,969,950,880,961,931,877,838,849,903,923,881,845,830,842,836,838,827,805,760,811,752,764,810,796,779,787,720,745,715,695,785,751,677,690,691,715,737,706,704,697,670,640,615,633,685,683,644,662,643,683,671,638,618,667,668,613,591,650,615,654,645,664,671,634,598,671,626,681,665,629,682,639,663,641,616,601,638,595,641,653,624,639,653,656,722,644,697,668,737,653,663,706,668,727,700,734,650,760,697,714,749,738,732,727,732,774,773,787,801,795,780,800,847,804,884,876,907,874,896,977,994,900,926,989,967,1030,996,1088,1111,1053,1101,1202,1193,1218,1279,1322,1318,1278,1373,1398,1502,1575,1542,1570,1609,1623,1750,1797,1856,1926,1984,2044,2121,2142,2252,2249,2326,2485,2472,2518,2624,2482,2602,2559,2506,2249,2157,1865,1495,895
63,246,590,1269,2200,3403,4889,6511,8263,10010,11540,12945,13978,14281,14652,14363,14068,13551,12935,12111,11829,11596,11701,12014,12427,13469,14622,15627,16615,17692,18796,19414,19718,20229,20163,19920,19559,19181,18432,17499,16723,15953,14806,13649,12608,11842,10861,10047,9175,8244,7817,7068,6532,6138,5507,5365,5024,4899,4565,4420,4345,4188,4023,3993,3775,3628,3686,3437,3430,3388,3239,3133,2985,2981,2937,2838,2821,2649,2744,2562,2501,2422,2451,2349,2270,2277,2216,2201,2183,2075,1941,1903,1879,1858,1855,1798,1744,1728,1725,1691,1618,1620,1542,1465,1493,1489,1462,1432,1289,1355,1368,1327,1279,1277,1285,1257,1262,1172,1114,1163,1106,1119,1100,1077,1061,1056,1008,1035,1004,1016,1010,978,951,944,927,917,914,897,867,859,897,850,825,880,764,811,834,858,738,761,802,846,795,723,790,714,772,722,739,786,718,721,757,716,705,707,689,691,747,687,683,682,698,692,660,706,696,662,632,642,647,680,663,630,647,672,622,664,643,636,600,667,655,632,647,643,665,652,696,676,601,654,652,630,689,646,648,639,664,683,695,676,668,622,681,630,705,726,714,674,701,705,721,702,703,698,735,722,706,752,763,667,776,790,769,765,790,752,801,798,757,824,805,888,845,854,947,954,890,900,883,955,959,1002,943,1065,977,1056,1074,1098,1125,1153,1162,1204,1234,1306,1260,1368,1409,1415,1446,1454,1551,1543,1622,1735,1758,1751,1841,1922,1989,2008,2074,2098,2203,2278,2298,2397,2362,2422,2470,2417,2490,2411,2338,2324,2035,1705,1339,881
44,205,559,1031,1918,3017,4208,5884,7552,9231,10601,12148,13341,13772,14403,14375,14241,13547,13078,12128,11954,11641,11621,11537,12045,12974,13681,14662,15880,16751,17651,18339,19186,19562,19910,20112,19967,19394,18772,18120,17580,16603,15571,14512,13672,12488,11583,10780,9860,9125,8329,7713,6967,6429,6084,5532,5495,5010,4767,4646,4256,4063,4154,4035,3781,3775,3683,3661,3512,3274,3250,3150,3098,3072,3078,3042,2902,2810,2636,2641,2550,2514,2467,2318,2342,2267,2210,2175,2039,2150,2031,1982,1932,1900,1824,1825,1833,1727,1705,1698,1671,1636,1619,1556,1451,1535,1435,1459,1414,1474,1325,1317,1327,1258,1316,1277,1154,1181,1257,1133,1139,1154,1093,1106,1082,1072,1050,1027,1015,994,989,1016,994,961,989,900,913,909,918,848,881,857,837,878,831,871,807,837,832,758,767,782,791,797,746,761,766,821,765,719,758,744,688,726,727,692,692,671,688,729,656,697,629,743,675,694,664,693,678,629,661,659,670,679,646,670,678,661,668,635,651,650,643,660,636,651,673,616,623,672,604,688,620,653,649,663,662,654,655,663,661,696,690,702,696,686,655,746,653,698,731,688,709,745,751,765,703,702,681,775,738,777,772,829,725,756,748,756,855,820,818,807,827,867,856,900,842,885,868,928,939,942,982,982,984,959,1051,1085,1108,1120,1129,1205,1222,1240,1283,1202,1286,1369,1398,1342,1479,1405,1522,1581,1577,1644,1629,1800,1927,1859,1848,2045,2004,2094,2132,2241,2291,2319,2298,2390,2343,2471,2411,2352,2267,2176,1986,1728,1341,801
57,173,436,885,1540,2502,3687,5026,6711,8184,9870,11119,12539,13317,14132,14212,13932,13752,13116,12782,12126,11712,11411,11440,11785,12048,12844,13814,14746,15889,16888,17662,18708,19317,19512,19471,19937,19718,19191,18726,17755,17309,16363,15475,14280,13238,12594,11536,10580,9793,8929,8430,7567,7055,6504,6032,5544,5250,4958,4744,4622,4384,4262,4157,4021,3769,3791,3763,3633,3505,3308,3329,3097,3096,3022,3009,2882,2783,2740,2671,2721,2557,2586,2520,2366,2242,2288,2196,2180,2160,2075,2082,2049,2046,1919,1856,1827,1872,1714,1693,1573,1670,1584,1535,1487,1464,1379,1487,1491,1416,1433,1368,1297,1368,1290,1238,1266,1243,1266,1186,1189,1179,1140,1163,1104,1031,1044,1031,1024,1027,990,1005,1001,928,958,959,975,944,956,814,881,893,860,863,794,832,857,821,799,767,784,785,753,744,780,782,788,722,783,795,712,745,758,767,690,677,766,716,686,692,746,657,696,709,704,723,657,682,683,686,651,650,636,685,634,650,615,620,686,676,636,638,686,632,633,678,647,706,678,669,729,639,681,695,683,663,615,651,679,674,687,636,691,710,722,641,718,717,670,725,751,697,659,713,731,660,749,735,728,735,741,725,715,790,791,749,837,800,877,824,814,819,845,815,890,856,824,904,876,913,944,963,948,956,957,1007,1063,998,1094,1116,1142,1135,1185,1188,1230,1266,1314,1368,1388,1368,1368,1522,1540,1467,1570,1688,1698,1706,1745,1802,2019,1921,2000,2065,2135,2195,2238,2284,2269,2312,2271,2403,2337,2222,2178,2029,1919,1696,1292,800
29,126,340,761,1251,2039,3240,4659,5868,7505,9047,10694,11693,12903,13492,13952,14194,13691,13343,12807,12223,11746,11403,11278,11130,11723,12342,12701,13934,14980,15900,16866,17663,18591,19019,19594,19886,19783,19349,18868,18509,17790,16902,16052,15186,14157,13203,12252,11542,10580,9777,8846,8225,7632,6943,6521,6090,5659,5243,4929,4763,4508,4318,4252,4133,3941,3843,3765,3546,3572,3457,3339,3225,3119,3060,3092,2977,2862,2703,2792,2603,2596,2517,2518,2535,2307,2323,2230,2230,2135,2098,2112,2085,1927,1869,1890,1811,1862,1791,1841,1669,1598,1659,1601,1579,1522,1492,1470,1419,1377,1420,1473,1404,1244,1296,1219,1245,1242,1209,1217,1155,1163,1183,1143,1164,1098,1159,1122,1076,981,1069,1034,1033,951,987,972,953,933,914,935,895,936,849,865,845,832,864,853,829,840,837,884,789,811,790,713,770,759,779,744,730,761,752,742,743,697,738,729,732,773,666,729,710,709,705,710,675,675,707,680,713,680,647,667,702,696,690,677,621,638,646,643,648,698,676,665,647,627,641,631,687,657,623,689,708,632,641,713,668,642,632,671,750,648,605,658,758,771,681,748,758,728,676,716,714,707,726,732,741,796,727,740,720,729,760,755,780,773,774,779,817,880,858,847,897,850,887,947,878,905,962,927,945,977,964,977,1125,1043,1062,1144,1129,1196,1243,1191,1236,1305,1342,1293,1382,1404,1390,1453,1424,1559,1547,1631,1657,1656,1864,1761,1886,1992,2001,2020,1978,2115,2245,2235,2240,2360,2190,2270,2202,2216,2157,1857,1783,1608,1241,758
27,105,287,572,1096,1769,2750,3899,5066,6699,8103,9770,11199,12112,13298,13773,13924,13703,13478,13079,12333,11902,11410,11304,11111,11396,11771,12261,13067,14056,15217,15958,16860,17688,18600,18902,19302,19748,19631,19137,18792,18013,17501,16829,15900,14927,14293,13157,12322,11379,10618,9501,8883,8117,7446,6869,6229,6000,5613,5212,4963,4566,4583,4319,4146,4066,3875,3719,3665,3681,3545,3372,3365,3228,3075,3037,3013,2994,2916,2838,2719,2643,2581,2576,2448,2339,2410,2238,2203,2199,2187,2148,2019,2035,1947,1945,1811,1884,1779,1764,1742,1681,1644,1645,1631,1555,1570,1597,1523,1466,1419,1393,1362,1316,1350,1261,1283,1249,1229,1244,1192,1195,1210,1179,1115,1060,1085,1063,1060,1116,1011,1026,937,987,955,988,964,976,935,892,918,922,969,899,947,824,831,829,874,863,838,867,791,794,788,760,836,776,754,762,737,745,756,747,690,804,724,794,723,709,737,752,663,735,740,705,715,686,674,655,723,703,693,682,699,667,712,632,656,671,666,633,633,665,666,645,651,726,649,628,697,698,657,699,698,673,654,707,700,703,698,666,676,663,644,636,676,710,683,704,759,719,716,732,718,761,684,739,767,708,753,748,758,760,783,802,729,814,827,830,815,809,867,822,896,853,854,911,901,894,961,917,1031,974,1031,1021,1015,1112,1052,1092,1160,1149,1237,1249,1171,1315,1330,1405,1323,1351,1486,1479,1376,1520,1584,1640,1604,1794,1753,1836,1828,1867,1942,1966,2048,2103,2045,2082,2234,2227,2242,2159,2150,2108,2009,1905,1698,1450,1194,760
23,71,224,499,912,1506,2310,3357,4715,6116,7395,8897,10355,11530,12359,13159,13676,13607,13459,13142,12705,11948,11681,11328,11095,11021,11471,11588,12513,13119,14082,15140,15957,16991,17536,18224,18694,19474,19415,19361,18978,18503,17909,17368,16625,15918,14910,14001,13212,12141,11228,10315,9662,8847,8175,7604,6879,6459,5923,5728,5179,4957,4513,4535,4321,4113,4034,3812,3848,3636,3509,3455,3341,3307,3240,3114,3010,2958,2829,2754,2755,2772,2592,2541,2481,2504,2318,2354,2283,2276,2156,2145,2150,2081,1955,1914,2011,1884,1839,1758,1729,1724,1610,1735,1615,1631,1498,1526,1542,1426,1410,1434,1388,1337,1346,1358,1256,1277,1285,1260,1233,1186,1174,1124,1186,1128,1150,1115,1072,1046,1051,1034,980,1071,997,1007,955,923,964,926,975,952,893,888,869,867,841,886,850,807,797,865,796,802,823,834,805,796,828,731,781,787,843,754,772,759,772,783,790,746,722,755,751,707,693,694,663,714,743,710,682,731,689,667,687,653,693,714,715,705,653,694,635,662,664,672,648,681,705,639,679,694,639,662,681,645,684,654,668,709,675,668,654,659,696,747,661,682,729,666,713,756,769,726,768,764,726,773,757,759,748,796,726,803,798,779,749,838,801,835,876,912,814,855,902,883,884,928,964,935,921,949,1012,948,1057,992,1027,1039,1091,1156,1165,1177,1208,1243,1240,1301,1286,1328,1377,1402,1425,1428,1397,1502,1576,1617,1653,1710,1721,1730,1775,1860,1950,1915,1969,2060,2101,2066,2134,2118,2134,2118,2113,2038,1993,1785,1654,1390,1126,718
12,62,151,363,781,1257,1993,2921,4162,5370,6890,8015,9466,10675,11959,12750,13315,13510,13510,13394,12763,12238,11740,11414,10910,10960,10988,11219,11595,12202,13159,14056,15487,16118,17046,17718,18383,18819,19037,19203,19175,18696,18384,17656,17249,16623,15681,14920,13862,13096,11991,11079,10210,9661,8803,7991,7406,7005,6426,6021,5647,5206,5011,4639,4509,4299,4126,4023,3883,3660,3739,3512,3411,3372,3357,3212,3108,3003,3020,2916,2811,2747,2690,2562,2501,2510,2475,2371,2304,2255,2208,2112,2174,2118,1989,1958,2067,1902,1871,1804,1846,1739,1749,1610,1667,1614,1627,1517,1500,1556,1422,1437,1411,1410,1433,1356,1301,1292,1240,1246,1309,1194,1171,1161,1119,1184,1145,1061,1090,1063,1092,1043,1054,1005,975,1002,918,943,932,914,984,961,941,901,922,867,907,862,887,844,878,861,818,832,806,813,789,831,812,802,768,757,797,799,769,765,775,727,759,750,707,743,756,714,761,730,716,707,702,716,700,664,704,667,742,669,683,637,644,724,715,662,724,706,683,701,674,683,656,691,689,705,673,685,672,661,658,695,681,677,666,678,711,730,693,675,693,726,696,703,722,725,719,738,735,723,787,727,736,760,815,757,768,820,772,855,785,770,820,794,840,824,798,913,891,891,923,849,878,930,971,977,989,972,1012,1027,1047,959,1155,1120,1110,1110,1182,1180,1220,1334,1305,1307,1385,1404,1387,1444,1495,1468,1579,1536,1642,1666,1708,1723,1730,1774,1871,1900,1937,1955,2096,2032,2027,2033,2059,2089,2068,1947,1774,1754,1567,1427,1109,664
10,48,147,339,608,1088,1684,2497,3631,4702,5911,7463,8718,10100,11045,12151,12860,13226,13365,13274,13048,12489,12094,11524,11019,10889,11096,10870,11453,11601,12348,13399,14073,15425,16191,16981,17778,18258,18740,19188,18916,19085,18596,18586,17585,16981,16280,15425,14405,13639,12824,12078,11094,10290,9430,8742,8015,7360,6778,6276,5991,5545,5104,4902,4635,4450,4216,4211,3914,3876,3778,3699,3501,3343,3225,3231,3175,3088,2927,2911,2835,2932,2750,2681,2673,2576,2488,2483,2362,2321,2303,2246,2208,2124,2018,2025,1992,2041,1911,1941,1865,1780,1751,1748,1692,1649,1641,1649,1470,1529,1504,1447,1416,1372,1473,1386,1301,1313,1275,1277,1263,1289,1252,1199,1142,1182,1204,1140,1094,1118,1016,1020,1057,1052,1036,1028,945,979,1001,1040,956,896,926,931,913,872,892,886,871,880,864,807,848,814,784,792,825,800,771,846,819,793,744,777,754,714,766,746,769,789,774,723,743,709,672,708,688,729,679,691,743,697,692,709,733,742,677,682,653,755,683,687,699,706,681,667,715,693,678,697,680,664,647,685,708,710,676,712,708,724,725,698,665,709,722,737,707,699,688,749,683,730,737,738,779,713,733,704,797,773,738,733,770,774,783,754,828,818,765,855,823,899,879,913,892,884,871,919,921,868,877,1020,975,998,1023,1055,1087,1092,1086,1161,1093,1161,1156,1146,1268,1284,1265,1254,1393,1300,1397,1393,1428,1469,1503,1562,1614,1673,1597,1801,1726,1770,1774,1930,1833,1920,1950,2022,1990,1927,2069,1997,2009,1862,1775,1777,1576,1356,995,631
4,36,108,262,513,873,1481,2228,3143,4104,5330,6646,7921,9453,10651,11451,12454,13084,13173,13329,13019,12623,12126,11588,11040,10977,10665,10907,10931,11445,11818,12705,13163,14390,15229,16255,17135,17724,18207,18667,18718,18818,18653,18522,18245,17512,16747,15987,15192,14290,13850,12961,11803,10976,10061,9396,8533,8012,7288,6844,6312,5739,5534,5104,4950,4637,4324,4252,4156,3971,3799,3698,3644,3534,3454,3266,3171,3165,3153,2973,2929,2759,2790,2722,2657,2658,2565,2445,2378,2366,2212,2287,2139,2259,2076,1972,2002,2040,1925,1889,1844,1805,1814,1801,1738,1682,1639,1641,1546,1536,1528,1491,1488,1428,1434,1408,1392,1342,1357,1364,1341,1283,1266,1215,1084,1185,1207,1141,1151,1051,1105,1072,1065,997,1093,1020,1015,1002,956,964,978,961,960,845,979,921,936,858,857,876,887,797,930,841,905,814,816,820,786,848,767,872,825,797,747,797,781,767,747,758,776,761,756,742,704,734,729,739,731,677,699,728,704,708,710,702,713,733,651,721,712,704,691,692,674,627,677,699,735,683,697,722,674,643,708,687,712,685,725,699,748,716,714,721,708,674,698,699,734,714,719,699,749,770,774,696,795,683,789,778,810,768,812,799,767,815,823,874,825,799,819,882,864,921,875,946,891,890,915,935,963,979,1011,994,1001,1082,1031,971,1122,1126,1121,1175,1090,1236,1270,1222,1248,1374,1338,1330,1341,1418,1455,1449,1497,1547,1524,1652,1644,1642,1715,1813,1841,1813,1950,1943,1861,1975,1898,1955,1981,1918,1883,1834,1764,1613,1478,1267,1017,620
6,30,87,215,439,726,1245,1848,2713,3565,4732,5853,7350,8480,9962,10836,11762,12561,12844,13006,13201,12774,12199,12008,11535,10940,10716,10450,10706,10942,11302,11938,12750,13431,14526,15460,16362,16932,17715,18126,18714,18928,18616,18477,18308,17775,17215,16744,15923,15062,14300,13405,12629,11666,10771,10173,9241,8749,7925,7463,6980,6404,5887,5556,5192,4908,4605,4424,4128,4010,3996,3872,3766,3685,3516,3344,3233,3183,3115,3024,3063,2840,2823,2752,2648,2652,2652,2556,2491,2355,2415,2251,2266,2139,2167,2141,2057,1944,2005,1975,1870,1829,1809,1781,1693,1682,1651,1573,1612,1609,1500,1525,1504,1453,1424,1404,1395,1353,1415,1306,1298,1286,1256,1238,1281,1202,1147,1147,1170,1116,1160,1040,1087,1034,1039,1075,1038,1036,1005,1019,1033,910,991,976,938,961,898,941,961,861,910,793,851,858,812,840,830,873,797,792,825,844,778,767,798,759,794,790,778,748,752,749,738,758,748,733,755,735,750,748,667,721,747,760,691,699,716,736,709,709,689,732,711,691,665,629,686,710,691,700,674,670,696,655,705,701,684,692,729,732,751,734,698,714,720,734,700,787,716,727,682,652,761,756,752,737,766,787,735,779,805,794,767,811,824,770,804,770,872,855,834,854,903,874,883,944,861,941,905,956,1029,972,1003,1024,956,1015,1031,1074,1063,1130,1063,1149,1229,1152,1222,1219,1272,1306,1296,1309,1341,1419,1410,1498,1525,1501,1552,1569,1624,1652,1645,1696,1745,1779,1822,1904,1843,1815,2002,1942,1864,1858,1827,1749,1700,1563,1465,1300,969,583
7,31,59,164,344,616,1021,1623,2189,3244,4181,5417,6553,7752,9140,10432,11119,11864,12720,12813,12729,12627,12578,12078,11514,11189,10725,10758,10471,10574,11069,11293,12001,12770,13509,14828,15440,16313,16980,17850,18086,18448,18649,18497,18361,18201,17769,17179,16601,15839,14956,14083,13181,12537,11633,10871,10167,9280,8476,7931,7205,6659,6306,5716,5395,5155,4813,4555,4377,4175,4174,3985,3682,3671,3752,3486,3460,3262,3215,3101,3053,2968,2881,2831,2738,2764,2669,2598,2372,2423,2390,2330,2302,2223,2141,2112,2049,2022,1936,1977,1931,1900,1860,1785,1797,1715,1631,1602,1566,1649,1580,1543,1548,1438,1413,1437,1469,1360,1432,1412,1339,1277,1301,1253,1230,1216,1205,1207,1137,1107,1104,1184,1051,1101,1046,1077,1050,1024,1066,1030,992,944,903,985,982,964,942,921,898,882,915,927,833,835,874,910,841,827,848,822,829,818,831,813,824,851,757,790,772,815,805,786,738,760,701,761,718,772,773,738,822,707,674,676,736,643,743,749,694,722,730,688,715,714,724,709,698,690,697,716,704,716,710,771,682,747,716,728,715,746,695,696,755,704,703,738,700,685,703,701,755,722,711,741,704,740,750,796,756,780,844,780,797,806,833,862,847,879,858,867,843,843,867,884,882,932,963,1020,957,915,1013,989,985,977,1044,1048,1069,1089,1098,1047,1116,1093,1166,1145,1170,1227,1293,1257,1267,1261,1350,1332,1452,1426,1505,1557,1635,1539,1608,1607,1607,1665,1767,1684,1768,1807,1790,1851,1834,1855,1843,1845,1780,1701,1631,1538,1457,1203,932,558
2,18,56,158,284,502,823,1321,1941,2754,3652,4779,5789,7219,8386,9487,10590,11454,11940,12685,12738,12688,12461,12226,11963,11386,10935,10767,10361,10414,10591,10860,11515,12087,12955,13678,14642,15449,16556,17223,17535,18156,18399,18525,18368,18410,18087,17592,17114,16271,15673,14770,13995,13138,12355,11462,10770,10011,9323,8482,7962,7377,6624,6248,5894,5381,5238,4755,4606,4451,4239,4002,3977,3815,3658,3506,3469,3327,3212,3145,3061,2987,2955,2969,2854,2777,2609,2735,2616,2413,2457,2458,2270,2298,2213,2225,2128,2015,1984,1983,1983,1874,1884,1767,1835,1735,1678,1702,1701,1564,1580,1572,1493,1508,1475,1424,1496,1420,1377,1353,1359,1298,1323,1280,1253,1252,1226,1193,1189,1170,1176,1096,1033,1150,1117,1049,1100,1034,948,1010,965,1004,994,972,952,924,926,972,942,902,914,873,861,868,859,866,814,857,885,823,856,817,826,812,798,794,828,830,799,812,781,731,746,796,802,723,761,707,769,765,738,742,741,716,716,741,695,732,725,706,727,696,737,690,728,672,743,742,690,686,733,737,686,765,727,679,713,701,693,651,716,675,729,708,743,733,722,728,703,711,690,760,755,683,773,763,722,792,797,784,774,741,839,749,780,870,858,816,839,851,823,840,905,855,920,953,878,974,1007,885,944,981,981,1015,1043,1021,992,1030,1072,1068,1130,1099,1159,1177,1185,1237,1213,1275,1247,1410,1320,1418,1449,1352,1477,1500,1489,1501,1587,1543,1685,1714,1648,1811,1735,1755,1837,1816,1789,1760,1825,1756,1717,1705,1580,1508,1324,1174,822,565
4,16,43,114,245,449,722,1095,1707,2369,3235,4241,5327,6590,7717,8838,10024,10989,11738,12189,12786,12835,12769,12264,11971,11627,11130,10766,10848,10215,10174,10622,11050,11501,12194,13033,13965,14709,15493,16296,17219,17746,18024,18431,18268,18337,18039,17767,17365,16676,16081,15215,14636,13822,13185,12145,11574,10668,9859,9108,8526,7916,7102,6666,6243,5681,5481,5070,4825,4512,4392,4228,3948,3839,3690,3743,3483,3417,3330,3170,3095,3098,3056,2878,2871,2752,2722,2697,2682,2472,2474,2475,2385,2388,2353,2180,2154,2108,2212,2041,1968,1877,1907,1874,1781,1827,1780,1659,1574,1604,1613,1594,1653,1479,1531,1446,1441,1417,1384,1442,1391,1371,1340,1259,1275,1262,1218,1193,1117,1175,1130,1116,1170,1106,1081,1077,1075,1034,1026,1042,980,1034,1001,963,973,902,957,979,919,943,899,898,834,915,855,889,881,816,827,843,783,841,870,798,869,809,790,845,777,776,819,783,840,761,755,829,751,731,767,769,729,720,678,735,674,698,672,754,731,662,711,732,739,706,680,698,726,718,734,715,727,740,759,721,691,695,772,738,690,754,716,738,713,670,692,689,730,707,731,768,755,758,717,743,802,782,785,760,773,801,793,781,790,807,858,860,815,888,861,839,840,803,903,877,885,897,950,952,926,1010,961,936,993,995,990,1024,1062,1050,1091,1103,1144,1166,1087,1141,1151,1189,1250,1323,1311,1308,1322,1372,1358,1358,1437,1543,1487,1523,1480,1514,1667,1639,1622,1717,1623,1743,1715,1760,1832,1745,1778,1689,1711,1676,1498,1425,1337,1134,874,482
1,9,41,93,171,333,592,947,1403,1966,2771,3721,4897,5769,6893,8036,9153,10200,11101,11745,12168,12521,12609,12496,12132,11575,11156,10691,10436,10250,10330,10276,10710,11178,11547,12248,13063,14191,14783,15648,16501,17058,17794,18032,18182,18015,18115,18135,17580,16959,16530,16271,15548,14573,13593,12961,12316,11333,10638,9863,9055,8569,7830,7278,6659,6271,5905,5425,5133,4824,4489,4223,4063,3956,3955,3645,3590,3507,3378,3381,3097,3162,3149,3058,3003,2884,2730,2785,2636,2612,2516,2528,2459,2343,2348,2253,2199,2201,2044,1996,2038,1990,1910,1922,1863,1838,1841,1709,1672,1636,1704,1566,1573,1555,1554,1474,1559,1420,1396,1336,1308,1400,1319,1305,1290,1275,1303,1282,1190,1168,1211,1118,1172,1161,1075,1060,1138,970,1076,1047,979,1014,1058,1017,1012,904,965,923,893,949,956,882,899,906,872,866,866,903,878,846,865,834,890,849,812,848,804,825,802,797,810,768,811,814,799,763,722,762,780,755,748,753,757,736,739,733,673,746,735,699,753,718,720,708,713,722,732,735,765,704,693,708,673,721,718,728,725,744,766,758,713,747,759,690,743,714,743,678,723,735,809,760,766,802,775,757,766,779,787,854,792,766,805,751,821,856,840,849,867,904,863,808,850,920,946,877,824,945,989,964,952,1018,1028,1031,1050,1022,998,1027,1109,1087,1115,1118,1179,1159,1177,1214,1236,1282,1191,1333,1310,1396,1390,1381,1515,1465,1499,1504,1554,1593,1571,1634,1669,1627,1623,1659,1672,1707,1738,1713,1738,1634,1695,1606,1499,1362,1207,1092,881,472
3,11,25,61,139,277,452,736,1212,1775,2404,3221,4169,5368,6327,7519,8539,9630,10656,11295,11910,12255,12461,12424,12114,11990,11438,11258,10555,10265,10240,10103,10241,10452,11343,11700,12251,13154,13969,14766,15602,16280,17059,17767,17894,17953,18175,18239,17804,17319,17104,16550,15847,15374,14449,13597,13043,12105,11273,10455,9706,9153,8487,7759,7336,6657,6221,5746,5260,5163,4834,4484,4315,4141,4071,3797,3804,3628,3612,3428,3305,3154,3094,3081,2990,3004,2799,2807,2703,2687,2592,2589,2424,2344,2416,2345,2327,2147,2183,2064,2091,2026,2023,1942,1944,1790,1718,1718,1708,1654,1601,1647,1621,1632,1560,1485,1521,1478,1557,1470,1393,1385,1377,1294,1314,1306,1288,1270,1258,1175,1156,1189,1083,1216,1129,1094,1045,1084,1104,1072,1051,1060,987,1003,1007,1000,947,944,923,912,941,931,920,917,868,910,880,867,856,888,838,864,816,860,834,748,771,766,816,796,825,809,759,841,802,803,754,820,774,756,759,811,765,792,695,736,724,665,712,732,718,724,715,677,744,722,704,716,740,745,709,753,736,732,770,695,741,765,736,674,728,737,734,733,734,736,715,736,716,758,704,767,750,767,770,722,778,772,719,788,838,829,802,779,778,828,868,871,829,803,861,850,889,888,903,893,899,874,925,925,953,958,968,1003,1033,1072,1054,1063,1006,1139,1053,1088,1128,1157,1191,1255,1269,1266,1316,1255,1323,1337,1359,1400,1483,1464,1419,1527,1524,1519,1562,1589,1590,1610,1678,1660,1667,1676,1639,1676,1615,1567,1552,1546,1490,1385,1245,966,768,498
1,5,19,62,122,222,421,657,1050,1448,2099,2803,3671,4657,5671,6837,8013,9036,10034,10854,11490,11768,12364,12300,12144,12056,11541,11265,10704,10625,10281,10129,10155,10235,10478,11135,11891,12532,13372,14169,14782,15784,16433,16940,17571,17798,18001,18011,17888,17802,17347,16879,16281,15628,15100,14329,13718,12829,11928,11188,10374,9756,9030,8315,7770,7193,6644,6087,5845,5347,5080,4725,4569,4336,4101,3960,3948,3798,3616,3488,3385,3227,3130,3178,3021,2959,2938,2769,2770,2632,2664,2675,2489,2440,2429,2323,2300,2307,2221,2190,2103,2111,2020,2049,1925,1922,1845,1807,1744,1772,1686,1653,1637,1572,1566,1501,1573,1424,1408,1454,1404,1413,1323,1330,1270,1274,1313,1313,1275,1243,1152,1238,1200,1145,1145,1095,1107,1059,1060,1050,1017,1067,1003,1055,1020,1008,1018,965,976,952,911,903,907,887,846,931,897,898,906,821,888,871,863,871,809,856,832,791,797,790,786,793,842,755,784,758,777,759,744,758,712,720,763,724,764,724,794,746,720,724,718,745,766,738,728,765,711,759,759,734,763,669,771,811,728,702,672,740,755,746,754,688,738,722,748,713,763,681,726,716,754,762,765,751,821,759,752,800,798,792,819,792,774,798,833,866,858,849,779,864,846,860,884,874,921,909,882,937,917,933,1004,1032,948,971,1002,1045,1029,1037,1071,1051,1105,1125,1119,1137,1140,1227,1193,1280,1255,1278,1312,1335,1342,1391,1413,1509,1446,1465,1524,1542,1505,1576,1584,1564,1608,1578,1727,1715,1675,1617,1608,1560,1510,1461,1411,1332,1168,995,773,461
1,6,19,44,102,178,335,549,838,1236,1798,2416,3280,4054,5231,6272,7351,8301,9412,10243,11029,11681,11966,12206,12281,11991,11871,11473,11038,10639,10380,10006,10138,9940,10177,10532,11178,11683,12689,13248,14223,15019,15564,16344,17028,17364,17711,17805,17942,17775,17478,17148,16853,16200,15696,14899,14175,13364,12763,11823,11203,10371,9643,8872,8274,7726,6993,6724,6210,5739,5328,5059,4774,4637,4402,4161,3936,3969,3615,3542,3434,3394,3328,3180,3143,3040,2946,2858,2758,2831,2673,2652,2579,2469,2480,2375,2275,2319,2193,2149,2177,2038,2104,1948,2029,1976,1926,1791,1829,1763,1747,1655,1698,1634,1569,1618,1555,1540,1459,1464,1472,1442,1438,1411,1347,1374,1301,1281,1256,1222,1253,1186,1225,1186,1163,1032,1105,1111,1083,1017,1061,1134,987,1014,990,973,951,1033,982,957,940,884,912,967,906,877,864,897,902,899,861,870,855,891,858,857,858,853,872,798,785,781,794,817,797,765,796,767,712,822,822,779,790,720,790,754,760,742,769,758,754,728,735,738,782,739,738,770,721,766,722,750,709,717,720,748,783,779,789,764,742,694,725,728,735,745,753,764,722,756,786,740,778,750,779,751,799,759,806,772,752,813,822,825,821,868,886,838,869,814,885,804,899,879,898,878,946,936,931,955,998,980,948,994,1014,1006,1041,1042,1036,1125,1110,1166,1149,1193,1211,1126,1194,1232,1197,1281,1259,1254,1351,1364,1290,1457,1526,1463,1432,1555,1456,1545,1601,1575,1623,1582,1526,1491,1596,1624,1627,1548,1447,1470,1394,1281,1149,989,753,486
1,3,14,39,81,174,296,457,721,1109,1457,2220,2926,3622,4442,5596,6598,7656,8777,9837,10437,11111,11567,12105,12153,12041,11777,11563,11145,10759,10458,10238,9988,9981,10175,10181,10726,11189,11937,12556,13652,14082,15021,15934,16453,17135,17197,17441,17723,17846,17767,17130,17147,16727,16015,15743,14777,14196,13358,12592,11598,11113,10453,9553,8818,8336,7771,6995,6732,6087,5680,5248,5049,4740,4567,4336,4139,4023,3968,3713,3573,3473,3377,3203,3132,3122,3008,2978,2856,2781,2755,2680,2681,2557,2457,2437,2258,2275,2239,2274,2189,2070,2135,2081,2013,2004,1909,1933,1801,1729,1708,1768,1667,1690,1621,1583,1552,1534,1500,1530,1444,1396,1395,1357,1346,1331,1314,1271,1239,1240,1243,1232,1199,1210,1192,1121,1114,1113,1113,1081,1041,1050,986,1039,990,1025,991,1003,976,966,1048,915,932,916,954,941,887,841,875,904,871,892,833,895,921,846,782,851,886,865,837,852,842,807,750,803,840,839,801,769,763,711,864,796,741,748,756,790,740,739,774,781,774,703,730,790,794,747,750,768,751,734,692,731,764,709,778,696,723,713,737,705,760,732,814,732,814,728,826,812,767,778,839,785,803,802,788,805,776,788,830,816,783,815,843,852,828,863,862,876,849,844,898,871,938,912,889,893,886,986,969,894,984,1014,971,1043,1057,1019,1059,1056,1090,1103,1105,1165,1103,1196,1191,1237,1182,1246,1299,1295,1367,1298,1365,1315,1486,1471,1397,1459,1438,1513,1566,1508,1515,1610,1563,1576,1564,1521,1507,1568,1441,1309,1318,1241,1132,890,741,454
0,1,8,27,50,122,214,396,645,948,1368,1858,2437,3311,4048,5015,6076,6998,8070,8945,10037,10553,11225,11716,11909,11884,11844,11860,11163,10914,10686,10225,9813,9845,9853,9984,10281,10957,11151,12080,12699,13730,14396,15065,15820,16383,16941,17070,17512,17773,17946,17648,17323,16936,16664,15960,15512,14932,13931,13205,12606,11654,10805,10276,9474,8812,8403,7733,7073,6718,6079,5804,5329,5055,4782,4528,4259,4104,3986,3719,3654,3589,3439,3274,3265,3215,3031,3069,2916,2872,2752,2751,2674,2694,2526,2514,2413,2354,2235,2209,2193,2184,2073,2118,2009,1953,1998,1952,1916,1790,1814,1768,1721,1688,1611,1577,1586,1543,1501,1533,1488,1480,1496,1370,1328,1423,1281,1352,1355,1232,1219,1304,1267,1216,1214,1156,1179,1143,1100,1156,1117,1063,1034,1114,1134,958,995,951,1020,994,964,997,943,892,956,965,909,900,884,832,862,851,834,840,865,887,867,846,830,869,804,840,838,825,828,823,827,771,785,795,765,762,757,811,791,781,749,789,775,800,797,700,764,770,750,729,774,755,711,763,746,762,745,768,702,713,736,692,758,761,785,763,785,747,768,761,745,702,737,742,806,793,760,800,771,794,795,807,775,779,760,799,769,823,841,797,850,783,898,863,875,804,857,873,928,917,977,854,938,900,935,958,954,991,1002,980,1036,1012,1026,1096,1076,1087,1144,1152,1210,1170,1162,1208,1313,1213,1285,1248,1293,1380,1348,1386,1408,1361,1397,1443,1486,1463,1509,1507,1507,1474,1500,1542,1533,1484,1485,1438,1466,1361,1268,1170,1102,905,673,452
1,1,9,16,55,91,172,325,515,750,1103,1601,2224,2824,3574,4552,5547,6466,7370,8373,9406,10078,10814,11496,11624,11788,11658,11728,11573,11014,10684,10560,10185,9902,9722,10035,9930,10342,10751,11353,12172,12740,13506,14215,15044,15702,16426,16942,17350,17523,17510,17674,17479,17424,16958,16422,15809,15228,14468,13868,13116,12419,11676,10793,9995,9542,8840,8403,7555,6945,6610,6242,5839,5458,5131,4792,4588,4276,4138,3800,3858,3594,3585,3459,3373,3224,3194,3138,2872,2956,2802,2742,2771,2669,2643,2541,2483,2345,2412,2309,2219,2228,2178,2074,2045,2092,1941,1896,1873,1865,1838,1765,1721,1721,1711,1637,1671,1649,1577,1549,1543,1463,1472,1466,1312,1384,1400,1325,1422,1329,1269,1328,1218,1181,1157,1192,1155,1183,1177,1135,1078,1134,1122,1064,1054,999,1030,1041,971,1001,940,986,974,973,991,937,927,938,883,934,904,920,858,898,820,836,782,830,844,843,813,839,792,866,829,841,808,800,815,781,803,773,782,786,787,725,748,753,841,755,768,830,776,719,745,777,739,738,742,743,785,731,788,768,790,778,751,784,787,786,748,787,760,803,728,780,781,830,744,715,737,802,764,765,756,833,772,827,776,834,797,748,768,795,845,841,871,799,813,849,838,817,898,911,869,880,882,912,915,866,875,983,1022,1011,955,993,1005,1039,1070,1107,1029,1114,1151,1148,1096,1225,1146,1164,1208,1251,1304,1277,1234,1370,1252,1347,1311,1392,1411,1425,1435,1425,1486,1382,1509,1436,1515,1534,1532,1460,1400,1387,1430,1370,1209,1134,1042,929,671,408
0,3,4,29,37,71,149,255,438,656,977,1340,1791,2487,3199,4102,4940,5947,6829,7755,8767,9572,10324,10963,11543,11847,11879,11719,11559,11377,10883,10417,10338,9913,9774,9649,9843,10072,10458,10958,11511,12081,12793,13606,14446,15044,15740,16543,16766,17405,17423,17787,17513,17244,16920,16648,16136,15604,15014,14366,13784,13190,12327,11635,10600,10145,9420,8784,8236,7617,7153,6648,6153,5765,5316,5001,4762,4475,4312,3965,3924,3683,3608,3565,3431,3339,3289,3067,3103,3113,2963,2875,2706,2758,2627,2598,2524,2492,2394,2363,2212,2239,2267,2162,2098,2022,1982,1988,1928,1835,1839,1838,1788,1713,1741,1699,1690,1608,1578,1560,1500,1464,1462,1427,1486,1373,1456,1380,1346,1296,1254,1222,1251,1248,1266,1122,1229,1182,1208,1125,1118,1133,1125,1116,1090,1059,1021,1080,996,1014,957,967,950,958,972,893,983,935,883,937,912,890,864,908,878,884,886,879,837,829,822,782,823,794,825,851,811,804,830,836,775,792,815,801,783,755,765,766,774,774,762,748,775,754,768,804,762,746,732,755,783,726,763,740,779,761,790,702,751,715,751,715,771,750,804,762,756,767,781,783,755,769,791,742,819,797,799,791,812,811,788,812,764,833,817,830,831,868,861,824,835,886,850,893,899,805,895,917,931,921,988,909,980,949,990,1002,1008,1089,1062,1001,1078,1114,1129,1098,1119,1179,1121,1234,1124,1172,1260,1292,1164,1328,1317,1343,1316,1364,1419,1391,1405,1437,1463,1493,1481,1444,1501,1493,1563,1396,1391,1360,1332,1304,1297,1181,1015,893,706,423
1,1,4,15,38,63,110,201,368,587,800,1215,1621,2209,2858,3458,4309,5289,6257,7292,8167,8975,9752,10523,11098,11443,11538,11809,11638,11333,10905,10870,10329,10047,9859,9659,9764,9594,10051,10545,10830,11507,12230,12888,13791,14515,15178,15579,16368,16776,17207,17727,17291,17733,17174,16782,16537,15998,15671,15059,14470,13545,12919,12122,11444,10741,10144,9480,8719,7985,7537,7116,6501,6172,5663,5444,4962,4785,4620,4226,4168,3825,3753,3623,3572,3412,3300,3129,3154,3099,2960,2943,2819,2752,2708,2559,2646,2601,2567,2391,2391,2354,2280,2194,2224,2050,2074,2038,2037,1885,1823,1902,1767,1753,1721,1702,1726,1615,1663,1568,1595,1495,1520,1498,1411,1383,1391,1453,1362,1334,1345,1304,1288,1238,1227,1225,1174,1205,1169,1191,1154,1141,1145,1075,1097,1070,1092,1041,978,1061,1010,935,959,1003,991,923,907,907,950,919,904,885,904,890,832,888,872,853,858,884,902,901,864,788,840,849,859,853,814,789,831,780,781,851,791,766,753,745,736,813,748,775,761,757,782,788,762,725,736,715,802,751,758,758,723,729,721,743,753,713,774,799,732,814,792,748,752,757,789,818,742,794,813,762,769,764,788,781,797,818,830,852,816,818,788,825,874,873,877,834,864,875,822,834,910,932,868,935,951,915,944,1001,961,926,963,995,997,1042,997,1048,1125,1112,1102,1159,1112,1158,1244,1123,1167,1252,1234,1235,1283,1250,1284,1256,1385,1293,1322,1403,1414,1405,1421,1401,1421,1420,1477,1487,1461,1377,1378,1376,1321,1237,1138,1069,992,853,646,416
0,1,3,14,17,68,92,181,276,424,686,1020,1375,1853,2413,3182,3842,4819,5738,6755,7507,8408,9251,9908,10653,11178,11509,11601,11668,11397,11166,10867,10479,10252,9941,9709,9649,9594,9615,10078,10506,10903,11555,12388,12900,13766,14386,15412,15742,16383,16942,17211,17231,17302,17190,17057,16952,16497,16037,15640,14917,14156,13355,12839,12170,11345,10657,9911,9398,8626,8094,7611,7068,6551,6076,5532,5390,5016,4715,4494,4182,4059,3973,3759,3584,3431,3524,3235,3197,3084,2977,3028,2939,2845,2714,2728,2606,2567,2505,2461,2473,2324,2255,2302,2241,2199,2141,2087,2020,1976,1886,1878,1826,1831,1692,1711,1716,1670,1671,1584,1617,1583,1598,1483,1522,1433,1419,1376,1444,1323,1442,1341,1305,1249,1205,1276,1209,1144,1240,1180,1093,1173,1201,1102,1142,1045,1027,1058,1075,1090,1039,993,978,1000,972,982,1049,919,994,938,915,869,926,870,922,869,898,936,848,886,850,823,842,824,825,817,847,886,823,810,735,739,789,840,773,836,817,814,769,793,808,788,782,803,781,744,794,783,736,773,735,754,766,746,761,777,778,725,740,744,773,778,728,823,788,757,797,812,769,832,730,750,768,785,818,773,788,799,825,804,799,866,803,798,839,811,813,858,836,872,889,866,872,884,864,874,926,914,927,903,963,973,894,989,1000,1024,1042,982,1044,1067,1084,1070,1090,1041,1150,1134,1134,1211,1142,1175,1241,1226,1196,1242,1262,1338,1313,1325,1281,1375,1368,1455,1395,1415,1407,1452,1393,1360,1410,1383,1405,1360,1338,1280,1142,1040,951,767,647,354
0,1,4,8,8,54,90,155,241,385,538,829,1165,1650,2202,2793,3639,4178,5024,5998,7016,7836,8754,9663,10297,10859,11088,11357,11396,11441,11159,10981,10747,10366,10052,9756,9745,9359,9509,9600,10006,10580,10961,11768,12508,13136,13959,14533,15215,15677,16102,16573,17242,17011,17363,17288,16931,16936,16300,15676,15242,14788,14307,13563,12792,12065,11349,10651,9944,9351,8630,8069,7559,6929,6500,6104,5654,5230,4942,4747,4518,4246,4142,3873,3751,3600,3543,3381,3298,3229,3124,3019,2959,2887,2842,2777,2753,2603,2600,2543,2458,2433,2430,2300,2215,2201,2196,2119,2037,2035,1989,1919,1902,1794,1813,1711,1769,1704,1638,1604,1590,1589,1453,1535,1489,1497,1454,1457,1446,1322,1367,1363,1319,1258,1238,1247,1215,1259,1266,1193,1162,1196,1158,1152,1180,1149,1058,1077,1051,1003,1015,995,1072,970,1009,1012,1013,938,960,1006,953,926,932,911,931,884,852,895,914,884,846,842,887,852,825,883,823,807,790,794,818,813,792,779,797,838,823,791,845,798,756,797,820,803,764,741,803,724,766,726,762,771,767,767,720,773,794,739,720,772,802,777,802,767,820,768,853,782,794,740,794,757,771,802,794,825,797,793,811,824,803,819,811,827,829,907,793,834,856,870,886,871,854,848,830,865,861,921,934,941,948,955,999,944,969,956,1027,1056,1015,1003,1032,1077,1100,1099,1156,1075,1177,1134,1112,1176,1199,1208,1293,1260,1325,1224,1296,1319,1334,1387,1423,1395,1338,1456,1332,1400,1459,1413,1300,1304,1268,1295,1238,1195,1084,1000,914,774,557,345
0,0,3,6,16,37,65,127,193,304,468,765,963,1418,1867,2453,3159,3879,4673,5618,6351,7308,8332,8931,9738,10459,10821,11081,11210,11374,11421,11345,10900,10266,10123,10026,9554,9592,9461,9607,9622,10035,10706,11126,11597,12594,13096,13841,14634,15380,15894,16204,16669,16866,17083,17260,16884,16925,16503,16261,15965,15144,14763,14081,13064,12509,11811,11418,10429,9766,9320,8683,8159,7539,7108,6457,5999,5520,5224,5038,4797,4369,4337,4052,3890,3712,3693,3486,3460,3405,3230,3072,3063,2992,2937,2763,2721,2685,2679,2544,2527,2423,2543,2307,2334,2214,2173,2098,2114,2058,2044,1953,1856,1858,1825,1770,1689,1734,1658,1699,1751,1674,1606,1523,1499,1465,1458,1318,1414,1468,1400,1320,1278,1297,1277,1243,1216,1236,1229,1246,1220,1088,1222,1131,1090,1171,1134,1161,1058,1070,1003,1068,981,1053,995,992,947,1018,994,934,948,960,956,923,890,970,898,905,862,878,848,867,842,864,836,842,785,888,881,831,789,776,830,873,795,801,787,830,787,805,780,785,797,759,837,705,762,743,792,796,754,789,819,766,756,762,744,784,826,746,734,789,742,786,797,746,792,779,754,755,794,813,775,822,841,798,788,789,819,819,865,801,854,816,859,822,858,879,816,863,836,890,871,941,859,876,856,874,951,910,906,996,880,992,958,957,979,1024,1052,986,1039,1056,1087,1167,1090,1076,1176,1147,1167,1216,1167,1211,1181,1270,1284,1210,1323,1328,1305,1332,1258,1340,1332,1366,1320,1346,1380,1376,1328,1347,1288,1275,1245,1169,1122,950,867,750,625,373
0,0,1,7,11,15,55,97,149,283,387,620,847,1178,1588,2054,2832,3402,4209,4901,5931,6628,7633,8408,9208,9735,10485,10936,11120,11236,11199,11174,11103,10844,10232,10156,9984,9602,9367,9425,9667,9622,10112,10775,11060,11775,12636,13397,13867,14627,15198,15647,16366,16739,16834,17037,16878,17060,16991,16333,15900,15487,14965,14557,14020,13301,12644,11781,11225,10453,9811,9250,8782,8012,7438,6861,6435,6063,5604,5084,5068,4761,4545,4282,4118,3736,3691,3638,3557,3480,3279,3222,3189,2934,2976,2898,2712,2814,2738,2745,2575,2569,2452,2378,2346,2306,2291,2154,2061,2141,2013,1941,1894,2003,1880,1814,1803,1696,1681,1740,1614,1677,1593,1527,1566,1536,1498,1479,1346,1431,1460,1378,1388,1289,1341,1305,1313,1225,1290,1221,1229,1182,1129,1147,1160,1095,1125,1133,1070,1114,1069,1120,1037,1024,1000,1073,1000,968,950,926,976,928,934,904,912,930,929,881,900,912,823,864,882,941,926,891,844,847,810,855,805,810,846,795,765,794,818,766,866,840,769,822,773,839,788,780,781,740,763,770,804,766,780,813,775,730,746,743,739,819,740,765,802,753,733,791,726,823,788,758,841,793,765,827,781,777,788,793,803,786,837,819,772,828,802,811,827,859,880,855,884,879,909,861,886,900,885,934,856,948,921,940,978,971,935,953,968,1070,1000,1073,1025,1070,1057,1046,1020,1193,1130,1201,1146,1164,1205,1229,1228,1240,1305,1256,1204,1324,1262,1281,1295,1364,1329,1336,1395,1317,1297,1319,1318,1359,1345,1293,1178,1162,1030,902,846,742,559,335
0,0,1,5,11,18,40,75,133,229,366,540,765,1010,1428,1857,2406,3029,3838,4566,5383,6180,7192,7967,8729,9527,9934,10576,10997,11017,11159,11110,11145,10784,10512,10199,10153,9547,9612,9244,9543,9740,9823,10110,10684,11261,11842,12652,13336,13850,14395,15180,15590,16289,16366,16789,16953,17009,16700,16528,16342,15883,15559,15200,14476,13584,13220,12359,11668,11186,10509,9687,9251,8440,8125,7349,6955,6397,6184,5679,5214,4931,4701,4500,4209,3991,3787,3788,3626,3461,3417,3169,3122,3113,2995,2879,2911,2806,2737,2682,2628,2548,2621,2537,2508,2368,2310,2218,2217,2139,2094,1993,1967,1973,1935,1950,1821,1805,1755,1701,1641,1707,1540,1583,1546,1522,1467,1456,1470,1428,1418,1366,1421,1463,1405,1349,1338,1322,1258,1215,1268,1191,1190,1172,1142,1176,1110,1114,1064,1049,1112,1004,1082,1028,1037,1026,1012,945,1016,949,970,943,962,962,937,908,892,933,936,905,876,902,887,819,798,890,855,909,877,856,800,862,864,812,793,768,814,792,807,822,799,799,770,831,826,813,767,843,769,779,789,794,825,817,760,763,758,748,804,775,775,784,746,811,805,810,795,762,769,803,736,760,818,753,794,801,853,838,724,826,828,852,784,803,857,844,804,832,832,884,861,919,842,870,936,933,878,907,972,959,901,973,969,1049,949,940,987,1039,1059,1070,1044,985,1000,1115,1073,1123,1110,1071,1147,1183,1157,1232,1132,1257,1287,1197,1293,1245,1239,1318,1323,1297,1330,1235,1372,1326,1280,1226,1280,1266,1213,1212,1192,1058,985,939,856,718,540,362
1,2,1,1,15,20,32,59,97,175,273,425,616,897,1165,1618,2097,2815,3258,4104,4826,5559,6390,7360,8303,8873,9670,10223,10670,10755,11016,11225,11007,10875,10524,10357,10090,9736,9792,9375,9301,9336,9558,9885,10309,10714,11224,12127,12928,13366,13975,14600,15309,15575,16146,16574,16863,16866,16821,16734,16488,16349,15764,15485,14796,14359,13922,13015,12431,11516,11095,10233,9856,9157,8474,8083,7268,6799,6384,5925,5728,5186,4919,4680,4524,4214,4013,3811,3776,3481,3493,3352,3326,3111,3071,2977,3005,2857,2839,2751,2662,2591,2556,2543,2490,2344,2323,2283,2206,2194,2110,2066,2007,1974,1896,1893,1831,1822,1869,1746,1736,1669,1619,1604,1558,1600,1496,1475,1508,1444,1444,1389,1395,1372,1371,1365,1357,1284,1299,1246,1239,1199,1163,1207,1179,1150,1144,1137,1137,1097,1099,1114,1027,1065,1062,1061,993,1001,1072,1021,921,976,968,925,934,961,936,922,895,845,868,863,873,946,889,861,883,822,875,813,862,863,814,798,843,830,743,844,844,836,786,787,805,784,804,800,747,778,812,768,837,803,780,765,844,781,754,779,781,730,795,802,797,743,816,766,766,774,778,792,808,782,772,781,797,796,835,890,811,782,818,817,823,827,797,856,831,878,823,900,880,857,897,890,853,898,888,944,1009,969,921,993,1017,970,948,984,1030,997,1075,1012,1072,1067,1084,1070,1103,1087,1100,1135,1149,1106,1145,1232,1203,1212,1203,1220,1211,1243,1268,1265,1320,1275,1262,1305,1242,1325,1214,1253,1276,1209,1260,1180,1115,1084,990,981,884,704,531,327
0,0,2,0,6,15,29,58,88,144,220,375,506,740,1056,1344,1862,2361,2953,3578,4408,5307,5905,6885,7646,8394,8960,9901,10294,10827,10851,11057,11123,10973,10680,10473,10138,9820,9641,9462,9290,9379,9218,9358,9890,10161,10900,11275,11870,12580,13494,14090,14769,15437,15836,16198,16447,16835,16756,16860,16676,16439,15808,15842,15684,14855,14036,13504,12987,12237,11509,11160,10186,9592,9134,8518,7909,7433,6938,6428,5909,5549,5314,4842,4679,4352,4222,3970,3867,3726,3500,3541,3419,3233,3140,3070,3015,2945,2884,2732,2768,2593,2609,2571,2575,2479,2389,2323,2291,2241,2178,2107,2084,2041,2020,1935,1819,1901,1788,1819,1713,1834,1712,1716,1643,1539,1621,1522,1567,1458,1483,1429,1413,1360,1352,1339,1324,1287,1271,1241,1242,1222,1180,1179,1147,1245,1181,1139,1112,1088,1128,1112,1102,1059,1054,1035,1021,974,998,997,1020,1034,926,928,948,978,950,910,967,910,940,934,854,895,820,834,880,837,843,847,824,887,849,852,856,817,808,854,800,805,818,849,783,785,830,793,803,764,818,844,793,798,802,844,759,782,761,835,741,785,778,746,786,818,763,790,801,807,800,797,748,821,787,823,755,787,775,815,814,831,809,841,846,812,844,817,842,852,825,875,860,901,879,850,878,924,903,874,919,954,963,947,923,974,1044,899,960,1028,1021,1036,1010,1048,1080,1090,1066,1152,1018,1070,1096,1160,1152,1134,1214,1222,1223,1278,1245,1266,1242,1285,1280,1250,1215,1269,1272,1293,1260,1276,1210,1217,1282,1135,1093,1013,982,966,785,654,531,351
0,0,1,1,5,8,23,43,76,117,189,267,440,615,878,1165,1602,2034,2574,3249,3932,4741,5418,6247,7037,7907,8492,9333,10004,10271,10603,10968,10841,10897,10882,10575,10297,10065,9691,9594,9486,9166,9211,9479,9485,9899,10464,10947,11348,12286,12737,13676,14167,14657,15387,15677,15963,16537,16699,17013,16684,16630,16622,15880,15649,15177,14772,14052,13580,12936,12008,11709,11021,10189,9629,9048,8489,7860,7304,6851,6505,6045,5406,5260,4876,4640,4369,4174,4066,3862,3754,3513,3491,3359,3239,3174,3009,2996,2891,2839,2707,2704,2672,2578,2522,2454,2482,2416,2404,2256,2176,2158,2077,1954,1974,1969,2014,1887,1992,1830,1722,1733,1704,1646,1693,1644,1572,1543,1579,1537,1518,1460,1471,1388,1431,1382,1324,1281,1267,1301,1218,1266,1293,1290,1108,1153,1182,1226,1166,1136,1145,1131,1143,1061,1028,1050,1055,992,991,1004,961,1026,958,953,976,929,950,931,948,891,948,955,862,921,854,894,846,833,844,904,919,792,830,810,851,807,871,807,863,816,765,804,829,800,760,826,760,819,834,729,785,835,760,796,882,797,842,783,737,802,819,809,828,791,750,759,793,772,766,788,775,761,747,780,766,815,838,803,780,815,832,817,800,857,844,807,786,859,848,871,876,888,868,856,834,895,908,890,905,931,949,929,930,1024,967,917,958,950,1018,1018,1034,1035,1039,1042,1036,1121,1100,1151,1096,1114,1203,1128,1126,1231,1209,1156,1281,1174,1265,1274,1261,1261,1258,1240,1251,1237,1229,1200,1189,1186,1115,1143,1100,1027,1016,907,806,668,524,301
0,1,0,1,8,11,20,24,62,106,166,244,359,554,782,1023,1385,1897,2272,2825,3507,4267,5035,5900,6544,7352,8042,8755,9443,10181,10518,10763,10689,10946,10791,10648,10657,10211,9886,9757,9406,9395,9274,9163,9290,9633,9868,10258,10822,11385,12219,12851,13581,14108,14529,15319,15715,15961,16505,16508,16706,16627,16335,16210,16012,15547,15214,14644,13883,13453,12954,12076,11489,10783,10163,9711,8912,8453,7827,7445,6912,6147,5834,5464,5276,4851,4633,4520,4150,3921,3720,3742,3585,3511,3316,3278,3146,3048,3040,2944,2934,2785,2666,2662,2633,2562,2516,2453,2366,2329,2171,2256,2145,2016,2150,2061,2028,1941,1888,1805,1817,1866,1734,1800,1661,1666,1600,1592,1537,1586,1477,1522,1493,1393,1386,1480,1321,1371,1318,1386,1264,1332,1238,1193,1192,1193,1138,1157,1167,1162,1142,1063,1090,1100,1085,1049,1041,1074,978,1037,941,964,953,1028,945,971,970,935,941,888,924,907,873,916,892,877,856,932,871,856,891,852,842,810,854,815,839,821,849,804,851,873,843,804,771,795,783,830,773,778,816,809,784,805,757,807,786,779,824,812,811,832,784,772,783,778,739,787,827,829,814,810,770,839,778,752,830,859,780,819,834,883,819,830,844,836,865,823,860,837,907,892,893,851,819,871,915,874,933,903,980,952,903,950,954,964,959,1034,1014,995,1003,1068,1083,1108,1078,1093,1097,1113,1064,1113,1196,1142,1199,1107,1178,1154,1199,1226,1168,1256,1292,1228,1251,1213,1202,1255,1130,1211,1192,1147,1126,1130,1066,1014,935,846,774,604,555,328
0,0,0,0,2,3,14,33,55,87,141,220,315,457,626,915,1174,1579,1935,2513,3172,3757,4593,5328,6196,6830,7614,8394,9004,9501,9868,10541,10752,10888,10820,10845,10573,10377,10059,9697,9577,9199,9226,9143,9086,9299,9508,9879,10319,11180,11509,12224,12963,13690,14097,14682,15230,15808,15848,16342,16567,16500,16459,16321,15972,15833,15344,15061,14488,13848,13411,12726,11825,11428,10840,9911,9681,9064,8422,7806,7310,6872,6443,6160,5706,5300,4896,4694,4332,4231,4052,3830,3697,3566,3375,3327,3235,3121,2977,3049,2922,2801,2759,2620,2763,2514,2640,2482,2392,2353,2267,2270,2184,2112,2086,2103,1984,1982,1951,1896,1833,1864,1850,1813,1661,1630,1616,1631,1571,1633,1471,1506,1500,1462,1424,1379,1398,1301,1284,1325,1273,1264,1255,1256,1222,1245,1167,1217,1218,1147,1129,1080,1127,1089,1106,1100,1076,1029,1062,995,979,966,974,966,968,1000,956,959,933,982,975,833,973,921,902,939,901,851,854,843,859,788,833,916,818,814,826,814,833,862,842,833,833,816,854,794,795,811,792,809,795,805,799,810,801,831,820,816,813,790,804,840,817,854,791,835,817,827,778,847,824,843,781,809,827,792,841,813,840,791,812,815,919,854,839,835,890,841,808,837,907,954,858,904,892,891,895,899,908,961,909,890,975,951,1017,937,959,1037,1045,1032,963,1044,1081,1066,1038,1035,1113,1108,1094,1076,1090,1100,1165,1171,1179,1187,1235,1257,1189,1192,1227,1225,1154,1200,1218,1251,1101,1202,1181,1176,1069,1012,1035,978,920,863,730,630,511,338
0,0,0,1,1,3,7,18,40,69,96,167,262,383,530,733,987,1390,1776,2197,2733,3435,4046,4706,5521,6328,7053,7883,8579,9170,9530,10131,10381,10686,10831,10843,10554,10324,10149,10019,9662,9431,9220,9109,9156,9275,9274,9480,9870,10508,10934,11673,12233,12884,13594,14265,14808,15423,15860,16110,16292,16351,16583,16574,16233,16082,15651,15563,14705,14369,13882,13213,12808,12278,11326,10809,10126,9525,8849,8325,7573,7117,6865,6291,5860,5579,5225,4925,4631,4428,4249,4010,3781,3715,3500,3321,3418,3288,3184,3062,3002,2856,2856,2785,2668,2632,2638,2600,2516,2485,2379,2265,2223,2109,2134,2101,2138,2032,1956,1960,1991,1785,1799,1701,1732,1680,1646,1644,1643,1568,1533,1530,1481,1428,1426,1436,1430,1421,1387,1356,1293,1225,1283,1303,1305,1256,1260,1151,1143,1175,1178,1143,1089,1118,1141,1064,1056,1069,1045,1086,981,1064,952,963,1008,1005,925,897,933,940,906,956,916,902,893,876,896,921,841,870,840,807,882,885,833,839,827,844,825,908,876,844,827,866,851,882,834,852,815,805,800,888,858,791,803,776,813,785,730,771,810,816,789,755,811,840,814,774,801,791,819,774,809,825,796,851,772,824,809,826,869,841,825,868,856,839,790,837,848,877,851,880,897,867,901,888,912,933,950,874,910,940,963,958,958,1015,947,986,977,1002,1040,1000,990,1068,1084,1057,1086,1111,1088,1069,1102,1090,1146,1087,1142,1149,1167,1278,1204,1183,1124,1230,1214,1221,1229,1247,1139,1149,1147,1141,1106,1049,1022,993,914,836,711,615,474,299
0,0,0,0,1,2,5,19,24,60,93,148,219,327,440,612,863,1174,1570,1913,2426,2960,3681,4393,4915,5917,6609,7251,7891,8586,9294,9809,10261,10338,10548,10600,10698,10611,10156,10063,9907,9620,9324,9082,9169,8872,8989,9357,9570,9933,10519,11172,11731,12250,12993,13546,14313,14714,15424,15613,16196,16274,16300,16465,16337,16324,15850,15616,15435,14800,14333,13789,13050,12500,11856,11312,10843,10000,9402,8881,8445,7773,7141,6911,6271,5957,5643,5093,4875,4827,4326,4173,4078,3814,3671,3554,3470,3311,3335,3109,3042,2934,2871,2889,2762,2684,2778,2541,2516,2382,2469,2316,2316,2254,2164,2185,2166,2053,1967,2005,1884,1874,1860,1838,1740,1745,1638,1721,1645,1676,1601,1516,1510,1549,1468,1443,1456,1399,1395,1341,1342,1312,1299,1247,1270,1273,1218,1227,1186,1217,1132,1139,1118,1116,1050,1069,1039,1025,1044,1015,1084,1025,997,982,999,988,1002,1036,950,967,949,950,964,900,955,970,907,913,882,848,939,871,894,902,861,865,837,869,851,811,869,824,866,783,826,843,839,842,841,824,849,801,795,808,784,846,800,862,812,825,797,815,788,819,801,799,767,807,807,803,816,804,788,820,853,831,805,821,801,798,853,829,859,807,825,829,864,841,842,862,834,883,859,885,932,894,863,1003,942,924,952,913,999,945,1038,995,925,945,1004,997,1020,1024,1028,1008,1062,1110,1070,1017,1111,1137,1102,1140,1106,1108,1126,1159,1117,1178,1187,1224,1186,1198,1182,1150,1196,1154,1168,1113,1131,1067,1045,1052,1012,941,883,747,695,636,493,281
0,0,0,0,2,3,9,15,14,37,71,99,187,272,388,556,756,1036,1301,1749,2176,2685,3183,3976,4619,5305,6015,6801,7516,8273,8827,9382,9940,10233,10522,10595,10432,10724,10468,10148,9845,9725,9493,9290,9129,9005,8899,9108,9336,9510,10211,10581,11025,11809,12454,13135,13453,13875,14846,15191,15608,15843,16282,16153,16366,16519,16156,15983,15876,15218,14619,14190,13563,13093,12564,12077,11426,10724,9947,9347,8852,8206,7617,7179,6733,6410,5982,5554,5174,4946,4591,4521,4268,3963,3862,3670,3566,3425,3299,3196,3088,3030,2976,2883,2707,2806,2617,2642,2557,2461,2493,2381,2318,2253,2222,2167,2130,2121,2121,2064,1938,1886,1831,1878,1798,1771,1696,1675,1608,1660,1642,1546,1702,1531,1493,1497,1457,1361,1412,1393,1373,1330,1369,1384,1277,1243,1240,1286,1150,1197,1178,1085,1122,1143,1140,1070,1099,1079,1032,1099,1027,1060,1074,1005,975,1043,956,1028,969,977,1028,897,949,943,950,906,955,941,894,831,884,889,889,849,896,931,850,872,834,838,838,875,887,801,804,847,851,830,801,855,853,769,788,868,792,840,844,834,775,822,766,830,765,772,816,792,837,787,788,841,831,819,828,804,803,795,805,859,851,792,812,827,849,851,852,778,831,809,824,815,914,859,892,826,884,912,900,923,923,945,950,940,963,951,969,1033,1017,983,1013,978,997,916,1051,1022,1094,1055,1053,1009,1061,1100,1133,1154,1090,1109,1082,1172,1098,1116,1128,1172,1187,1121,1196,1086,1172,1165,1204,1049,1078,1139,1033,971,1031,858,829,799,683,603,465,290
0,0,0,0,1,1,5,12,16,29,66,98,163,212,327,477,598,888,1242,1472,1910,2307,2858,3489,4110,4919,5541,6339,7075,7702,8529,8913,9478,9961,10321,10573,10707,10618,10381,10190,10072,9731,9598,9274,9167,9063,8959,8983,9302,9620,9497,10112,10360,11040,11961,12417,12990,13580,14075,14724,15042,15683,16045,16259,16284,16416,16141,16183,15783,15448,15165,14910,14101,13319,12800,12409,11866,11355,10622,9946,9426,8854,8105,7894,7235,6776,6320,6039,5432,5206,4910,4597,4283,4228,4031,3785,3785,3661,3490,3288,3057,3152,3032,2983,2816,2796,2782,2724,2728,2574,2424,2446,2384,2363,2276,2151,2206,2110,2083,2011,1942,1859,1942,1879,1792,1767,1748,1786,1779,1704,1646,1597,1547,1516,1450,1542,1511,1376,1409,1364,1335,1408,1357,1335,1323,1298,1336,1290,1232,1205,1158,1179,1205,1114,1136,1156,1118,1043,1101,1014,1045,1074,1037,1043,1045,1012,987,955,981,1007,983,984,909,1006,946,942,927,933,911,863,877,919,917,874,900,873,859,855,842,831,846,886,836,809,879,810,791,794,836,882,759,826,872,832,801,806,775,812,855,784,769,815,809,798,805,844,770,815,819,829,843,806,877,813,836,834,793,829,822,799,858,843,819,820,797,864,867,835,848,879,831,888,821,879,870,875,918,943,872,902,891,902,929,910,945,1029,993,981,1012,973,999,992,964,1048,1061,1083,1024,1063,1071,1116,1078,1155,1107,1139,1098,1117,1101,1164,1122,1191,1093,1094,1185,1122,1102,1110,1100,1081,1087,1037,1038,1004,950,953,798,767,659,622,485,301
0,0,0,0,0,4,4,6,18,25,47,70,138,198,264,439,548,703,997,1289,1700,2111,2635,3074,3834,4540,5153,5786,6538,7332,7904,8558,9183,9536,10023,10188,10363,10603,10578,10310,10187,10095,9815,9530,9159,9015,9070,8781,8858,9095,9247,9635,10160,10674,11314,11380,12602,13110,13644,14576,14974,15257,15514,15913,16123,16245,16186,16125,15999,15752,15305,15064,14708,14018,13573,12846,12258,11835,11119,10372,9872,9288,8678,8096,7538,7285,6795,6214,5952,5475,5202,4860,4554,4575,4247,3930,3758,3679,3467,3465,3286,3273,2965,3062,2953,2901,2844,2772,2633,2622,2496,2573,2411,2357,2287,2313,2271,2203,2188,2097,2079,1984,1940,1881,1882,1884,1782,1771,1675,1667,1654,1662,1553,1529,1578,1578,1508,1511,1414,1396,1408,1396,1357,1320,1347,1308,1256,1279,1270,1230,1185,1224,1226,1169,1176,1102,1081,1088,1053,1086,1104,1052,1137,1061,1014,1009,996,1000,1004,1011,993,973,960,954,891,976,931,978,986,937,915,890,883,863,914,875,828,842,903,806,840,814,871,830,830,848,778,833,851,806,879,802,819,790,830,863,769,769,837,781,855,872,798,764,761,813,871,812,829,811,804,811,817,791,793,845,834,820,883,809,822,825,766,844,891,848,885,847,869,893,846,847,876,873,872,859,909,968,927,945,955,874,906,977,934,922,1009,951,1001,978,1005,1015,980,971,1072,997,1041,1034,1050,1036,1126,1060,1050,1116,1138,1067,1099,1169,1093,1114,1058,1157,1186,1111,1114,1039,1242,1098,1021,1095,988,984,965,852,879,785,636,609,468,284
0,0,0,0,0,3,2,9,9,27,40,55,101,161,219,332,474,633,776,1110,1424,1821,2297,2797,3362,3995,4757,5389,6144,6851,7486,8020,8604,9205,9630,10000,10237,10385,10444,10498,10238,10203,9714,9598,9229,9031,8862,8856,8715,9070,8954,9269,9890,10145,10700,11384,11843,12571,13114,13696,14311,14892,15317,15710,15812,16129,16046,16247,16078,15985,15597,15442,15158,14474,14032,13333,12945,12380,11944,11167,10312,9809,9235,8743,8129,7604,7132,6725,6307,5962,5447,5113,4930,4591,4362,4131,4029,3799,3794,3602,3417,3345,3229,3103,3069,2947,2808,2784,2687,2628,2546,2583,2452,2478,2343,2340,2158,2276,2214,2061,1984,2173,1920,1903,1908,1895,1851,1820,1770,1692,1763,1619,1672,1620,1573,1584,1544,1524,1427,1430,1471,1425,1373,1391,1363,1377,1333,1323,1231,1213,1230,1214,1138,1136,1190,1165,1121,1100,1099,1082,1090,1113,1038,1083,1041,1038,1008,1007,996,1041,985,983,1034,963,874,942,925,911,964,953,869,880,941,967,877,873,904,858,876,895,830,867,845,868,841,849,881,790,809,839,865,857,804,845,853,809,750,803,847,825,788,821,815,813,844,788,839,825,782,834,789,811,810,811,843,826,802,811,809,836,833,796,851,866,868,882,865,833,838,841,840,813,900,843,812,903,921,901,956,919,931,913,916,903,981,944,964,957,916,986,1009,948,937,1017,1063,990,1003,1048,1074,1116,1031,1022,1085,1076,1134,1108,1122,1086,1127,1015,1142,1127,1113,1068,1042,1085,1072,1091,1098,970,972,1003,903,858,812,751,673,587,466,312
0,0,0,0,1,1,2,3,13,8,19,58,77,148,215,269,428,521,752,964,1275,1631,1928,2470,3043,3623,4240,4899,5712,6241,7097,7599,8203,8892,9304,9777,9979,10188,10345,10554,10337,10128,10080,9737,9482,9248,8956,8874,8861,8821,8920,9214,9272,9829,10113,10647,11375,11869,12508,13218,13914,14426,14797,15344,15686,15729,16013,16099,15843,16132,16023,15504,15329,14753,14434,14059,13387,12998,12349,11679,10980,10445,9962,9428,8462,8107,7687,7155,6868,6157,5845,5413,5202,4828,4483,4327,4098,4014,3832,3586,3532,3438,3252,3139,3019,3048,2877,2863,2806,2655,2587,2675,2576,2471,2433,2356,2237,2178,2224,2203,2137,2139,2105,1939,1923,1962,1856,1821,1714,1712,1726,1663,1680,1686,1565,1540,1536,1519,1547,1456,1546,1447,1372,1340,1367,1348,1379,1304,1338,1255,1252,1247,1220,1200,1155,1161,1107,1115,1101,1123,1082,1075,1087,1098,1059,1015,1027,1065,1085,1053,976,976,968,1013,1000,904,975,969,944,894,906,887,924,951,885,917,923,880,893,814,873,895,834,886,847,806,860,891,866,869,828,831,772,823,791,861,802,779,778,811,789,794,774,761,767,876,816,779,883,858,773,835,794,858,800,810,822,821,879,847,808,822,849,863,830,871,835,888,832,896,816,794,847,848,912,846,859,909,882,902,926,916,900,903,925,934,984,974,955,967,1010,1037,935,989,1017,992,1045,1016,998,1075,1122,1092,1122,1040,1119,1047,1090,1092,1036,1071,1045,1097,1102,1147,1192,1016,993,1034,1001,969,969,922,877,829,776,784,685,567,459,297
0,0,0,0,1,2,2,5,8,15,24,40,71,92,139,246,311,464,656,833,1101,1440,1816,2195,2697,3168,3750,4353,5121,5866,6371,7212,7957,8277,8889,9487,9923,9976,10192,10146,10351,10404,10115,9753,9753,9269,9109,8855,8917,8991,8916,8803,9226,9209,9914,10209,10846,11350,11939,12652,13307,13585,14478,14716,15303,15563,15647,16132,16183,16075,16053,15632,15708,15135,15032,14209,13804,13442,12848,12116,11411,10852,10406,9856,9294,8742,8218,7562,6984,6818,6112,5683,5396,5199,4925,4548,4343,4279,4103,3789,3591,3470,3437,3329,3247,3084,3019,2952,2756,2881,2788,2635,2565,2491,2454,2408,2300,2272,2289,2188,2182,2110,2081,2022,1967,1952,1923,1900,1864,1740,1771,1788,1704,1684,1623,1574,1566,1590,1515,1514,1395,1452,1439,1382,1357,1322,1368,1224,1320,1280,1302,1225,1218,1268,1143,1187,1073,1172,1155,1178,1079,1073,1115,1086,1019,1075,1033,998,1036,1049,988,1007,972,959,941,944,915,902,911,953,986,948,925,879,898,914,870,888,893,909,893,848,895,864,862,865,821,873,842,822,894,842,834,852,826,805,830,850,810,801,852,821,820,793,790,902,758,796,803,790,775,846,856,789,882,784,799,772,841,807,824,822,836,815,814,879,881,853,845,829,906,891,835,869,908,870,857,934,907,927,916,974,907,974,952,895,889,951,1016,940,1001,945,979,936,1037,1015,995,1016,1088,1067,1052,1024,1037,1092,1092,1087,1069,1070,1064,1140,1068,1091,1043,1068,1026,1091,1043,1058,965,983,959,871,871,870,833,730,685,572,401,279
0,0,0,0,0,0,3,4,7,7,22,36,61,74,117,204,266,395,539,717,935,1228,1554,1964,2435,2905,3419,3980,4690,5340,6161,6788,7418,7969,8532,8734,9427,9869,9973,10290,10125,10328,9990,10102,9902,9453,9175,9049,9016,8824,8669,8756,8963,9258,9255,9840,10200,10879,11462,12116,12544,13323,13819,14307,14884,15311,15580,15762,15982,15829,16162,16047,15664,15437,15055,14898,14182,13774,13214,12833,12314,11618,10937,10482,9550,9159,8654,8067,7840,7026,6796,6273,5843,5432,5205,4832,4542,4244,4257,3948,3790,3660,3504,3380,3338,3205,3028,3034,2926,2787,2760,2699,2694,2555,2489,2487,2366,2298,2221,2268,2215,2142,2082,2021,1973,1975,1974,1844,1873,1768,1744,1735,1777,1716,1718,1666,1546,1527,1589,1565,1445,1408,1427,1396,1360,1370,1332,1314,1271,1284,1232,1205,1172,1228,1198,1191,1192,1187,1151,1110,1131,1074,1089,1136,1121,1037,1073,1036,1005,1023,1054,1020,977,1002,1007,968,984,959,966,949,931,978,941,885,883,961,871,941,877,867,927,887,863,924,879,820,834,849,874,815,826,865,873,816,837,851,812,859,816,834,806,822,802,809,751,840,830,783,806,834,833,840,787,812,832,816,823,821,850,801,833,848,819,826,790,863,822,876,843,834,882,896,881,900,918,933,872,901,907,891,922,882,906,957,911,935,1002,936,962,969,973,975,976,936,997,959,1014,1030,1063,1049,1008,1082,1094,1026,1025,1099,1111,1034,1045,1017,1026,1089,1060,1078,1062,1025,1010,1041,998,970,924,900,846,833,770,687,630,574,427,252
0,0,0,0,0,0,0,3,5,7,20,27,53,63,95,169,221,287,414,633,782,1077,1295,1654,2079,2594,3099,3623,4216,4952,5453,6405,6919,7565,8093,8676,9133,9618,9797,10157,10086,10200,10210,9954,9968,9621,9678,9206,8886,8905,8608,8659,8731,8899,8929,9561,10029,10401,10824,11323,12063,12566,13416,13809,14391,14928,15165,15583,15662,16143,16032,15957,15868,15751,15443,14945,14697,14022,13688,13291,12819,12292,11424,10638,10311,9728,9142,8822,8135,7428,7140,6565,6074,5835,5434,5076,4747,4627,4308,4234,4031,3739,3594,3522,3379,3281,3201,3294,2956,2972,2861,2833,2658,2559,2639,2497,2448,2436,2322,2287,2261,2226,2144,2106,2175,2073,1974,1923,1848,1886,1869,1821,1690,1697,1666,1632,1619,1665,1587,1535,1476,1458,1404,1407,1466,1446,1315,1357,1315,1274,1277,1262,1236,1240,1289,1262,1164,1199,1152,1101,1071,1124,1073,1077,1118,1044,1093,1049,1046,978,1058,1045,1013,1042,1007,948,1002,977,926,939,922,935,928,930,933,917,916,893,910,902,876,918,850,862,816,848,853,853,829,829,841,845,841,830,895,833,867,806,867,832,784,822,854,812,784,777,772,794,783,778,879,796,763,822,838,899,844,794,864,836,877,807,871,825,820,852,860,877,872,861,820,851,890,909,830,858,915,907,914,877,874,900,835,918,906,955,1008,890,927,1031,963,1003,974,993,977,956,1007,1025,974,998,996,998,1080,1072,1071,1058,1042,1073,1007,1045,1090,1064,1033,1044,1007,1012,983,989,975,993,934,916,883,770,781,697,630,541,396,244
0,0,0,0,0,1,0,2,6,8,14,19,45,60,73,137,173,276,364,537,705,865,1194,1526,1807,2225,2720,3211,3840,4464,5132,5906,6556,7190,7805,8201,8667,9214,9667,9703,9991,10248,10179,9992,9907,9730,9470,9168,9102,8851,8651,8553,8644,8795,8981,9102,9622,9752,10450,10958,11654,12084,12601,13328,13946,14346,14929,15250,15583,15777,15723,15958,15996,15693,15546,15284,15138,14672,14166,13740,13183,12775,12004,11229,10773,10314,9757,9140,8523,8085,7627,7107,6668,6187,5894,5429,5107,4791,4670,4364,4032,3838,3720,3642,3577,3452,3285,3174,3042,3004,2891,2806,2776,2758,2753,2600,2544,2444,2355,2400,2257,2250,2059,2201,2156,2055,1999,1972,1920,1898,1750,1814,1772,1704,1663,1709,1643,1691,1597,1558,1577,1507,1522,1492,1446,1381,1383,1296,1332,1292,1258,1300,1322,1238,1301,1234,1191,1192,1193,1202,1114,1070,1184,1118,1103,1108,1107,1075,1097,1060,1017,1073,1004,967,1038,993,951,979,949,983,930,935,957,932,890,917,913,909,932,859,908,858,859,868,857,840,922,860,848,865,894,878,822,830,838,824,815,835,824,834,854,802,775,825,889,835,854,847,804,867,789,812,806,836,841,795,827,889,818,829,810,851,788,832,836,829,890,858,840,851,837,852,854,822,941,886,871,879,890,875,878,911,920,913,964,847,924,969,950,930,937,959,947,985,1025,1006,1020,1001,1006,1029,995,982,1061,1083,1056,1041,1053,1107,1055,1021,1055,1053,1025,1078,1008,1023,995,970,900,883,917,885,834,781,741,688,579,522,387,252
0,0,0,0,0,0,2,1,2,7,7,23,29,44,65,99,169,225,311,454,611,778,1018,1207,1602,2015,2408,2944,3427,3961,4738,5275,6021,6645,7135,7908,8280,8974,9250,9648,9812,9980,10145,10057,9999,9937,9810,9312,9242,8939,8690,8739,8533,8590,8588,8819,9173,9598,10137,10449,11056,11548,12115,12709,13096,13869,14187,14715,15019,15637,15782,15858,15851,15871,15622,15396,15148,15035,14333,13995,13620,13299,12646,11992,11532,10828,10228,9632,9106,8492,8265,7631,7191,6753,6220,5660,5391,5106,4811,4543,4400,4107,3977,3809,3743,3466,3366,3308,3217,3009,2965,3004,2840,2795,2661,2654,2617,2455,2405,2375,2324,2262,2211,2150,2154,2110,2040,2044,1950,1932,1900,1865,1796,1886,1704,1772,1689,1610,1564,1526,1538,1557,1543,1482,1561,1446,1393,1409,1396,1331,1320,1295,1316,1262,1195,1269,1253,1222,1201,1133,1149,1231,1136,1150,1077,1104,1054,1099,1092,1076,1075,1053,1036,1047,989,1026,1041,980,949,969,944,978,903,943,969,920,928,877,907,976,859,952,921,895,891,856,916,870,867,868,883,905,899,849,862,830,830,877,832,896,877,822,795,816,784,851,812,818,816,847,834,786,776,891,826,834,833,812,830,853,845,855,845,847,849,858,895,831,826,841,878,795,859,861,859,913,915,828,871,901,882,851,971,901,932,890,944,948,957,959,890,917,954,985,981,1008,1043,1022,1046,981,1028,1042,1045,1084,976,1030,1010,1046,976,1023,1044,974,1015,1011,1029,975,950,952,907,938,928,889,811,784,711,716,603,511,378,227
0,0,0,0,0,0,1,1,0,4,8,15,26,34,54,87,129,189,271,371,473,691,877,1120,1396,1778,2259,2560,3182,3719,4185,4954,5548,6236,6815,7215,7918,8458,9057,9166,9752,9989,10113,9932,9925,9969,9772,9695,9231,9067,8997,8684,8809,8565,8473,8842,8795,9323,9533,10138,10465,10981,11559,12153,12868,13261,13956,14403,14726,15047,15358,15740,15644,15750,15651,15466,15251,15041,14966,14623,14139,13694,13202,12420,11797,11322,10903,10225,9614,9275,8545,8091,7541,7055,6657,6283,5869,5500,5034,4802,4616,4346,4110,3770,3774,3512,3527,3451,3322,3212,3099,2993,2784,2822,2793,2690,2619,2554,2441,2406,2427,2393,2287,2259,2088,2190,2119,2011,1984,2030,1933,1876,1828,1771,1864,1638,1716,1716,1673,1615,1580,1654,1550,1485,1446,1496,1506,1362,1371,1363,1336,1320,1332,1247,1280,1281,1251,1254,1182,1195,1249,1191,1158,1132,1110,1117,1136,1095,1069,1085,1029,1041,971,991,992,1025,914,988,930,987,957,996,990,944,1003,937,923,872,938,940,860,857,898,881,915,906,886,880,859,899,857,901,848,880,780,837,811,893,790,831,820,841,832,856,839,804,760,829,844,809,866,814,816,819,827,867,845,846,813,837,862,811,845,850,804,841,834,852,818,872,878,816,800,900,850,920,904,896,877,867,881,896,891,924,927,960,936,919,925,941,906,924,919,1009,1050,982,1059,1006,970,1028,941,975,1000,978,1062,1057,1007,1000,1060,1030,1019,1004,991,1013,940,1011,958,972,900,873,883,864,822,794,694,637,629,553,366,226
0,0,0,0,0,1,0,1,2,2,10,6,19,20,51,75,115,134,248,315,409,571,735,995,1168,1593,1989,2367,2725,3341,3939,4447,4964,5724,6287,7003,7704,8046,8612,9044,9479,9722,9784,9986,9906,10033,9808,9521,9516,9256,9211,8869,8692,8730,8335,8561,8638,8972,9188,9782,10051,10733,10937,11721,12212,12857,13482,14025,14382,14622,15048,15265,15558,15895,15582,15790,15622,15512,14884,15059,14285,14073,13481,12986,12463,11715,11284,10736,10290,9626,9028,8461,8025,7462,6978,6459,6277,6018,5386,5001,4862,4426,4235,4073,3901,3805,3485,3446,3353,3273,3107,3159,3034,2927,2796,2773,2754,2650,2585,2536,2405,2415,2349,2195,2301,2129,2170,2134,2074,2019,1959,1921,1940,1852,1838,1806,1738,1636,1712,1672,1612,1580,1550,1556,1551,1341,1459,1478,1382,1393,1414,1374,1275,1290,1336,1277,1241,1276,1207,1286,1221,1146,1142,1145,1120,1176,1102,1116,1072,1050,1119,1035,1060,1053,982,1034,1009,959,997,962,990,901,908,903,958,948,925,890,925,957,926,902,872,878,937,908,918,829,906,890,842,851,875,833,907,887,876,813,818,833,817,871,820,817,797,853,813,830,833,874,794,817,833,787,870,780,854,845,832,817,883,815,826,815,852,835,790,800,866,896,827,820,882,835,898,880,831,886,910,869,868,920,953,907,943,922,927,915,944,986,973,921,903,930,976,948,973,955,976,1022,1000,935,1029,986,1008,1009,1006,1014,977,956,973,1016,1035,989,951,944,955,949,916,905,874,830,787,788,727,675,609,515,431,228
0,0,0,0,0,0,0,2,1,4,8,11,21,23,37,60,98,128,183,234,360,493,575,777,1060,1341,1645,2069,2541,3008,3481,4013,4602,5280,5826,6469,7110,7675,8274,8761,9191,9466,9636,9909,9911,10016,9896,9803,9509,9335,9267,9023,8816,8767,8651,8792,8445,8747,8965,9413,9688,10142,10523,11195,11770,12330,12765,13307,13891,14449,14826,15091,15443,15462,15696,15790,15672,15541,15248,15132,14737,14296,13977,13299,12819,12394,11564,11367,10681,10193,9712,9171,8359,7988,7405,7128,6572,6126,5790,5444,5079,4864,4599,4279,4053,3817,3721,3693,3377,3349,3249,3113,3008,2928,2935,2859,2715,2746,2638,2597,2525,2396,2375,2342,2234,2067,2127,2175,2126,2003,2031,1971,1898,1961,1868,1784,1722,1765,1678,1683,1647,1604,1519,1590,1510,1567,1465,1445,1434,1430,1413,1378,1298,1313,1316,1291,1261,1229,1165,1349,1257,1188,1214,1098,1139,1111,1100,1062,1137,1083,1065,1036,1026,1026,1026,1051,975,990,908,1012,930,973,953,962,909,945,978,920,938,919,980,911,915,931,880,943,900,867,877,851,893,919,894,861,827,850,883,852,830,840,839,827,833,802,832,855,798,838,811,842,801,818,824,840,819,823,899,799,839,794,904,838,815,800,806,856,831,816,848,838,911,855,867,914,904,892,820,855,857,901,911,873,987,920,891,923,872,938,898,877,988,971,894,944,951,1019,998,965,935,979,958,1018,944,990,998,985,1016,976,968,1035,997,969,952,954,976,935,964,917,864,909,862,838,803,712,695,686,623,539,386,216
0,0,0,0,1,0,0,1,0,3,0,11,12,27,27,48,71,111,158,261,302,404,553,691,948,1098,1482,1854,2198,2649,3136,3582,4222,4871,5396,5950,6622,7160,7882,8284,8554,9174,9457,9491,10009,9875,9937,9533,9874,9490,9278,8971,8903,8820,8752,8425,8502,8450,8629,8975,9276,9683,10098,10653,11192,11689,12336,12783,13365,13818,14048,14952,15103,15342,15679,15881,15655,15666,15607,15235,14979,14674,14155,13878,13279,12729,12363,11885,11245,10535,10207,9598,8898,8534,7960,7433,7057,6526,6057,5766,5540,5213,4797,4661,4294,4142,3966,3692,3575,3388,3376,3302,3205,2985,3106,2907,2759,2665,2741,2575,2524,2564,2394,2430,2377,2265,2324,2155,2155,2071,2015,1934,1885,1902,1972,1867,1858,1862,1688,1664,1649,1608,1646,1546,1492,1539,1505,1518,1520,1485,1407,1391,1361,1337,1302,1323,1338,1289,1294,1200,1238,1200,1187,1264,1171,1230,1172,1149,1156,1055,1098,1126,1004,1055,1046,975,990,1034,925,1013,979,922,928,968,1025,953,912,961,958,934,880,944,871,919,849,919,893,930,875,945,899,818,884,911,850,872,821,913,889,841,855,797,806,864,838,851,840,878,852,788,843,855,799,844,832,823,818,862,856,902,823,859,836,817,814,809,843,869,866,838,873,908,939,835,917,873,893,880,895,866,887,831,844,915,926,909,893,915,965,913,945,929,917,968,921,1000,989,958,961,988,1005,1034,931,959,1016,976,994,1011,986,1040,953,1011,996,974,964,901,943,888,928,850,894,828,803,702,727,630,548,474,356,219
0,0,0,0,0,0,0,0,2,2,4,8,9,10,30,35,71,83,121,211,271,354,504,629,772,987,1258,1553,1981,2338,2871,3252,3819,4382,5020,5569,6178,6680,7330,7794,8447,8693,9278,9571,9869,9875,9919,9789,9878,9484,9361,9070,9017,8768,8552,8586,8363,8511,8608,8589,8967,9341,9689,10242,10731,11352,11710,12546,12903,13441,13815,14131,14656,15340,15261,15544,15450,15673,15361,15461,15250,14908,14676,14378,13844,13247,12820,12093,11823,11132,10600,10028,9450,8963,8460,7841,7504,7042,6519,6029,5613,5517,5199,4911,4554,4327,4117,3883,3855,3594,3442,3276,3165,3205,3199,2928,2909,2834,2735,2586,2650,2612,2487,2472,2448,2330,2286,2201,2142,2181,2098,2011,1916,1910,1909,1855,1831,1829,1754,1716,1721,1642,1562,1718,1601,1581,1505,1537,1388,1448,1373,1357,1329,1423,1352,1331,1336,1344,1241,1252,1212,1243,1214,1188,1209,1198,1196,1150,1111,1074,1114,1093,1105,1085,1076,1018,1075,1044,988,935,996,1015,1001,982,933,957,957,957,923,945,986,943,956,929,912,891,899,943,920,868,852,877,894,887,904,846,870,832,854,910,820,863,851,866,830,773,837,861,861,858,819,809,888,789,845,854,792,847,883,796,801,797,888,835,832,868,822,872,866,876,910,844,857,894,906,821,833,858,878,880,903,851,866,912,884,915,959,910,927,910,919,906,965,949,926,911,986,984,949,1017,961,989,1017,983,963,1045,986,940,1007,980,997,997,975,939,997,996,925,927,895,889,820,796,795,754,702,599,546,468,376,235
0,0,0,0,0,0,0,0,0,1,0,10,5,15,18,24,44,64,111,148,199,293,419,508,660,907,1096,1465,1669,2091,2553,2975,3620,4041,4602,5282,5821,6334,6976,7385,8020,8551,8964,9240,9484,9746,9755,9802,9746,9657,9565,9206,9278,8892,8722,8560,8598,8334,8300,8558,8556,9039,9472,9684,10280,10516,11187,11970,12360,12921,13476,13972,14462,14914,15141,15202,15476,15447,15467,15587,15291,15270,14775,14418,14031,13725,13229,12809,12180,11793,11204,10638,10124,9361,8951,8334,7883,7366,6914,6512,6212,5701,5373,5167,4882,4591,4473,4109,3920,3782,3550,3422,3259,3257,3162,3058,2981,2824,2830,2795,2611,2749,2515,2474,2441,2382,2356,2261,2253,2142,2080,2111,2027,2031,1954,1875,1858,1848,1749,1788,1751,1674,1710,1689,1577,1580,1617,1482,1479,1446,1438,1450,1454,1316,1393,1299,1294,1284,1343,1304,1306,1285,1275,1187,1209,1167,1210,1127,1137,1153,1137,1106,1113,1067,1049,1087,996,993,994,1093,999,978,965,1009,990,900,941,1058,911,954,832,928,932,963,886,892,890,926,937,919,886,889,938,847,905,859,801,841,794,878,810,924,871,842,832,842,829,870,868,855,844,861,873,813,772,840,820,879,836,845,796,859,854,804,835,856,818,830,875,854,813,800,896,867,893,904,836,861,832,873,905,909,833,874,849,930,883,857,898,938,953,964,971,947,910,953,913,948,879,924,999,959,974,1003,968,981,975,916,972,947,963,967,976,911,1009,939,963,915,920,849,815,834,723,758,662,623,528,471,338,199
0,0,0,0,0,0,1,0,0,1,0,2,8,18,20,25,39,62,100,113,180,240,332,474,625,747,935,1231,1522,1781,2188,2643,3155,3651,4327,4860,5385,5998,6624,7098,7727,8052,8458,8860,9257,9343,9732,9577,9815,9646,9627,9425,9331,9125,8969,8701,8560,8354,8551,8446,8561,8789,9027,9321,9869,10116,10749,11448,11805,12484,13037,13498,13859,14239,14646,15020,15181,15472,15711,15192,15472,15623,15052,14955,14342,14232,13584,13234,12945,12034,11478,11121,10686,9874,9255,8933,8396,8037,7332,6775,6483,6136,5734,5438,4995,4780,4440,4251,4165,3939,3623,3550,3480,3364,3283,3180,3072,2968,2918,2929,2717,2651,2516,2596,2493,2400,2394,2368,2250,2321,2191,2125,2122,2045,1995,1935,1965,1866,1904,1740,1799,1701,1719,1611,1680,1661,1537,1572,1495,1542,1522,1440,1413,1363,1309,1343,1296,1235,1246,1285,1199,1267,1268,1260,1233,1200,1193,1190,1157,1102,1132,1168,1120,1105,1045,1066,1073,982,1019,1051,998,1009,1031,976,1026,1031,989,1002,1000,943,920,911,949,941,921,972,937,875,845,872,908,885,944,862,844,922,858,868,841,872,839,833,843,877,853,828,862,828,831,862,874,830,825,875,815,826,865,767,881,853,761,909,851,875,826,815,852,802,884,852,865,831,813,916,876,858,878,832,856,878,890,837,895,866,912,920,924,938,888,925,908,949,948,919,941,981,910,994,913,970,939,889,947,953,908,1010,955,996,944,945,947,971,912,944,891,941,890,875,881,856,832,798,727,734,657,571,536,455,359,214
0,0,0,0,0,0,0,0,0,0,2,3,7,8,24,20,27,44,73,108,162,192,287,425,461,697,870,1058,1347,1621,1968,2421,2714,3228,3703,4375,4780,5608,6012,6663,7120,7727,8284,8723,9208,9422,9407,9744,9711,9546,9588,9440,9176,9215,9046,8619,8542,8341,8288,8420,8428,8500,8591,8987,9377,9931,10190,10788,11423,11905,12463,12710,13322,13846,14548,14949,15314,15224,15309,15461,15507,15458,15179,14842,14934,14344,14103,13724,13156,12760,12200,11701,10977,10549,9930,9502,8746,8402,7846,7413,6811,6535,6073,5599,5556,5042,4880,4507,4477,4146,3850,3658,3589,3346,3405,3270,3130,3052,2955,2870,2808,2779,2680,2611,2547,2493,2410,2350,2233,2285,2279,2176,2131,2172,2028,2048,1900,1914,1911,1840,1773,1828,1671,1678,1661,1634,1539,1575,1520,1507,1559,1442,1438,1384,1445,1371,1350,1341,1352,1364,1266,1255,1265,1262,1237,1154,1252,1221,1214,1160,1130,1165,1065,1074,1079,1129,1092,1076,1058,1066,1028,1002,1089,1043,949,987,990,971,945,994,958,931,934,920,969,954,944,911,931,952,935,875,862,892,902,887,885,851,883,850,911,885,833,899,888,837,856,827,864,845,830,884,833,815,884,828,856,863,873,828,862,837,832,905,851,861,850,833,791,886,898,902,884,858,837,850,819,824,903,896,907,847,929,817,866,898,865,971,918,915,971,942,942,888,920,935,919,980,949,925,932,944,949,924,1004,970,964,945,957,968,908,922,941,941,898,853,870,887,822,850,780,765,758,689,644,563,512,401,367,214
0,0,0,0,0,0,1,0,0,1,2,2,5,8,8,20,20,43,69,88,121,167,272,308,435,563,750,901,1137,1380,1754,2201,2576,2906,3417,3837,4546,5158,5766,6339,6812,7387,7694,8239,8812,9196,9368,9781,9683,9611,9544,9643,9404,9239,9037,8833,8820,8525,8287,8163,8484,8527,8593,8679,9124,9471,9857,10296,10748,11179,12011,12357,13116,13559,14016,14422,14710,15193,15194,15431,15209,15296,15310,15194,14978,14659,14316,13818,13452,13213,12613,12018,11940,10997,10465,10004,9464,8767,8459,7841,7219,7041,6485,6154,5758,5245,4983,4800,4635,4307,4064,3995,3720,3560,3413,3232,3370,3116,2958,2990,2831,2763,2744,2724,2489,2593,2520,2436,2355,2252,2193,2206,2179,2003,2143,2060,1930,1912,1927,1888,1832,1827,1816,1755,1667,1646,1661,1583,1630,1546,1551,1462,1429,1403,1409,1363,1405,1367,1356,1311,1321,1330,1292,1185,1222,1269,1237,1206,1220,1188,1221,1081,1176,1117,1096,1101,1071,1101,1031,1070,1037,966,993,1035,1001,973,1004,971,961,1004,930,914,944,990,959,1010,900,932,899,889,948,907,906,922,935,904,917,898,896,806,848,884,900,810,875,860,854,892,863,875,838,832,809,835,853,867,880,905,818,802,856,828,803,851,806,821,873,860,855,838,851,912,916,877,856,868,870,789,913,880,871,878,858,882,897,868,881,871,938,932,925,928,931,933,914,935,882,962,896,933,925,900,949,922,937,935,871,903,925,926,981,915,901,872,929,880,852,880,810,826,777,751,724,660,628,561,527,446,343,249
0,0,0,0,0,0,0,1,0,1,0,0,3,3,5,15,14,36,44,67,97,145,189,277,377,522,605,741,996,1322,1575,1939,2300,2666,3169,3632,4159,4649,5255,5817,6457,6966,7641,7943,8364,8894,9098,9403,9606,9727,9677,9596,9391,9305,9124,9143,8859,8610,8544,8175,8225,8203,8360,8505,8665,9003,9613,10028,10327,10864,11461,12015,12572,12904,13559,14051,14331,14768,15000,15058,15050,15346,15339,15377,14995,15042,14600,14328,13995,13437,12994,12438,12042,11771,11206,10349,10077,9400,8807,8290,7944,7277,6899,6402,6097,5830,5469,4998,4652,4608,4276,4198,3864,3724,3625,3524,3278,3231,3148,3034,2908,2877,2637,2730,2650,2616,2517,2421,2514,2404,2258,2284,2169,2180,2153,1998,1983,1984,1884,1913,1828,1841,1811,1644,1654,1615,1682,1625,1571,1576,1525,1515,1458,1516,1446,1406,1389,1392,1328,1355,1283,1308,1284,1203,1267,1219,1198,1155,1245,1181,1097,1123,1109,1127,1133,1091,1047,1095,1093,1092,1086,1021,1017,966,996,983,989,1012,994,946,975,1046,982,952,980,908,937,922,884,895,905,922,887,910,921,898,921,919,918,894,896,857,876,855,904,876,945,903,890,878,883,832,882,857,823,847,877,841,784,834,810,840,873,917,901,839,796,902,876,856,798,845,926,864,872,806,834,861,835,890,839,857,917,844,872,927,848,896,914,855,942,881,913,968,924,885,906,925,941,957,912,944,892,944,936,914,957,913,917,876,943,905,896,880,876,879,849,920,867,797,744,801,704,686,655,590,534,422,340,205
0,0,0,0,0,0,0,0,0,0,0,1,2,2,4,11,11,20,40,49,84,125,169,256,305,410,573,700,853,1098,1338,1658,2034,2270,2882,3246,3732,4305,4831,5548,5859,6544,7003,7633,8007,8609,8914,9077,9609,9567,9581,9802,9539,9376,9202,9188,8978,8680,8618,8528,8229,8343,8182,8335,8410,8793,8995,9534,9872,10435,10803,11471,12178,12574,12754,13455,13940,14444,14542,14995,15397,15156,15437,15240,15225,15027,14861,14606,14231,13909,13417,12928,12545,12063,11606,11133,10487,9856,9350,8706,8326,7699,7283,6743,6519,6233,5695,5300,5102,4748,4498,4334,4128,3898,3634,3512,3351,3473,3124,3088,3028,3084,2882,2738,2838,2689,2621,2552,2495,2458,2414,2235,2213,2276,2120,2138,2136,2034,1972,1981,1969,1843,1787,1798,1773,1677,1692,1653,1635,1549,1595,1521,1554,1510,1426,1455,1427,1415,1386,1391,1308,1259,1235,1285,1261,1241,1265,1197,1229,1105,1098,1164,1155,1150,1103,1104,1131,1091,1065,1116,1053,1059,1071,1031,988,975,977,942,1025,961,998,947,920,953,949,959,964,930,965,958,945,884,954,928,899,902,915,901,886,863,846,865,872,865,870,871,869,857,819,799,875,826,809,816,871,860,929,886,838,833,859,807,824,859,903,844,891,926,866,850,872,886,858,863,860,822,820,837,851,856,910,956,922,900,867,911,871,863,957,874,886,902,940,875,895,929,957,897,972,879,882,943,891,920,915,913,943,933,948,886,898,898,871,934,841,857,875,838,854,785,774,737,717,660,643,590,467,401,345,201
0,0,0,0,0,0,0,0,0,0,0,1,1,1,5,6,9,22,44,42,76,88,142,181,263,339,445,604,778,915,1180,1414,1675,2110,2529,2904,3489,3951,4358,4885,5572,6100,6629,7193,7541,8058,8670,8924,9107,9267,9395,9622,9565,9382,9457,9106,9130,8945,8551,8508,8227,8216,8289,8309,8137,8647,8867,9013,9465,9839,10410,10895,11386,12055,12671,13177,13697,14013,14503,14731,15018,15197,15326,15417,15255,15023,15134,14781,14733,14324,14042,13480,13005,12565,12038,11403,11116,10525,9930,9206,8681,8270,7691,7442,6918,6436,5909,5623,5337,5105,4840,4616,4106,4012,3881,3712,3560,3450,3310,3193,3138,3011,2943,2750,2784,2709,2678,2624,2548,2459,2452,2377,2233,2318,2185,2072,2047,2116,2018,1955,1952,1872,1851,1890,1721,1757,1660,1606,1684,1683,1599,1542,1580,1497,1464,1460,1462,1395,1403,1339,1328,1315,1325,1265,1317,1244,1213,1252,1264,1241,1163,1153,1166,1118,1154,1088,1101,1110,1122,1095,1108,1068,1055,1050,1015,1015,1039,1042,1000,973,1004,1002,1004,926,982,986,887,929,934,927,974,927,882,936,915,909,952,871,893,920,881,842,873,867,885,874,876,869,835,856,864,809,862,917,888,831,818,831,854,851,788,830,858,856,762,868,848,868,831,847,873,871,838,867,878,865,872,861,855,861,856,914,863,922,916,849,940,873,852,965,892,923,876,948,858,928,965,864,851,937,913,1021,875,958,941,960,955,932,923,911,951,867,875,905,850,868,805,863,891,766,768,713,695,664,615,543,482,432,337,220
0,0,0,0,0,0,1,0,0,0,0,0,3,2,5,7,13,14,25,36,52,72,93,176,222,313,388,527,620,857,1106,1306,1560,1931,2265,2660,3002,3578,4098,4451,5192,5526,6163,6854,7280,7781,8168,8667,8909,8984,9405,9365,9650,9632,9366,9349,9189,9023,8877,8626,8633,8520,8224,8254,8278,8412,8868,8722,9139,9572,9923,10379,11027,11528,12026,12680,13116,13617,13877,14367,14650,15021,15019,15208,15407,15355,15131,14765,15048,14448,14095,13901,13311,13091,12297,12009,11317,10931,10383,9679,9202,8709,8249,7679,7251,6868,6366,6061,5619,5280,5068,4766,4518,4423,4056,3861,3793,3594,3434,3313,3206,3159,3040,2903,2854,2773,2741,2597,2581,2516,2558,2370,2230,2274,2284,2141,2182,2136,1994,2057,1914,1923,1957,1869,1794,1813,1728,1685,1740,1682,1593,1565,1493,1539,1532,1550,1432,1429,1490,1342,1349,1441,1286,1299,1250,1298,1301,1247,1208,1214,1193,1174,1105,1145,1100,1153,1147,1086,1105,1094,1094,1072,1064,1055,1046,995,1028,988,979,1017,962,967,995,974,1000,996,964,942,901,948,918,940,899,945,922,960,912,911,867,908,870,894,883,859,835,876,917,887,836,877,898,900,888,910,875,849,834,897,806,842,838,842,856,852,899,865,825,858,834,772,840,871,844,851,845,850,888,873,840,936,836,830,907,876,870,891,871,874,948,860,890,893,899,946,896,890,879,952,889,929,889,889,932,908,921,847,930,924,887,921,883,883,931,842,845,846,822,849,785,804,727,708,672,635,579,556,469,444,376,201
0,0,0,0,0,0,0,0,0,0,0,0,2,4,4,10,9,13,23,50,44,85,92,130,194,254,340,390,581,718,844,1147,1399,1669,2007,2400,2710,3261,3658,4228,4873,5163,5779,6377,6858,7465,7955,8033,8781,8924,9142,9445,9407,9423,9480,9431,9198,9047,8984,8746,8629,8462,8340,8145,8417,8123,8386,8529,8815,9274,9486,10225,10484,11030,11281,12004,12594,13019,13598,14017,14159,14572,15053,15143,15339,15460,15399,15127,14650,14920,14590,14254,13469,13371,12902,12472,11961,11458,10875,10281,9833,9363,8632,8261,7678,7299,6764,6420,6019,5722,5335,5081,4743,4494,4316,4044,3869,3762,3758,3443,3275,3200,3150,3036,2826,2906,2698,2837,2617,2534,2533,2465,2388,2275,2374,2291,2175,2013,2045,2022,2005,1982,1909,1984,1911,1834,1784,1801,1661,1628,1643,1579,1565,1560,1540,1558,1541,1450,1411,1458,1392,1374,1331,1393,1252,1252,1299,1274,1265,1245,1169,1216,1225,1193,1140,1193,1155,1073,1075,1031,1130,1078,1113,1058,1080,1070,1002,987,1040,1024,1015,997,993,993,944,971,966,920,919,929,961,890,873,938,918,889,890,894,933,943,885,893,964,887,902,912,802,857,864,841,837,870,890,802,832,860,830,831,880,879,857,887,842,829,841,842,832,811,877,850,817,862,820,841,887,837,831,883,873,850,870,902,880,844,892,875,949,843,865,910,913,862,877,905,897,916,881,881,914,937,939,916,885,944,892,891,921,897,850,855,926,878,864,876,846,861,830,781,740,770,717,687,668,642,605,523,470,400,314,217
0,0,0,0,0,0,0,0,0,0,0,1,1,0,2,10,9,14,14,15,41,60,85,110,145,222,272,390,459,603,855,990,1256,1496,1799,2122,2436,2929,3249,3822,4441,4914,5415,5853,6509,6975,7587,7968,8315,8760,8927,9118,9372,9344,9323,9507,9318,9271,9118,8813,8691,8550,8371,8428,8079,8170,8147,8343,8776,8815,9202,9677,10060,10487,11017,11627,12169,12480,13119,13518,14078,14335,14638,14946,15220,15087,15046,15277,15157,15091,14708,14385,14051,13721,13202,12790,12358,11861,11396,10841,10277,9597,9239,8676,8200,7581,7404,6761,6415,6017,5563,5332,5157,4803,4443,4288,4049,3922,3683,3583,3487,3370,3236,3178,3023,2977,2965,2785,2706,2541,2560,2449,2508,2360,2357,2268,2217,2170,2071,2133,2106,2009,2005,1924,1849,1887,1805,1764,1722,1651,1665,1655,1665,1564,1543,1500,1540,1471,1419,1412,1375,1326,1343,1391,1309,1338,1256,1270,1266,1206,1237,1235,1153,1201,1189,1119,1191,1147,1084,1133,1102,1067,1090,1052,1118,1085,1055,1007,1022,968,1042,1011,977,1002,950,952,938,933,948,956,950,926,946,932,949,879,940,929,884,913,897,889,934,923,891,886,895,871,913,869,813,867,856,881,858,870,846,882,838,872,858,830,842,850,854,826,886,848,831,830,842,869,889,875,842,854,904,904,919,857,880,840,834,853,898,891,912,867,846,889,916,879,858,920,939,875,869,920,890,828,909,902,909,855,898,894,868,874,917,877,866,926,918,856,879,794,786,862,789,785,770,674,669,637,584,559,513,411,303,183
0,0,0,0,0,0,0,0,0,0,0,0,0,2,2,3,4,11,17,25,25,42,68,72,136,157,232,296,395,523,685,858,1050,1289,1578,1845,2229,2612,3124,3462,3971,4497,5107,5629,6017,6685,7038,7533,8125,8428,8641,9131,9141,9318,9329,9492,9345,9169,9128,8824,8866,8668,8511,8157,8148,8097,8181,8188,8440,8600,9044,9216,9767,10021,10573,11153,11533,12082,12601,13246,13682,14070,14437,14883,15001,15124,15167,15315,15176,15143,14662,14608,14086,13876,13627,13100,12887,12393,11880,11258,10701,10227,9941,9301,8637,8271,7618,7317,6824,6461,6089,5607,5437,5038,4765,4523,4270,4052,3945,3702,3582,3568,3362,3211,3090,2945,2972,2849,2816,2688,2543,2585,2518,2443,2382,2278,2275,2165,2220,2053,2124,2093,1963,2019,1933,1872,1869,1794,1820,1667,1705,1672,1642,1669,1597,1504,1537,1483,1461,1548,1461,1425,1371,1345,1337,1318,1340,1241,1229,1260,1266,1218,1223,1212,1194,1106,1152,1147,1059,1103,1055,1104,1066,1056,1072,1099,1042,1070,1037,970,1047,1026,1011,1016,1024,961,993,976,942,894,912,917,910,903,943,942,865,946,888,887,879,893,869,890,898,878,909,885,909,829,795,833,849,858,856,905,857,855,852,840,888,843,869,885,849,900,802,867,929,790,834,867,845,847,888,826,816,912,886,877,898,806,865,916,905,873,897,902,880,834,904,919,905,885,897,898,889,859,877,833,915,931,912,870,861,944,915,835,906,862,858,816,848,865,842,795,829,798,765,746,768,660,644,622,549,525,473,384,289,191
0,0,0,0,0,0,0,0,0,0,0,0,0,0,3,5,3,10,11,9,25,48,71,73,117,128,189,264,349,438,581,704,965,1143,1414,1646,1963,2363,2697,3206,3585,4203,4715,5101,5628,6074,6796,7263,7669,7867,8401,8742,8965,9439,9349,9524,9317,9151,9291,9118,8852,8739,8549,8467,8233,8224,7914,8079,8338,8393,8510,8967,9301,9663,10044,10587,11108,11568,12178,12727,13251,13732,14032,14529,14450,15088,15169,15066,15093,15021,15034,14754,14697,14228,13874,13551,13244,12731,12317,11732,11277,10688,10152,9870,9333,8613,8246,7609,7229,6925,6458,6085,5643,5448,4917,4714,4519,4296,3980,4039,3744,3586,3447,3264,3203,3049,3053,2915,2821,2659,2682,2627,2567,2496,2395,2428,2322,2298,2267,2139,2134,2067,1997,1985,1990,1864,1888,1862,1858,1740,1742,1659,1622,1625,1668,1664,1502,1513,1488,1516,1497,1410,1419,1344,1357,1319,1391,1299,1223,1310,1234,1227,1210,1222,1209,1184,1121,1199,1119,1119,1152,1113,1057,1113,1093,1096,1091,1014,1063,1089,1044,1014,1005,938,988,1003,992,974,896,986,943,976,932,902,937,887,926,899,929,921,909,920,902,901,914,856,879,892,897,907,872,798,917,860,859,830,844,816,890,853,889,845,873,896,840,884,808,858,927,936,838,879,870,885,865,879,876,891,862,835,857,884,901,872,918,884,865,899,869,856,867,896,885,859,857,826,890,896,896,880,866,863,912,924,884,924,912,840,922,872,874,841,834,871,768,816,800,758,785,753,685,664,638,615,568,523,440,408,298,203
0,0,0,0,0,0,0,0,0,0,0,0,0,0,1,1,5,6,7,16,20,27,49,66,95,139,154,224,294,402,479,575,792,1058,1237,1464,1741,2032,2489,2845,3272,3707,4327,4857,5196,5719,6292,6882,7396,7893,8174,8634,8714,9062,9244,9278,9217,9340,9208,9076,9098,8752,8670,8377,8439,8180,8061,8075,8235,8232,8324,8726,8870,9175,9838,10041,10650,11382,11586,12017,12821,13116,13610,13913,14412,14683,14763,15204,15114,15146,15046,15092,14670,14486,14388,13771,13526,13166,12779,12433,11807,11155,10592,10034,9413,9203,8691,8097,7696,7365,6811,6603,5967,5747,5406,5015,4703,4326,4351,4152,3890,3794,3666,3448,3301,3197,3041,3089,2888,2798,2716,2653,2522,2608,2504,2437,2364,2377,2283,2187,2241,2230,2124,1973,2011,1942,1895,1874,1779,1816,1695,1722,1704,1679,1689,1586,1595,1601,1484,1531,1461,1445,1468,1445,1390,1342,1352,1256,1278,1240,1280,1242,1322,1235,1217,1154,1184,1140,1132,1132,1154,1125,1124,1140,1092,1050,1100,1111,1102,1008,1031,1007,1008,984,972,1006,989,1051,941,906,937,902,967,934,950,921,952,925,940,945,919,873,890,949,861,906,884,921,824,911,913,858,875,874,848,885,833,842,911,853,843,847,860,890,831,891,868,873,846,889,834,852,813,844,856,853,905,908,842,879,867,900,863,927,897,841,912,875,895,947,881,844,871,888,901,875,907,881,902,830,932,895,867,911,880,918,889,917,840,830,840,856,795,849,821,813,784,720,782,758,685,697,649,527,568,522,396,388,316,167
0,0,0,0,0,0,0,0,0,1,0,0,0,0,1,0,3,3,7,11,19,19,34,55,63,97,154,212,229,330,418,535,703,855,1105,1291,1574,1853,2200,2624,3039,3418,3888,4407,4877,5389,5875,6331,7072,7318,7709,8101,8675,8873,8957,9238,9226,9285,9220,9130,9080,8884,8820,8594,8516,8157,8160,8071,8123,8091,8259,8445,8537,9059,9274,9683,10210,10683,11378,11700,12211,12797,13281,13633,14130,14364,14489,14897,15083,14945,15218,14886,15019,14647,14577,14002,13823,13469,13082,12791,12238,11615,11219,10637,10030,9682,9212,8713,8130,7582,7142,6805,6522,6076,5688,5305,5007,4733,4388,4321,4159,4029,3778,3637,3435,3392,3216,3075,2987,2941,2826,2812,2580,2640,2467,2463,2439,2362,2385,2276,2127,2199,2149,2065,2131,1973,2004,1975,1826,1849,1760,1679,1728,1644,1672,1645,1539,1660,1571,1533,1529,1469,1514,1456,1436,1339,1317,1382,1353,1340,1319,1258,1267,1270,1175,1235,1184,1249,1198,1133,1109,1163,1174,1135,1128,1058,1045,1046,1038,1022,1063,1013,989,1013,980,1066,973,1037,1014,980,922,945,948,916,920,965,925,897,918,967,887,924,872,855,897,895,958,848,899,907,891,968,841,868,884,895,893,870,835,857,852,878,862,860,857,819,897,865,849,861,866,869,848,856,820,876,851,840,845,854,858,884,858,861,905,885,851,876,919,910,830,833,934,894,890,858,927,894,899,843,832,865,888,888,945,860,899,932,870,824,788,870,839,810,794,767,756,717,755,676,706,686,630,564,521,506,471,416,303,187
0,0,0,0,0,0,0,0,0,0,0,0,0,0,1,1,1,1,2,4,21,21,29,24,54,89,129,185,190,280,377,450,581,743,908,1139,1317,1679,1941,2298,2695,3039,3606,4013,4585,5047,5472,6208,6554,7028,7484,7861,8197,8469,8758,9007,9298,9041,9373,9215,9068,9023,8815,8566,8503,8472,8276,8053,8157,8006,8134,8391,8464,8690,9080,9397,9802,9931,10754,11214,11746,12199,12683,13042,13759,14035,14448,14462,15064,14849,15285,15050,15261,15133,14811,14745,14109,13704,13406,13227,12575,12116,11663,11190,10537,10056,9534,9102,8752,8179,7654,7085,6782,6380,5993,5596,5219,4937,4717,4400,4288,4051,3986,3738,3488,3393,3251,3193,3197,2944,2968,2851,2795,2602,2574,2533,2455,2462,2344,2297,2310,2221,2247,2203,2172,2039,1881,1955,1943,1831,1919,1782,1749,1746,1766,1653,1596,1525,1546,1575,1437,1486,1463,1515,1408,1393,1410,1418,1368,1300,1291,1302,1256,1231,1173,1244,1229,1116,1206,1179,1192,1150,1131,1144,1200,1137,1077,1084,1033,1133,1039,1035,1009,925,1052,982,1011,956,974,1021,1004,992,948,913,989,935,967,914,883,891,960,918,882,876,903,900,901,903,849,881,899,888,885,851,861,857,819,858,880,875,886,879,833,856,896,847,812,836,846,887,893,861,863,901,809,850,851,875,864,819,914,893,886,888,873,881,913,900,863,885,910,863,863,910,941,902,887,909,876,877,865,894,897,850,851,874,877,891,828,853,858,809,845,790,782,789,792,707,740,723,710,666,660,565,515,497,426,383,308,200
0,0,0,0,0,0,0,0,0,0,0,0,1,0,0,1,3,5,5,2,8,13,27,35,62,76,95,109,185,245,301,412,531,615,774,989,1196,1411,1759,2020,2382,2830,3289,3707,4118,4735,5150,5729,6203,6678,7092,7458,8035,8184,8646,8947,9047,9268,9219,9203,9281,9059,8969,8765,8829,8558,8410,8254,8177,8178,8179,7984,8244,8476,8703,9082,9291,9843,10132,10764,11309,11831,12149,12833,13273,13762,14128,14274,14608,14771,14808,15141,15053,14889,14802,14560,14507,14126,13825,13426,13094,12683,11885,11406,11162,10670,10273,9573,9117,8574,8074,7559,7179,6664,6350,6024,5526,5307,5048,4734,4440,4275,4104,3848,3807,3602,3400,3299,3178,3127,2892,2937,2829,2742,2700,2495,2513,2548,2421,2379,2295,2201,2206,2197,2142,2076,2004,1932,2007,1956,1859,1901,1749,1810,1721,1641,1707,1639,1584,1549,1469,1550,1446,1426,1435,1464,1349,1360,1364,1359,1278,1282,1281,1285,1309,1277,1186,1240,1169,1220,1154,1113,1163,1164,1079,1089,1073,1120,1087,1092,996,1074,961,1084,1016,1045,1029,1082,972,994,1008,967,963,941,922,926,930,926,869,959,966,971,949,872,887,908,879,934,890,876,914,874,899,916,935,833,826,892,863,882,844,876,871,840,891,850,855,834,864,848,861,836,900,839,894,865,852,878,859,807,875,828,873,893,866,895,864,864,882,845,876,915,887,864,872,896,862,895,895,821,887,850,850,838,866,822,877,875,842,829,882,824,781,789,780,813,776,735,716,685,661,653,621,581,539,515,440,388,276,197
0,0,0,0,0,0,0,0,0,0,0,0,0,0,0,2,1,1,0,3,13,18,15,32,35,62,102,142,156,166,271,366,459,543,728,928,1102,1230,1502,1823,2191,2592,2975,3366,3772,4312,4752,5169,5661,6181,6730,7166,7757,8033,8202,8544,8953,9108,8965,9130,9226,9224,9156,9054,8688,8663,8527,8218,8297,7958,7995,8034,8127,8249,8648,8668,9020,9222,9879,10124,10810,11424,11846,12312,12641,13219,13634,14052,14286,14613,14755,14970,14933,15088,14791,14799,14638,14468,14218,13815,13605,13045,12617,12006,11452,11044,10564,10099,9596,9261,8389,8264,7499,7146,6798,6420,6027,5598,5295,4979,4802,4378,4310,4104,3834,3816,3441,3489,3216,3272,3106,2978,2842,2759,2785,2692,2606,2531,2429,2375,2418,2229,2233,2280,2188,2106,2103,2078,1987,1932,1867,1867,1747,1847,1787,1774,1649,1617,1619,1645,1663,1599,1531,1469,1512,1399,1454,1392,1386,1340,1364,1346,1308,1307,1276,1291,1234,1227,1205,1187,1141,1127,1179,1155,1133,1153,1111,1027,1070,1050,1051,1055,1030,1046,1060,971,1040,969,1004,1031,986,997,990,998,959,940,967,952,924,964,871,954,915,882,927,933,903,888,909,870,901,871,913,875,869,905,873,876,908,881,871,851,876,852,844,867,865,891,869,848,860,838,895,892,861,900,880,842,890,880,846,897,839,870,866,842,887,862,861,855,883,879,896,824,873,896,844,877,899,885,884,852,843,876,823,917,800,864,812,842,742,829,766,803,778,742,748,733,693,665,662,634,585,572,511,487,463,361,293,183
0,0,0,0,0,0,0,0,0,0,0,0,0,0,1,0,1,3,2,6,8,6,15,17,40,60,59,99,116,199,235,291,367,501,568,788,932,1149,1366,1629,1867,2229,2642,3018,3534,3922,4219,4942,5290,5894,6383,6759,7168,7793,8047,8406,8833,8963,9115,9009,9138,9136,9129,9090,8827,8835,8569,8408,8171,8183,8019,7901,8023,8205,8218,8299,8850,9212,9481,9770,10319,10736,11185,11935,12335,12727,13178,13522,13934,14356,14399,14852,14921,15097,15075,15102,14824,14560,14219,13935,13634,13327,13111,12534,12102,11620,11275,10717,10212,9521,9236,8509,8248,7562,7196,6648,6294,5917,5677,5227,5031,4736,4408,4117,3955,3843,3695,3472,3419,3312,3218,3161,3071,2733,2900,2810,2656,2589,2577,2541,2434,2269,2257,2300,2274,2109,2040,2034,2122,1963,1940,1898,1810,1838,1845,1743,1643,1676,1608,1637,1653,1626,1510,1515,1507,1451,1433,1455,1441,1314,1376,1339,1290,1238,1285,1256,1253,1234,1255,1247,1162,1091,1142,1172,1095,1088,1222,1067,1095,1085,1057,1087,1141,1045,1067,1059,1057,1016,1008,963,1073,950,995,938,1022,930,946,986,941,937,950,952,889,907,925,864,836,936,948,947,875,887,924,909,947,869,919,853,881,897,857,922,826,855,874,846,892,866,859,853,825,851,895,841,882,853,874,831,867,856,855,880,880,874,860,864,919,830,872,918,851,887,907,866,827,920,887,908,813,863,900,820,857,832,840,783,837,806,827,836,831,765,786,751,790,742,744,736,693,691,691,644,580,576,563,471,441,370,269,175
0,0,0,0,0,0,0,0,0,0,0,0,0,1,0,0,1,1,4,3,2,5,13,18,33,41,53,66,118,133,178,255,337,444,527,657,785,1045,1196,1448,1626,2007,2397,2731,3176,3509,4042,4393,4989,5438,5941,6488,6954,7257,7847,8129,8403,8804,8861,8993,9087,8970,9078,9080,8992,8813,8612,8526,8282,8215,8155,8137,7926,8036,8154,8154,8465,8796,9015,9730,9999,10549,10729,11403,11778,12140,12636,13167,13489,13995,14391,14574,14691,14809,14833,14973,14670,14804,14724,14537,14162,13611,13295,13054,12541,11962,11528,11116,10482,10051,9518,8954,8641,7997,7689,7326,6860,6405,5979,5513,5327,5010,4661,4577,4196,4035,3867,3698,3598,3332,3281,3167,3107,3020,2839,2844,2809,2697,2645,2499,2473,2388,2357,2268,2206,2232,2126,2167,2059,2014,1956,1965,1871,1859,1798,1778,1708,1662,1710,1661,1644,1602,1601,1520,1536,1490,1487,1358,1484,1435,1356,1372,1384,1288,1307,1307,1279,1271,1248,1287,1157,1224,1150,1173,1158,1214,1131,1152,1099,1078,1174,1075,1028,1066,1072,1042,1089,994,1057,1026,914,1045,1046,1005,994,938,963,992,1018,929,990,938,891,995,868,936,926,859,941,866,983,887,927,848,850,890,925,888,950,848,881,848,884,885,915,813,867,848,874,868,849,854,831,851,869,849,824,879,864,875,910,849,862,922,851,855,850,864,840,885,875,827,865,819,864,804,847,814,849,853,837,810,830,836,800,808,826,842,855,820,831,812,842,786,774,712,755,713,681,695,641,633,582,586,489,512,456,339,290,195
0,0,0,0,0,0,0,0,0,0,0,0,0,0,0,0,0,2,1,1,4,11,4,11,22,34,43,50,76,115,166,203,272,362,472,557,697,888,1082,1250,1559,1747,2062,2397,2876,3198,3717,4224,4543,5107,5547,5914,6612,6969,7394,7819,8010,8586,8797,8887,9021,9228,9061,9034,9014,8784,8755,8675,8578,8345,8101,8025,7997,7979,8010,7954,8179,8527,8764,9180,9626,9930,10261,10866,11332,11792,12377,12953,12989,13539,13861,14404,14508,14719,14601,14900,14888,14844,14755,14592,14465,13981,13812,13221,12927,12369,12062,11459,11230,10491,10097,9471,9062,8601,7919,7723,7165,6812,6286,6081,5667,5350,5098,4693,4573,4339,3914,3932,3781,3603,3379,3308,3143,3113,2987,2857,2864,2793,2642,2585,2574,2468,2420,2366,2248,2296,2196,2247,2091,2098,2010,1963,1945,1952,1865,1803,1786,1750,1671,1643,1620,1577,1638,1597,1577,1460,1517,1440,1340,1469,1424,1362,1362,1310,1332,1322,1321,1222,1176,1229,1162,1237,1182,1131,1122,1144,1145,1196,1106,1104,1041,1054,1145,1018,1068,1025,1031,1003,970,955,1030,982,964,996,993,987,974,926,1009,1019,947,942,944,971,899,974,901,888,912,949,958,916,921,824,950,860,843,937,934,873,827,826,880,830,927,850,910,861,906,907,865,853,877,900,907,849,875,829,864,885,891,861,868,875,900,893,823,814,878,863,852,866,810,881,889,854,879,827,875,833,787,895,867,806,775,814,796,807,765,826,822,802,760,802,743,809,755,751,708,699,638,645,603,548,499,492,419,386,298,183
0,0,0,0,0,0,0,0,0,1,0,0,0,0,0,0,0,1,0,2,5,4,5,13,20,19,46,60,58,98,141,190,249,311,368,492,587,709,901,1108,1286,1609,1873,2182,2552,2948,3448,3759,4117,4639,5198,5706,6106,6557,7091,7433,7707,8145,8606,8685,8952,9126,8946,8992,9157,9001,8918,8638,8643,8428,8310,8111,8156,7944,8026,8101,8020,8223,8491,8708,9104,9383,9960,10433,11031,11161,11873,12337,12927,13337,13524,14013,14159,14469,14646,14838,15004,14919,15052,14960,14568,14326,13830,13704,13272,12939,12365,11947,11487,11054,10489,9926,9612,8960,8523,7907,7531,7316,6770,6396,5991,5660,5233,5082,4679,4422,4250,4015,3950,3696,3490,3356,3264,3174,3007,3024,2901,2828,2790,2728,2579,2577,2413,2416,2350,2291,2231,2247,2121,2075,2090,1903,1984,1940,1926,1822,1834,1802,1816,1659,1658,1612,1655,1634,1573,1546,1468,1470,1431,1471,1412,1350,1360,1282,1366,1291,1280,1281,1235,1273,1173,1213,1222,1249,1239,1172,1234,1148,1074,1117,1154,1096,1105,1113,1098,1025,1058,1035,1022,997,1051,960,967,973,972,1048,988,963,1014,995,906,975,954,910,941,945,917,958,901,918,926,933,899,936,873,880,914,855,897,883,865,874,851,864,864,831,922,903,865,861,870,887,885,845,859,904,875,896,823,877,859,855,850,857,938,886,881,865,834,899,869,844,874,862,840,847,830,897,895,855,854,855,862,850,800,829,836,807,823,782,775,760,808,735,746,665,752,741,709,650,612,634,559,537,479,480,413,373,309,169
0,0,0,0,0,0,0,0,0,0,0,0,1,0,0,0,0,0,4,2,6,3,6,4,14,21,31,45,59,81,125,139,179,257,326,396,546,639,795,999,1127,1406,1654,1899,2236,2651,2920,3444,3872,4415,4960,5248,5654,6193,6752,7085,7582,7909,8204,8598,8514,8873,9121,8871,9021,9038,8887,8765,8675,8629,8414,8123,8015,7966,7937,7845,8060,8181,8398,8437,8724,9232,9579,9920,10456,10903,11553,11876,12238,12691,13187,13453,14067,14273,14531,14690,15020,14810,15019,14573,14846,14564,14199,13932,13492,13233,12895,12474,12070,11563,10954,10555,10006,9591,9020,8584,7987,7577,7121,6743,6353,5997,5657,5259,4935,4753,4433,4251,4108,3879,3713,3486,3393,3244,3106,3049,3073,2804,2844,2719,2618,2606,2509,2385,2471,2405,2359,2281,2121,2159,2058,2070,1940,1941,1985,1808,1843,1790,1863,1762,1726,1687,1596,1659,1559,1548,1534,1501,1491,1462,1497,1433,1388,1427,1389,1313,1251,1292,1277,1289,1194,1247,1229,1197,1208,1247,1172,1144,1195,1092,1140,1066,1117,1074,1130,1127,1069,1020,1067,999,995,984,990,995,1040,979,997,992,1017,999,954,951,992,959,940,895,981,983,880,935,917,900,865,873,935,842,876,910,901,849,928,850,878,873,855,859,880,923,844,886,848,903,883,840,847,868,857,894,915,910,839,840,921,883,899,855,872,868,835,850,883,846,878,893,877,862,851,793,864,843,830,868,861,860,908,827,830,805,794,805,766,818,752,730,750,790,725,676,680,662,638,640,552,526,581,448,430,356,262,170
0,0,0,0,0,0,0,0,0,0,0,0,0,0,0,1,0,0,0,3,0,2,4,3,11,9,20,33,47,61,107,114,157,225,283,382,449,565,726,832,1102,1223,1430,1722,1993,2365,2677,3083,3587,3895,4390,5020,5431,5919,6229,6813,7160,7615,8115,8383,8381,8800,8918,8918,8867,9124,8794,8820,8556,8563,8502,8432,8098,8118,7928,7952,7884,8055,8037,8447,8540,8785,9296,9688,9987,10440,10927,11513,11891,12442,12718,13385,13540,14021,14172,14540,14854,14753,14755,14798,14751,14731,14460,14225,13959,13401,13264,12927,12422,11841,11566,11127,10441,9959,9394,9025,8680,7850,7662,7121,6706,6323,5911,5672,5373,4926,4797,4409,4204,4083,3961,3722,3523,3408,3317,3203,3052,2939,2879,2778,2685,2632,2575,2464,2486,2406,2281,2326,2326,2170,2093,2089,2053,1987,1883,1941,1898,1888,1766,1799,1714,1742,1682,1695,1573,1617,1542,1538,1519,1530,1518,1495,1367,1316,1387,1434,1300,1335,1355,1264,1255,1219,1286,1221,1218,1207,1208,1184,1131,1155,1140,1083,1136,1087,1069,1145,1078,1038,1059,1039,949,969,1017,1030,1009,982,1007,982,969,1011,932,968,962,946,952,961,879,939,918,917,951,889,953,871,941,924,906,866,885,857,865,881,932,834,895,901,862,882,909,884,922,847,921,894,865,822,824,846,843,881,838,877,855,799,832,858,862,847,872,883,852,882,786,889,894,833,812,822,812,888,868,807,824,905,828,822,855,815,747,769,796,729,764,770,754,746,758,687,704,607,638,589,593,545,531,452,387,354,307,158
0,0,0,0,0,0,0,0,0,0,0,0,0,0,1,0,0,0,0,0,3,3,5,3,10,13,16,33,48,50,59,97,144,156,229,324,366,518,586,769,955,1076,1321,1576,1903,2206,2551,2896,3254,3623,4070,4552,5051,5412,5994,6623,6942,7215,7593,8133,8440,8391,8709,8962,8865,9083,8894,8948,8870,8471,8627,8306,8383,8106,7936,7884,7856,7746,8086,7961,8329,8537,9048,8972,9652,10068,10291,10771,11353,11952,12331,12872,13295,13716,14023,14514,14398,14722,14617,14876,14889,14731,14515,14458,14100,14062,13505,13256,12782,12557,12046,11561,10867,10660,9955,9497,9005,8574,7907,7661,7022,6763,6344,5831,5597,5310,4948,4788,4556,4238,3909,3765,3703,3544,3444,3292,3183,3149,2948,2882,2767,2764,2846,2650,2530,2488,2385,2386,2294,2175,2122,2176,2029,2020,2022,1941,1987,1848,1781,1803,1775,1678,1638,1688,1642,1579,1603,1557,1573,1564,1478,1413,1471,1354,1362,1414,1337,1372,1326,1225,1348,1221,1218,1216,1247,1253,1166,1167,1134,1129,1178,1173,1089,1088,1129,1063,1089,1073,1059,1060,1030,1063,1041,1003,1034,975,1004,972,978,956,1008,957,960,904,979,942,897,901,922,894,930,912,898,951,892,947,858,863,898,889,844,928,908,975,872,890,851,903,868,877,850,838,859,865,854,854,867,816,867,830,886,859,852,880,827,853,887,870,856,791,858,806,835,841,818,866,880,807,814,877,855,827,836,876,825,820,845,824,774,768,762,758,791,769,727,749,700,719,703,652,623,597,564,521,485,439,395,310,274,168
0,0,0,0,0,0,0,0,0,0,0,0,0,0,0,0,0,2,0,2,1,1,4,5,4,3,12,19,35,44,65,93,117,132,188,242,317,378,536,629,796,936,1145,1383,1667,1879,2163,2577,2889,3266,3796,4276,4685,5109,5649,6068,6363,6902,7355,7823,8131,8416,8572,8746,8942,8909,8864,8973,8935,8902,8545,8432,8382,8330,8026,8067,7751,7782,7901,8052,8004,8237,8623,8812,9165,9548,10041,10447,10884,11264,11767,12427,13029,13195,13857,14233,14034,14549,14761,14879,14648,14993,14909,14652,14545,14115,13750,13667,13291,12756,12347,11676,11696,10789,10577,9994,9295,8894,8593,7968,7478,7099,6731,6324,5981,5553,5396,4983,4689,4427,4202,4038,3778,3633,3596,3426,3252,3163,3082,3009,2997,2723,2723,2645,2578,2551,2546,2344,2241,2272,2271,2186,2094,2020,1975,1983,1945,1885,1823,1897,1783,1703,1722,1606,1691,1687,1568,1560,1590,1562,1523,1491,1457,1496,1386,1385,1363,1363,1272,1386,1266,1274,1295,1258,1201,1179,1169,1206,1134,1210,1151,1133,1172,1051,1085,1099,1077,1064,1133,1071,1031,1122,1019,1043,1099,1022,996,1014,982,921,925,965,971,994,952,994,965,950,903,910,909,893,920,890,912,918,949,868,881,821,962,905,893,938,921,874,910,927,900,947,854,924,802,885,849,853,874,864,868,837,854,837,870,874,869,908,935,848,881,844,851,875,869,868,878,862,847,830,851,830,841,796,817,765,826,812,760,787,834,783,763,737,780,754,728,732,697,650,688,644,611,594,572,543,514,466,370,389,286,168
0,0,0,0,0,0,0,0,0,0,0,0,0,0,0,0,0,0,0,0,1,1,1,7,5,8,12,15,26,37,47,57,111,149,151,215,271,363,444,578,673,848,1037,1201,1442,1679,2076,2359,2615,3059,3459,3829,4346,4792,5184,5522,6151,6560,6914,7236,7747,8115,8522,8626,8650,8641,9106,8967,8957,8943,8763,8617,8507,8258,7990,8011,8003,7897,7886,7976,7967,8063,8242,8545,8963,9247,9662,10213,10367,10793,11609,11951,12408,12886,13379,13610,13945,14196,14570,14689,14655,14856,14949,14811,14620,14544,13955,13754,13496,13005,12839,12356,11776,11590,10890,10614,9989,9303,8957,8427,7996,7472,7062,6572,6248,5966,5633,5206,5033,4732,4409,4248,4097,3828,3661,3587,3373,3359,3205,3102,2966,2905,2791,2829,2611,2550,2515,2491,2437,2283,2222,2297,2159,2083,2043,2108,1979,1964,1820,1862,1878,1752,1715,1733,1706,1604,1705,1567,1553,1519,1536,1491,1478,1444,1422,1401,1267,1337,1352,1409,1281,1294,1286,1288,1252,1278,1246,1222,1186,1168,1160,1145,1103,1173,1147,1105,1094,1108,1113,1068,1042,1090,1065,1085,981,1025,1045,1031,953,1051,969,960,1025,918,1013,957,959,906,944,927,951,975,925,885,857,929,893,898,892,907,975,854,916,918,857,940,872,902,839,904,831,916,907,807,925,874,837,840,859,950,841,839,845,877,863,852,796,855,827,832,854,951,842,860,853,840,849,826,781,812,805,850,796,837,772,862,766,771,791,769,804,751,762,766,719,745,734,705,636,656,595,592,548,535,483,453,394,310,297,176
0,0,0,0,0,0,0,0,0,0,0,0,0,0,0,0,0,1,0,0,0,1,3,4,5,5,12,13,18,40,48,59,79,96,146,184,238,282,448,480,589,699,950,1051,1315,1509,1754,2049,2373,2732,3114,3540,3891,4356,4927,5392,5797,6171,6605,7069,7596,7781,8149,8400,8621,8798,8701,8847,8934,9026,8807,8634,8446,8320,8314,8201,8076,7839,7962,7787,7923,7937,8074,8140,8713,8920,9220,9736,10006,10549,10872,11638,11961,12382,12925,13333,13807,14182,14269,14376,14632,14840,14742,14603,14751,14525,14295,14038,13827,13566,13120,12810,12373,11762,11228,11036,10347,9897,9247,8903,8501,7994,7467,7197,6811,6200,5859,5536,5172,4885,4751,4411,4194,4096,3899,3614,3592,3388,3309,3131,3011,2993,2959,2893,2772,2629,2640,2429,2376,2452,2336,2249,2260,2144,2096,2046,2102,1960,1991,1901,1833,1880,1777,1825,1712,1753,1634,1706,1648,1651,1508,1542,1511,1541,1501,1401,1383,1355,1350,1439,1355,1314,1321,1284,1242,1288,1222,1225,1217,1181,1165,1149,1163,1127,1091,1153,1069,1101,1027,1141,1096,1060,1052,1089,1010,1002,1009,1046,1013,1029,969,964,971,984,956,970,955,962,884,947,932,939,925,924,893,924,932,916,875,914,876,903,884,837,833,902,836,858,858,847,849,886,910,859,864,858,904,864,857,842,834,835,866,907,860,866,840,826,829,903,814,821,835,860,832,914,817,839,740,837,826,849,827,814,837,798,773,851,760,759,782,770,765,733,739,744,711,703,658,630,643,626,531,564,489,429,397,342,303,183
0,0,0,0,0,0,0,0,0,0,0,0,0,0,0,0,0,0,2,1,0,1,0,1,5,5,7,8,25,24,36,41,55,85,118,157,192,261,352,415,543,606,734,941,1093,1329,1622,1780,2107,2384,2875,3200,3621,4144,4583,4847,5394,5794,6333,6675,6991,7416,7809,8250,8266,8829,8689,8884,8934,9086,8962,8878,8637,8466,8329,8307,8055,7945,7688,7879,7900,7867,7895,8146,8231,8538,8964,9243,9734,10233,10537,11086,11619,11781,12437,13025,13150,13698,14011,14306,14717,14699,14813,14897,14848,14506,14516,14390,13908,13902,13429,13141,12612,12186,11684,11175,11104,10455,10029,9429,9035,8504,7966,7377,7105,6643,6256,5883,5515,5268,4936,4631,4405,4210,4100,3818,3754,3500,3373,3319,3198,3072,3045,2865,2794,2785,2634,2511,2485,2440,2309,2313,2314,2215,2094,2197,2065,2088,2039,1905,1925,1890,1876,1827,1774,1750,1687,1617,1619,1635,1555,1516,1605,1602,1453,1481,1393,1493,1417,1381,1361,1340,1303,1277,1245,1252,1202,1224,1160,1202,1165,1190,1180,1120,1164,1168,1088,1155,1072,1126,1068,1092,1054,1065,1001,1082,1035,1029,1001,997,1010,1017,1048,941,956,963,977,877,926,920,978,918,864,912,897,919,934,920,914,882,928,908,879,909,916,917,883,914,839,880,895,850,892,888,845,885,816,870,805,875,848,843,820,868,845,803,887,815,822,826,820,855,856,829,823,864,792,881,822,841,842,798,846,797,796,830,785,798,794,842,726,749,723,717,735,703,672,656,624,599,629,595,545,553,494,435,377,360,263,173
0,0,0,0,0,0,0,0,0,0,0,0,0,0,0,0,0,0,0,0,1,2,2,1,3,5,7,18,12,21,28,44,47,75,116,160,158,214,257,365,459,518,643,789,996,1240,1303,1715,1922,2274,2547,2973,3245,3595,4067,4674,5038,5572,5980,6318,6729,7126,7653,7788,8080,8208,8759,8697,8726,8905,8841,8781,8690,8722,8477,8329,8199,8015,8069,7750,7867,7687,7756,7905,7982,8333,8558,9105,9168,9578,10144,10663,10979,11417,12091,12579,12916,13577,13720,13964,14414,14365,14692,14818,14865,14608,14666,14494,14319,13877,13768,13329,13107,12630,12303,11903,11246,11110,10386,9993,9420,8805,8416,8095,7431,7151,6628,6448,5968,5469,5251,4983,4765,4602,4164,4052,3849,3727,3547,3400,3325,3280,3061,2978,2883,2791,2671,2606,2543,2442,2373,2342,2304,2320,2135,2117,2156,2062,2025,1987,1944,1841,1851,1874,1799,1780,1782,1700,1724,1660,1548,1602,1517,1574,1541,1540,1410,1449,1484,1411,1360,1341,1307,1298,1251,1292,1285,1179,1223,1190,1210,1188,1205,1174,1172,1180,1151,1127,1109,1084,1090,1072,1101,1034,1088,1049,1116,1007,1054,1035,1021,989,935,1025,1020,964,946,960,956,943,992,895,894,964,933,961,930,948,814,952,907,910,947,846,868,881,884,872,853,887,876,853,907,899,810,880,840,808,836,810,833,834,826,841,807,850,885,848,803,815,875,817,827,857,890,843,828,849,883,806,865,806,818,790,797,819,797,754,787,771,771,766,758,712,687,734,651,652,705,646,586,580,514,507,510,417,400,318,279,165
0,0,0,0,0,0,0,0,0,0,0,0,0,0,0,0,0,0,0,1,0,0,1,0,2,4,6,16,17,13,26,35,42,46,105,108,153,185,253,301,402,474,630,708,820,1022,1221,1427,1717,2118,2295,2643,3074,3411,3840,4251,4674,5088,5561,5989,6296,6939,7218,7582,7995,8181,8437,8731,8812,8873,8746,8785,8821,8956,8772,8307,8233,8214,7960,7899,7891,7848,7810,7907,7799,7977,8379,8553,9098,9218,9615,10038,10764,11053,11663,12006,12652,12974,13337,13733,13726,14479,14457,14634,14653,14593,14622,14656,14294,14207,14289,13629,13137,13053,12767,12287,11687,11262,10920,10351,9832,9346,9047,8425,7808,7527,7134,6711,6167,5852,5525,5232,4904,4700,4479,4234,3963,3882,3761,3625,3377,3291,3184,3160,2940,2855,2889,2784,2578,2623,2478,2472,2388,2292,2249,2185,2212,2158,2069,1967,1965,1975,1931,1853,1874,1801,1761,1703,1693,1671,1660,1573,1653,1481,1517,1519,1473,1433,1388,1465,1380,1338,1423,1316,1296,1260,1251,1236,1268,1205,1130,1235,1171,1231,1133,1193,1179,1161,1167,1104,1103,1084,1146,1056,1029,1081,1085,996,1017,1003,1007,970,991,964,904,1000,972,990,951,971,914,864,937,881,944,900,941,953,897,871,877,933,885,872,893,884,909,882,850,871,921,925,936,870,917,826,873,868,834,820,876,852,888,845,797,800,851,867,827,878,852,814,810,834,834,796,837,863,807,848,803,810,789,828,805,752,793,792,764,796,812,735,730,709,749,738,650,718,606,615,570,584,545,506,508,428,374,388,282,152
0,0,0,0,0,0,0,0,0,0,0,0,0,0,0,0,0,0,2,0,0,1,0,0,2,1,6,3,8,13,19,22,33,52,86,96,127,146,184,260,310,430,512,606,734,904,1090,1307,1514,1760,2107,2397,2703,3166,3554,3875,4329,4837,5339,5666,6113,6405,6794,7464,7594,8034,8137,8509,8580,8788,8754,8850,8836,8823,8472,8372,8577,8273,8165,8048,7774,7838,7644,7811,7784,8039,8193,8361,8612,8901,9236,9738,10159,10836,11120,11593,12031,12548,12885,13361,13895,14174,14437,14542,14381,14626,14701,14729,14598,14540,14298,14275,13941,13224,13158,12320,12217,11662,11293,10756,10190,9706,9223,8881,8540,7844,7413,7049,6696,6283,5932,5642,5284,5047,4706,4426,4134,3964,3810,3594,3577,3520,3239,3104,3009,2886,2828,2861,2666,2677,2636,2510,2488,2356,2282,2299,2272,2139,2111,2077,2084,2010,1949,1928,1864,1796,1808,1777,1737,1700,1682,1599,1582,1661,1518,1576,1451,1504,1424,1413,1376,1369,1359,1355,1326,1277,1260,1264,1246,1206,1162,1223,1191,1175,1186,1165,1171,1130,1170,1079,1153,1101,1073,1084,1047,1058,1054,1075,1053,1027,1035,992,972,956,965,983,1004,985,995,916,899,926,910,955,912,922,948,948,927,900,905,868,924,896,841,881,881,875,893,934,951,866,846,884,881,895,896,890,820,784,819,843,883,832,863,803,869,896,906,822,850,881,856,849,828,835,824,816,821,752,802,822,784,801,794,735,761,803,769,784,783,716,747,747,754,694,668,688,602,606,584,538,537,512,473,443,406,340,242,157
0,0,0,0,0,0,0,0,0,0,0,0,0,0,0,0,0,0,0,0,0,0,1,0,3,5,4,9,10,4,14,16,30,47,65,73,108,159,183,241,285,347,432,517,650,774,981,1092,1283,1537,1854,2149,2453,2720,3072,3547,3904,4447,4877,5313,5781,6153,6512,6911,7426,7563,8108,8294,8442,8537,8732,8882,8733,8790,8936,8642,8326,8515,8370,8255,7964,7806,7719,7726,7898,7918,7855,8155,8417,8679,8993,9289,9739,9987,10648,11241,11442,12053,12546,13016,13374,13623,14021,14260,14469,14609,14695,14570,14919,14625,14425,14136,14117,13552,13488,12885,12546,12137,11749,11311,10748,10276,9747,9335,8943,8336,7884,7478,7171,6735,6307,5962,5549,5225,4906,4793,4342,4234,4079,3750,3755,3493,3348,3325,3148,3072,2980,2861,2737,2671,2688,2606,2513,2376,2371,2291,2268,2247,2097,2040,2105,2077,1986,1956,1972,1889,1862,1764,1768,1733,1722,1686,1688,1611,1550,1552,1582,1455,1474,1520,1393,1482,1411,1339,1354,1340,1266,1345,1255,1277,1239,1188,1195,1191,1150,1189,1153,1210,1102,1142,1117,1095,1131,1075,1034,1060,1107,1013,1047,1064,1010,1019,985,1024,987,996,916,964,993,960,919,937,957,952,985,912,888,888,865,970,918,908,896,934,889,928,856,889,894,905,855,840,849,887,805,829,897,880,899,860,802,903,784,834,849,886,892,837,792,889,821,873,830,817,841,843,867,814,784,878,776,849,795,818,781,788,771,806,744,788,722,769,746,699,701,709,672,635,656,592,595,613,578,478,490,424,368,326,254,157
0,0,0,0,0,0,0,0,0,0,0,0,0,0,0,0,0,0,0,0,0,0,3,1,1,2,1,2,5,13,13,14,18,33,36,68,90,121,138,199,224,303,379,451,582,690,853,981,1222,1451,1636,1935,2171,2565,2869,3218,3612,4062,4529,4930,5366,5767,6321,6772,7105,7317,7782,8014,8222,8477,8728,8695,8870,8742,8732,8653,8661,8474,8307,8122,7993,8074,7738,7808,7707,7897,7810,7921,8106,8292,8635,8955,9406,9750,10245,10783,11214,11601,11983,12489,12957,13222,13687,14153,14112,14445,14580,14698,14759,14593,14563,14403,14278,14069,13599,13216,12888,12666,12223,11646,11199,10801,10258,9884,9386,8831,8247,7942,7462,7112,6667,6345,5913,5629,5321,4897,4845,4535,4154,4015,3804,3574,3484,3499,3219,3199,3149,2950,2837,2809,2780,2694,2551,2492,2435,2426,2308,2272,2249,2199,2104,2065,2016,1945,1920,1846,1900,1826,1775,1716,1778,1701,1583,1653,1563,1547,1525,1543,1490,1471,1382,1408,1359,1363,1453,1439,1352,1256,1325,1248,1206,1281,1176,1214,1283,1169,1146,1168,1173,1166,1116,1138,1081,1071,1027,1032,1093,1078,1053,1060,1003,1062,1035,970,1053,989,984,988,949,1006,978,1028,906,960,906,923,926,923,900,865,891,879,889,886,917,881,882,889,879,878,874,920,865,853,886,893,867,865,873,886,863,881,940,807,810,812,869,834,821,857,862,881,881,852,802,788,799,866,795,749,798,801,784,786,833,742,740,747,795,744,744,750,677,675,707,721,686,647,660,616,575,587,529,526,455,414,384,323,242,168
0,0,0,0,0,0,0,0,0,0,0,0,0,0,0,0,0,0,0,0,0,0,1,1,1,1,1,4,5,12,11,8,14,19,26,64,64,82,127,182,206,263,332,428,465,615,716,864,1111,1189,1491,1722,1990,2333,2553,3024,3356,3776,4204,4622,4896,5442,5914,6336,6669,7029,7554,7717,7973,8320,8540,8489,8688,8825,8974,8610,8583,8533,8436,8331,8131,7941,7863,7769,7910,7820,7763,7787,8072,8218,8438,8784,8935,9314,9693,10096,10732,11089,11719,12132,12430,12820,13403,13565,13849,14100,14366,14522,14722,14912,14842,14766,14414,14293,13802,13642,13211,13118,12509,12011,11607,11319,10712,10326,9580,9315,9044,8510,7853,7439,7023,6670,6193,5900,5510,5349,5045,4786,4452,4300,4107,3894,3667,3452,3417,3190,3162,2980,3034,2820,2800,2612,2634,2531,2523,2467,2422,2283,2358,2285,2221,2093,2071,2002,1919,1926,1954,1877,1818,1874,1725,1791,1652,1635,1677,1618,1580,1607,1463,1487,1462,1490,1436,1321,1365,1312,1311,1329,1301,1249,1225,1280,1229,1219,1147,1221,1221,1215,1178,1168,1164,1123,1068,1095,1044,1040,1083,1091,1106,1035,1052,1041,1039,1014,1009,1011,1021,1004,968,946,983,966,926,966,945,913,931,976,916,931,891,903,967,822,919,896,870,876,858,855,869,885,921,823,865,873,870,819,887,876,936,874,896,824,838,906,808,825,890,790,830,793,848,811,819,786,809,851,800,848,751,778,820,784,793,775,802,760,703,790,742,719,684,749,663,678,663,646,642,592,618,528,544,495,488,445,382,333,246,168
0,0,0,0,0,0,0,0,0,0,0,0,0,0,0,0,0,0,0,0,0,0,0,0,1,1,2,1,1,4,11,11,21,31,34,44,42,78,103,136,165,209,237,352,423,535,615,773,932,1106,1294,1557,1739,1935,2308,2676,3070,3380,3776,4324,4631,5212,5537,5886,6263,6772,7164,7537,7806,8080,8265,8361,8617,8634,8660,8780,8834,8656,8607,8329,8179,8218,7836,7860,7790,7823,7750,7596,7874,7992,8345,8547,8841,9198,9489,9802,10359,10615,11113,11633,11946,12726,12828,13524,13611,13962,14469,14299,14456,14694,14560,14696,14647,14360,14372,13939,13649,13218,12877,12487,11929,11655,11312,10827,10361,9649,9374,8872,8256,7777,7404,7160,6726,6248,5822,5465,5283,5003,4702,4410,4273,4062,3851,3684,3443,3377,3223,3106,3079,2890,2791,2751,2657,2648,2554,2476,2409,2467,2383,2270,2285,2178,2127,2149,2039,1978,1969,1915,1898,1761,1831,1800,1738,1710,1628,1641,1628,1626,1525,1487,1514,1460,1432,1406,1308,1418,1422,1354,1330,1284,1261,1276,1276,1208,1188,1189,1191,1161,1220,1174,1146,1104,1127,1033,1079,1158,1037,1075,1045,1068,1067,1049,1005,1032,1025,969,996,947,1029,1060,973,966,1062,995,966,927,928,909,919,969,924,952,864,900,954,917,899,865,870,850,922,869,891,867,880,828,904,848,854,900,867,906,850,822,842,893,846,820,858,773,847,842,839,836,755,798,841,765,813,781,824,753,749,764,778,800,778,747,717,776,686,762,719,705,708,709,631,641,605,604,549,541,534,538,477,390,392,339,252,163
0,0,0,0,0,0,0,0,0,0,0,0,0,0,0,0,0,0,0,1,0,0,0,1,0,1,1,2,3,3,9,14,13,19,23,40,49,66,72,128,152,171,242,282,351,436,554,678,811,965,1118,1333,1571,1839,2123,2467,2721,3087,3489,3797,4306,4789,5165,5573,6017,6443,6831,7187,7454,7911,8054,8333,8477,8625,8612,8789,8681,8636,8599,8497,8273,8342,8124,8067,7923,7673,7671,7682,7649,7914,8009,8268,8445,8690,9036,9386,9767,10222,10745,11173,11583,11916,12540,12770,13423,13788,14207,14229,14396,14277,14914,14643,14695,14545,14319,14202,13802,13483,13229,12830,12696,12004,11738,11234,10814,10334,9751,9137,8914,8397,8041,7468,7161,6739,6256,5910,5637,5249,4996,4782,4437,4322,4096,3836,3516,3492,3393,3278,3147,3051,2827,2979,2800,2676,2567,2582,2541,2466,2306,2254,2262,2291,2146,2138,2050,2046,1982,1905,1863,1895,1767,1788,1706,1739,1704,1690,1713,1582,1578,1528,1487,1526,1450,1527,1487,1408,1393,1360,1363,1265,1232,1278,1324,1305,1168,1186,1223,1259,1235,1172,1149,1181,1106,1095,1140,1099,1083,1041,1114,1107,1031,991,1064,1047,1014,1001,1059,987,992,980,983,1002,936,1034,949,985,910,913,909,906,901,920,905,870,940,899,899,904,927,871,883,884,820,886,888,889,846,900,849,860,871,929,877,837,828,871,881,825,844,807,820,856,854,797,807,815,768,805,785,828,821,806,755,759,772,737,721,764,753,748,746,720,743,727,643,613,673,643,592,589,590,500,538,476,454,448,407,341,229,132
0,0,0,0,0,0,0,0,0,0,0,0,0,0,0,0,0,0,0,1,0,0,1,0,0,0,2,2,2,1,5,5,10,12,12,16,43,47,61,79,97,137,209,255,293,400,477,582,725,844,988,1184,1375,1654,1926,2151,2381,2884,3076,3499,3877,4444,4916,5282,5625,5882,6388,6991,7210,7494,7875,8140,8162,8619,8742,8508,8677,8683,8776,8557,8476,8290,8411,8016,7969,7839,7762,7772,7661,7883,7794,7971,8199,8403,8748,9008,9369,9741,10153,10787,11186,11615,12251,12646,13255,13168,13610,13923,14161,14291,14644,14486,14771,14741,14639,14237,14272,13952,13599,13022,12920,12655,12065,11703,11011,10705,10409,9755,9304,8850,8215,8003,7463,7051,6706,6185,5887,5699,5206,4999,4785,4431,4204,4021,3883,3647,3645,3295,3242,3081,3068,3000,2822,2838,2752,2716,2517,2522,2422,2392,2241,2341,2127,2146,2064,2025,2051,2010,1973,1951,1900,1868,1820,1695,1703,1629,1656,1593,1583,1571,1522,1537,1486,1473,1518,1395,1355,1404,1384,1327,1317,1268,1261,1340,1197,1202,1237,1175,1212,1290,1145,1146,1167,1131,1136,1092,1171,1155,1045,1084,1071,1145,1114,999,1048,983,1009,993,1017,1015,973,994,1031,945,921,941,976,925,852,963,927,902,951,902,940,913,931,909,844,912,869,894,852,862,923,888,848,886,832,843,894,838,823,887,867,827,840,823,852,834,836,785,850,791,812,794,812,811,808,726,780,777,781,772,784,749,751,773,701,754,770,702,707,732,673,676,628,625,583,611,590,562,544,522,460,429,364,330,254,165
0,0,0,0,0,0,0,0,0,0,0,0,0,0,0,0,0,0,0,0,0,0,0,1,0,0,1,2,3,3,1,7,6,9,19,23,34,50,65,76,109,114,153,184,263,325,444,482,592,775,902,1081,1251,1483,1724,1903,2270,2570,2837,3194,3686,4027,4376,4860,5374,5743,6021,6442,6879,7411,7328,7931,7953,8259,8321,8635,8665,8620,8770,8587,8457,8288,8225,8170,7978,7732,7730,7884,7742,7488,7834,7902,8039,8274,8399,8705,9344,9620,9744,10375,10636,11137,11773,12207,12612,13106,13296,13771,14075,14304,14209,14343,14693,14471,14605,14571,14290,13912,13805,13682,13301,12704,12608,12199,11789,11234,10676,10295,9791,9314,8893,8302,7897,7491,7036,6703,6431,5931,5498,5308,4997,4552,4498,4280,3987,3758,3624,3367,3335,3268,3253,3080,2967,2800,2760,2765,2694,2564,2533,2439,2496,2334,2261,2355,2228,2120,2090,1996,1913,1977,1907,1855,1785,1751,1839,1787,1732,1694,1594,1597,1610,1554,1501,1492,1509,1339,1469,1417,1378,1385,1370,1301,1295,1350,1290,1295,1273,1230,1240,1193,1207,1130,1091,1079,1168,1114,1143,1097,1084,1075,1128,1056,1031,1003,1046,985,965,1091,1066,960,959,1004,954,971,971,927,920,943,940,960,976,892,912,925,904,925,885,937,885,928,887,887,902,889,816,842,865,857,895,848,878,886,839,899,881,805,791,836,854,840,792,815,838,803,861,809,831,837,796,798,822,793,758,818,775,732,728,764,730,704,724,726,703,691,700,630,645,641,631,572,601,559,528,452,442,428,368,310,273,142
0,0,0,0,0,0,0,0,0,0,0,0,0,0,0,0,0,0,0,0,0,0,0,1,0,0,0,1,0,3,4,7,4,12,16,28,32,34,40,58,86,102,141,157,220,291,333,412,540,627,776,921,1108,1244,1514,1676,2001,2234,2658,2919,3358,3727,4191,4533,4838,5316,5723,6155,6554,7013,7392,7703,7942,8171,8390,8459,8383,8615,8603,8595,8597,8623,8203,8160,8203,8072,7896,7938,7613,7543,7761,7787,7850,8115,8185,8687,8682,9064,9442,9787,10477,10653,10994,11744,12233,12471,12918,13161,13803,14139,14318,14355,14384,14510,14480,14760,14520,14291,14219,13749,13760,13373,12892,12486,12117,11635,11085,10783,10351,9861,9231,8906,8314,8033,7311,7071,6707,6239,6002,5452,5240,4792,4729,4545,4138,4041,3821,3699,3487,3387,3256,3134,3050,3012,2935,2696,2796,2639,2606,2514,2470,2360,2365,2226,2216,2217,2139,2122,2086,2020,1907,1845,1823,1773,1734,1809,1733,1705,1638,1625,1639,1539,1552,1532,1496,1490,1452,1385,1420,1309,1404,1375,1344,1330,1227,1224,1221,1220,1232,1228,1179,1223,1121,1140,1124,1187,1066,1124,1081,1097,1114,1078,1036,1084,1019,1026,992,1029,1003,952,975,1028,983,1009,983,978,971,965,894,929,960,950,953,909,948,920,865,905,882,912,898,880,883,863,862,874,878,914,868,908,841,844,860,868,780,848,850,837,794,794,854,843,781,837,800,809,809,805,812,801,813,835,814,783,681,773,714,739,740,730,728,730,739,688,637,690,621,619,637,609,569,494,513,479,436,379,386,321,241,167
0,0,0,0,0,0,0,0,0,0,0,0,0,0,0,0,0,0,0,0,0,0,0,0,0,0,0,1,3,1,7,5,5,11,9,15,26,21,41,51,58,90,124,148,180,201,315,342,453,539,681,804,939,1092,1343,1525,1823,2126,2332,2763,3040,3456,3747,4269,4608,5041,5332,5666,6209,6595,6992,7283,7499,7999,8174,8361,8530,8563,8601,8693,8690,8494,8427,8392,8183,8046,7931,7852,7752,7719,7801,7722,7751,7714,8065,8074,8387,8741,9070,9518,10042,10698,10946,11166,11543,12130,12706,13013,13049,13637,13995,14270,14225,14512,14401,14558,14494,14523,14402,14253,13496,13517,13459,12793,12716,12169,11587,11077,10640,10314,9764,9299,9005,8443,7845,7626,6994,6780,6108,5957,5574,5197,4992,4691,4414,4337,3962,3806,3652,3497,3371,3252,3149,3090,2976,2886,2791,2745,2673,2556,2440,2452,2470,2231,2261,2188,2171,2160,2143,2003,1987,1902,1840,1742,1878,1771,1734,1694,1665,1620,1659,1584,1528,1594,1528,1569,1520,1394,1452,1429,1380,1428,1367,1285,1282,1344,1235,1194,1241,1189,1230,1232,1246,1185,1175,1092,1131,1192,1102,1090,1096,1054,1037,993,1025,1115,1030,1063,1029,1002,985,993,975,968,934,995,948,927,965,904,962,995,947,993,918,1013,958,944,966,873,933,902,880,871,876,865,892,848,874,807,856,895,890,828,846,852,827,825,852,843,865,789,826,796,776,824,806,763,798,743,753,769,796,776,736,749,733,778,739,712,687,722,671,708,642,599,644,618,641,585,557,546,524,456,437,407,370,308,261,168
0,0,0,0,0,0,0,0,0,0,0,0,0,0,0,0,0,0,0,0,0,0,0,0,0,1,1,1,1,1,0,0,2,8,12,20,13,18,36,35,61,81,108,124,148,199,258,327,353,492,591,718,807,1029,1210,1389,1566,1926,2139,2420,2747,3169,3481,3825,4320,4661,5090,5532,5906,6311,6820,7121,7289,7717,7765,8216,8398,8460,8558,8442,8590,8418,8473,8390,8421,8227,7944,7898,7949,7643,7786,7523,7743,7834,7891,8025,8207,8545,8987,9259,9457,9925,10320,10747,11378,11856,12296,12684,12962,13378,13718,13809,14384,14209,14460,14409,14379,14634,14354,14015,14170,13951,13599,13339,12798,12261,12100,11453,11104,10698,10361,9686,9285,8863,8434,8045,7606,7130,6603,6302,5920,5657,5194,4868,4564,4390,4133,4072,3977,3749,3437,3360,3329,3063,3116,2909,2946,2697,2702,2655,2522,2499,2441,2364,2374,2288,2129,2207,2100,2131,2008,1979,1898,1870,1896,1807,1709,1761,1616,1601,1657,1666,1620,1586,1537,1513,1501,1463,1413,1402,1363,1361,1304,1310,1346,1315,1314,1251,1245,1297,1230,1165,1208,1242,1121,1212,1184,1162,1156,1099,1122,1037,1108,1096,1069,1024,1097,991,1009,997,1053,1009,1024,983,947,931,974,991,929,901,950,929,957,951,941,945,908,948,920,961,909,872,945,875,870,859,864,886,844,902,937,899,891,865,834,839,864,889,807,774,825,823,787,784,822,828,762,756,816,770,778,757,802,749,796,785,737,747,650,715,686,663,663,655,669,627,633,597,580,597,564,509,509,482,494,387,375,276,238,161
0,0,0,0,0,0,0,0,0,0,0,0,0,0,0,0,0,0,0,0,0,0,0,0,0,0,0,0,1,0,2,4,2,6,3,9,11,20,26,41,41,61,93,99,121,183,201,286,335,396,483,588,747,872,1069,1170,1405,1628,1911,2192,2524,2794,3206,3497,3920,4315,4791,5042,5592,6000,6488,6689,6934,7336,7788,7882,8131,8341,8434,8656,8602,8690,8658,8595,8297,8490,8168,7967,8078,7779,7571,7625,7666,7838,7730,7853,8085,8190,8459,8687,9228,9538,9774,10416,10871,11188,11551,12165,12722,12957,13328,13746,14026,14179,14180,14563,14657,14669,14569,14239,14257,14133,13954,13640,13269,12954,12304,12114,11516,11142,10668,9927,9681,9334,8907,8432,7932,7323,7021,6500,6334,5895,5518,5287,4924,4692,4334,4095,4046,3871,3741,3628,3513,3220,3105,3107,2976,2879,2721,2776,2651,2542,2492,2531,2375,2397,2247,2208,2191,2119,2036,1971,1974,1918,1880,1821,1779,1787,1751,1716,1722,1694,1646,1614,1556,1582,1546,1442,1491,1469,1381,1373,1402,1288,1374,1331,1262,1259,1219,1230,1236,1279,1221,1211,1157,1101,1191,1170,1156,1165,1118,1112,1073,1068,1082,1050,1103,1052,1000,1086,1034,943,1000,958,974,958,972,951,970,970,942,947,1009,971,973,910,945,951,957,898,900,858,906,860,862,899,867,909,900,906,825,876,870,865,806,833,810,804,841,813,873,798,834,810,858,793,813,815,816,759,723,808,738,771,813,721,730,757,707,678,694,673,648,711,684,619,603,593,617,574,552,557,485,469,436,418,340,328,251,162
0,0,0,0,0,0,0,0,0,0,0,0,0,0,0,0,0,0,0,0,0,0,0,0,0,1,1,0,2,0,2,1,3,2,5,7,12,18,19,34,38,52,65,74,109,139,190,224,292,359,399,533,612,766,927,1068,1250,1479,1795,1963,2185,2528,2867,3143,3684,4025,4515,4689,5157,5562,6011,6319,6805,7171,7507,7629,7832,8190,8203,8423,8642,8536,8621,8542,8394,8253,8376,8185,8190,7923,7780,7678,7698,7507,7644,7753,7895,7983,8423,8497,8742,9221,9561,9832,10466,10894,11375,11660,12116,12556,13062,13300,13968,13854,14444,14351,14577,14314,14578,14580,14481,14132,14021,13874,13337,13428,12687,12618,12101,11642,11131,10452,10263,9565,9320,8816,8332,7949,7394,7162,6584,6228,5972,5462,5217,4953,4548,4615,4198,4057,3881,3655,3423,3373,3303,3045,3034,3069,2827,2765,2760,2594,2574,2465,2430,2445,2349,2304,2165,2197,2065,2131,2010,1986,1925,1839,1909,1885,1740,1787,1784,1694,1632,1615,1608,1615,1567,1621,1493,1451,1465,1460,1359,1376,1375,1352,1322,1231,1234,1271,1237,1274,1185,1212,1238,1146,1148,1126,1168,1145,1152,1099,1118,1149,1075,1073,1080,1086,1074,1058,1023,1029,1015,946,940,979,1002,1000,912,953,976,976,920,953,925,886,918,921,859,934,870,840,849,942,883,908,863,914,888,924,885,807,892,805,896,814,841,835,862,830,790,799,827,830,767,809,827,783,775,791,727,780,808,748,731,715,792,761,722,690,716,707,718,660,638,676,679,593,583,582,509,532,480,491,387,395,353,313,233,169
0,0,0,0,0,0,0,0,0,0,0,0,0,0,0,0,0,0,0,1,0,0,0,0,0,0,0,1,1,0,3,0,4,3,8,7,11,15,20,21,35,46,53,81,108,118,147,220,251,314,376,463,563,629,800,943,1147,1298,1450,1730,2014,2357,2684,2899,3353,3684,4035,4498,4823,5157,5831,5992,6587,6770,7208,7561,7780,7961,8081,8191,8421,8614,8573,8489,8509,8325,8334,8142,8131,8061,7787,7712,7803,7770,7696,7749,7738,7824,7913,8283,8292,8781,9150,9574,9883,10646,10845,11207,11936,12226,12582,12820,13139,13633,14026,14157,14322,14608,14538,14540,14488,14314,14280,14094,13795,13411,13166,12853,12322,11946,11614,11158,10737,10138,9664,9291,8815,8428,7861,7435,7004,6646,6204,5941,5488,5296,5033,4639,4352,4300,4135,3881,3710,3567,3274,3162,3149,2949,3007,2885,2902,2686,2621,2652,2557,2333,2363,2350,2338,2175,2173,2130,2099,1960,2012,1960,1945,1863,1888,1788,1748,1742,1702,1646,1659,1626,1605,1616,1480,1495,1465,1456,1461,1347,1392,1378,1380,1259,1303,1297,1280,1235,1239,1165,1186,1216,1204,1170,1176,1078,1104,1103,1095,1106,1114,1067,1057,1055,999,1051,1019,1061,1017,1009,977,985,985,958,966,1027,915,976,1034,958,956,952,924,866,902,902,937,935,895,897,910,915,852,882,851,882,885,886,950,900,835,829,811,876,859,852,765,847,791,790,850,809,814,857,780,752,789,785,743,748,771,725,730,704,682,696,699,704,687,654,676,670,634,627,597,601,563,489,495,476,435,413,365,289,213,161
0,0,0,0,0,0,0,0,0,0,0,0,0,0,0,0,0,0,0,0,0,0,0,0,0,0,0,0,1,3,2,0,2,1,3,4,4,16,10,26,19,33,43,57,84,110,141,154,186,250,318,383,517,551,682,802,974,1188,1370,1584,1802,2096,2401,2750,2954,3327,3794,3979,4634,4878,5332,5763,6000,6610,6919,7065,7453,7811,7928,8198,8338,8351,8440,8631,8609,8489,8345,8291,8070,7992,8068,7684,7747,7767,7649,7837,7597,7692,7750,8048,8390,8418,8846,9260,9648,9963,10486,11061,11482,11662,12221,12573,12929,13348,13702,13974,14307,14383,14331,14448,14328,14505,14258,14174,14069,13873,13448,12985,12693,12361,12179,11673,11223,10591,10060,9911,9436,8884,8379,7914,7421,6953,6683,6209,5931,5619,5085,4899,4783,4353,4283,4005,3831,3715,3497,3324,3200,3151,3008,2941,2858,2909,2755,2631,2557,2573,2473,2370,2290,2331,2184,2118,2089,2100,2044,1998,1934,1907,1909,1820,1786,1731,1713,1698,1629,1588,1575,1539,1534,1558,1541,1529,1399,1422,1367,1409,1360,1364,1311,1222,1323,1264,1234,1244,1174,1209,1227,1183,1176,1163,1199,1076,1159,1114,1036,1111,1119,1077,1043,1061,1045,1017,968,1074,1064,1008,982,997,970,946,1003,948,948,1013,916,945,934,897,904,957,912,880,937,857,886,889,925,843,886,899,847,874,869,882,882,896,883,858,753,823,868,802,808,790,816,825,763,819,821,754,776,755,735,732,699,762,692,671,706,677,677,693,691,740,714,652,639,611,611,505,564,566,524,463,414,396,350,331,242,138
0,0,0,0,0,0,0,0,0,0,0,0,0,0,0,0,0,0,0,0,0,0,0,0,0,0,0,0,0,0,0,2,2,1,0,6,7,14,14,17,14,24,38,45,60,84,111,120,176,249,261,291,426,477,603,745,787,999,1215,1450,1621,1876,2134,2417,2820,3116,3444,3703,4186,4667,4959,5243,5757,6100,6647,6879,7114,7407,7656,8038,8077,8318,8676,8604,8597,8501,8487,8345,8289,8126,7938,7975,7763,7604,7719,7449,7547,7765,7841,7901,8215,8290,8528,8714,9258,9581,9962,10646,10771,11284,11938,12270,12725,13112,13245,13685,13799,14125,14545,14332,14587,14415,14437,14204,14410,14025,13801,13378,12944,12744,12340,11891,11376,11104,10729,10024,9933,9315,8950,8386,7942,7596,7113,6602,6358,5911,5595,5305,4987,4686,4408,4341,3988,3747,3678,3536,3439,3232,3138,3131,2839,2837,2875,2745,2691,2543,2521,2515,2283,2338,2255,2217,2161,2093,2022,2093,1949,1905,1903,1860,1867,1762,1700,1778,1683,1608,1621,1644,1538,1540,1510,1506,1488,1430,1405,1389,1384,1341,1281,1234,1336,1243,1238,1280,1238,1195,1195,1209,1208,1177,1121,1165,1175,1144,1107,1117,1078,1065,1058,1122,1089,1010,1032,1006,1024,1006,963,986,1006,988,988,954,1007,938,915,888,970,894,940,989,923,875,927,832,879,934,910,908,867,846,885,857,879,879,857,841,845,889,815,884,802,772,831,839,812,799,835,795,782,779,736,753,735,724,742,700,717,730,682,702,681,711,695,724,636,650,632,651,593,552,548,543,497,461,443,437,361,300,224,149
0,0,0,0,0,0,0,0,0,0,0,0,0,0,0,0,0,0,0,0,0,0,0,0,0,0,0,0,0,0,0,1,1,2,3,4,3,10,14,11,26,29,27,48,63,67,101,113,127,198,234,319,347,436,546,630,777,822,1086,1206,1404,1639,1846,2232,2631,2779,3153,3477,3853,4224,4654,5044,5399,5818,5947,6525,6947,7217,7501,7690,7965,8120,8398,8297,8405,8586,8617,8329,8397,8338,8243,7870,7906,7793,7782,7645,7708,7673,7598,7814,7761,8113,8373,8587,8718,9043,9633,10044,10409,11001,11471,11746,12134,12631,13173,13321,13647,13999,14193,14567,14512,14391,14422,14491,14441,14077,13966,13725,13620,13025,12676,12523,11861,11432,11187,10711,10157,9704,9172,8672,8424,7731,7407,7042,6637,6426,5832,5626,5309,5030,4843,4441,4273,4099,3862,3636,3542,3375,3396,3220,3071,2907,2866,2875,2820,2685,2502,2535,2432,2287,2295,2227,2166,2182,2092,2075,2007,1924,1914,1871,1851,1805,1739,1694,1748,1674,1720,1630,1607,1569,1513,1499,1493,1445,1478,1402,1391,1420,1337,1344,1363,1292,1239,1241,1357,1263,1208,1278,1160,1201,1196,1098,1186,1178,1152,1093,1077,1116,1141,1101,1082,1070,1010,1018,1051,1001,966,1042,1007,905,999,978,960,953,935,1000,960,942,932,902,927,931,939,893,875,893,886,912,881,864,939,843,854,837,833,893,832,835,827,853,861,819,830,814,757,831,795,766,750,775,749,699,750,752,722,695,743,718,725,754,684,638,684,668,611,615,675,569,566,569,519,554,478,468,462,376,395,286,226,165
0,0,0,0,0,0,0,0,0,0,0,0,0,0,0,0,0,0,0,0,0,0,0,0,0,0,0,0,1,0,3,0,2,1,1,2,3,6,6,14,14,27,19,32,56,43,74,103,111,156,181,262,308,370,457,584,627,782,896,1055,1251,1454,1719,1908,2199,2601,2899,3171,3582,3901,4304,4759,5090,5367,5727,6264,6608,6966,7318,7657,8073,7952,8192,8245,8383,8610,8371,8425,8384,8270,8276,8131,7934,7876,7644,7748,7536,7550,7505,7582,7733,8052,7977,8157,8619,8983,9229,9516,10049,10544,10987,11448,12005,12332,12631,13064,13432,13593,14150,14281,14325,14381,14413,14453,14299,14424,14403,14057,13786,13516,13115,12616,12324,12032,11555,10973,10662,10237,9632,9245,8845,8132,7739,7374,7114,6644,6357,5990,5568,5239,5037,4664,4500,4165,4099,3926,3700,3490,3441,3249,3237,3082,2910,2857,2828,2653,2693,2622,2516,2432,2422,2197,2242,2240,2158,2067,2116,2078,1962,1907,1929,1781,1801,1764,1724,1685,1587,1751,1640,1703,1507,1525,1462,1484,1433,1405,1388,1362,1358,1391,1327,1304,1290,1299,1238,1321,1262,1239,1223,1114,1134,1149,1130,1191,1094,1136,1100,1082,1122,1019,1093,1026,1086,1085,1053,1006,986,1030,991,1059,990,993,917,985,985,1003,938,907,932,1003,937,959,890,926,896,917,881,922,823,873,866,866,850,873,827,854,833,803,873,826,830,884,809,807,873,828,823,803,734,764,774,815,758,748,718,734,679,670,707,703,714,662,639,676,693,580,648,583,586,583,548,528,452,430,455,390,330,289,239,147
0,0,0,0,0,0,0,0,0,0,0,0,0,0,0,0,0,0,0,0,0,0,0,0,0,0,0,0,0,0,0,0,0,2,0,2,2,5,7,14,19,20,22,27,46,55,65,72,89,131,189,200,244,346,399,472,580,675,777,949,1145,1268,1446,1761,2006,2345,2592,2848,3167,3689,4001,4453,4861,5125,5494,5880,6174,6660,6994,7332,7617,7819,8053,8242,8388,8376,8609,8537,8256,8342,8145,8182,7908,8034,7927,7723,7623,7571,7562,7518,7483,7716,7769,7968,8243,8572,8952,9374,9855,10251,10512,10953,11398,11973,12125,12691,13013,13399,13737,14004,14214,14211,14275,14746,14143,14340,14305,14367,13931,13853,13409,13260,12866,12432,11969,11580,11180,10702,10364,9782,9326,8744,8205,7766,7395,7227,6703,6370,5915,5656,5331,5001,4745,4407,4248,4121,3878,3623,3604,3376,3380,3141,3089,2888,2821,2777,2660,2615,2484,2490,2420,2345,2391,2214,2265,2023,2143,1981,2118,1861,1933,1858,1859,1831,1766,1738,1754,1650,1635,1585,1611,1570,1535,1478,1471,1372,1406,1374,1389,1354,1377,1367,1263,1297,1276,1279,1286,1190,1214,1257,1147,1176,1193,1123,1094,1126,1141,1048,1057,1123,1026,1023,1022,1014,1024,961,1024,1008,1024,1026,985,998,1002,958,991,965,984,966,971,912,932,892,906,927,897,911,922,866,847,858,891,878,887,849,877,847,840,838,819,864,842,833,836,785,834,795,770,740,814,798,757,776,762,770,759,770,715,711,696,702,662,678,669,635,636,626,611,594,597,584,483,503,526,470,414,396,369,337,230,134
0,0,0,0,0,0,0,0,0,0,0,0,0,0,0,0,0,0,0,0,0,0,0,0,0,0,0,0,0,0,0,0,0,0,1,3,1,4,3,2,10,8,15,20,32,44,51,72,87,119,146,184,225,251,360,406,481,608,691,813,1039,1096,1318,1509,1803,2153,2326,2637,2821,3318,3676,3937,4376,4795,5170,5615,6030,6305,6677,7034,7329,7756,8002,7916,8132,8481,8472,8536,8422,8507,8427,8349,8150,8050,7840,7881,7743,7609,7539,7543,7610,7689,7862,7670,8036,8329,8557,9050,9393,9564,10179,10540,11064,11400,11894,12303,12707,12947,13374,13814,13946,14270,14290,14311,14436,14604,14407,14120,14365,14062,13689,13485,13231,12684,12290,11905,11470,11145,10962,10175,9710,9355,8709,8258,7964,7329,7044,6654,6210,5890,5666,5280,4843,4762,4383,4168,4076,3786,3609,3535,3414,3299,3216,3016,2984,2804,2737,2663,2565,2499,2455,2418,2362,2272,2272,2220,2093,2122,1983,2019,2031,1938,1830,1832,1824,1730,1685,1626,1707,1624,1629,1603,1585,1513,1419,1514,1481,1413,1399,1409,1374,1339,1358,1305,1298,1328,1266,1206,1250,1248,1257,1153,1178,1184,1081,1131,1121,1174,1014,1088,1106,1042,1034,1034,1053,1056,1057,1008,1023,1008,929,985,1003,930,960,995,968,966,903,951,908,961,880,940,949,949,907,888,928,881,851,888,885,838,802,864,798,882,855,813,844,839,815,823,788,767,887,797,753,800,849,705,744,798,761,759,744,723,704,705,653,673,708,656,610,627,633,611,520,560,531,482,512,453,418,429,400,294,232,141
0,0,0,0,0,0,0,0,0,0,0,0,0,0,0,0,0,0,0,0,0,0,0,0,0,0,1,0,0,0,0,0,0,0,0,4,1,2,1,4,7,11,15,22,32,40,43,54,85,73,124,139,168,228,283,355,448,511,628,705,863,1018,1152,1400,1561,1814,2163,2386,2697,3017,3355,3619,4126,4412,4805,5214,5696,6125,6483,6677,7221,7378,7529,7999,8099,8239,8326,8506,8372,8682,8399,8347,8293,8285,8131,7894,7738,7779,7617,7438,7510,7473,7606,7674,7801,8083,8265,8464,8933,9193,9748,10117,10625,10915,11469,11866,12282,12641,13064,13422,13811,13976,14116,14254,14277,14452,14471,14327,14285,14092,13972,13686,13504,13116,12685,12550,11845,11545,10998,10707,10098,9956,9132,8859,8287,7978,7509,7125,6723,6258,5987,5585,5308,5037,4685,4478,4231,4152,3917,3789,3519,3428,3089,3163,3008,2889,2847,2697,2654,2623,2587,2462,2446,2376,2310,2200,2200,2098,2080,2075,1928,1931,1926,1959,1818,1836,1761,1723,1691,1674,1656,1590,1490,1505,1484,1495,1511,1430,1408,1453,1406,1435,1365,1283,1290,1301,1232,1256,1284,1216,1202,1220,1180,1187,1180,1105,1087,1125,1118,1104,1055,1093,1068,1058,1018,1074,1017,1088,975,1051,1019,1013,1012,984,1001,914,965,939,888,918,985,956,933,913,892,887,920,950,902,938,860,875,897,860,836,828,853,859,815,818,792,851,783,834,821,838,855,781,773,802,773,784,813,730,725,744,707,733,677,731,697,666,645,639,675,622,610,571,591,554,543,520,492,495,433,411,323,296,249,145
0,0,0,0,0,0,0,0,0,0,0,0,0,0,0,0,0,0,0,0,0,0,0,0,0,0,0,0,1,0,0,0,2,0,0,0,3,1,3,1,8,7,12,15,19,27,25,48,58,84,100,125,159,196,224,334,403,445,514,647,775,903,1114,1212,1407,1645,1831,2150,2336,2697,3060,3461,3720,4115,4498,4958,5286,5734,6058,6370,6569,7066,7437,7448,7965,7997,8251,8260,8452,8475,8475,8495,8274,8309,8230,8106,7915,7838,7696,7652,7626,7446,7546,7592,7545,7783,8197,8371,8557,8925,9232,9782,10244,10563,11082,11559,11853,12235,12670,13184,13353,13775,13983,14118,14232,14392,14376,14441,14315,14313,14348,14022,13585,13555,13133,12771,12345,12077,11540,11276,10683,10161,9606,9282,8750,8183,7846,7502,7076,6691,6202,5957,5573,5202,5136,4689,4528,4265,4096,3911,3678,3589,3323,3307,3118,3027,2921,2769,2768,2663,2622,2552,2417,2384,2401,2353,2238,2195,2165,2051,2074,1898,1901,1866,1898,1804,1827,1739,1785,1668,1682,1656,1543,1577,1537,1508,1520,1463,1473,1342,1372,1380,1346,1388,1344,1315,1324,1301,1242,1313,1222,1203,1151,1214,1215,1161,1119,1173,1084,1106,1086,1112,1103,1051,1043,1095,1063,1038,1006,1041,1025,1031,1020,981,931,947,925,1011,928,938,952,961,928,912,918,956,907,904,930,837,872,855,830,887,893,880,828,851,854,885,865,784,797,828,783,819,805,809,774,756,786,754,726,767,780,749,725,700,720,684,672,664,703,654,599,697,659,578,565,535,547,510,472,399,428,369,366,306,233,161
0,0,0,0,0,0,0,0,0,0,0,0,0,0,0,0,0,0,0,0,0,0,0,0,0,0,0,0,0,0,0,0,0,0,1,1,0,0,2,4,5,9,9,7,18,21,29,37,45,55,70,113,133,165,225,253,309,441,481,524,665,751,912,1078,1218,1438,1662,1913,2171,2474,2739,3073,3395,3860,4079,4516,4974,5352,5728,6023,6482,6702,7232,7211,7628,7868,8252,8427,8486,8423,8541,8325,8369,8532,8218,8172,8089,7721,7824,7664,7581,7620,7639,7646,7605,7722,7836,8055,8339,8450,8922,9420,9708,10314,10558,10995,11396,12045,12347,12603,13081,13326,13662,14010,14027,14027,14399,14482,14309,14398,14589,14244,13838,13509,13400,13170,12969,12182,12018,11528,11009,10640,10019,9808,9361,8796,8273,8123,7434,6996,6723,6211,5927,5670,5281,5053,4828,4465,4199,4023,3953,3696,3532,3391,3223,3047,3036,2940,2813,2758,2749,2590,2495,2383,2348,2385,2406,2334,2241,2108,2074,1998,1931,1879,1912,1896,1867,1751,1766,1740,1660,1668,1602,1628,1617,1531,1520,1507,1488,1426,1435,1373,1402,1363,1333,1345,1257,1348,1195,1297,1276,1213,1179,1138,1175,1204,1090,1120,1156,1113,1134,1113,1099,1117,1062,1041,1071,1087,1084,1042,1049,981,995,941,937,957,926,1002,921,912,957,963,922,905,968,909,914,886,942,929,906,918,865,875,858,839,903,811,855,900,848,844,804,859,776,790,827,788,769,881,783,749,758,737,725,717,775,698,720,729,716,694,658,661,656,604,600,610,573,548,503,533,470,446,398,389,343,289,245,138
0,0,0,0,0,0,0,0,0,0,0,0,0,0,0,0,0,0,0,0,0,0,0,0,0,0,0,0,0,0,0,0,0,0,0,0,1,0,2,5,2,4,7,5,15,17,29,36,38,56,79,102,110,134,183,246,272,342,377,513,540,660,802,919,1093,1273,1465,1706,1929,2199,2504,2773,3248,3446,3930,4198,4619,5019,5205,5701,6139,6570,6818,7040,7275,7567,7687,8031,8300,8306,8360,8295,8321,8429,8396,8228,8081,7887,7946,7814,7645,7760,7609,7611,7349,7658,7730,7790,8006,8363,8619,9040,9371,9646,10094,10583,10973,11543,11911,12202,12835,13158,13496,13573,13814,14118,14111,14488,14452,14634,14311,14353,14186,14137,14006,13551,13063,12688,12343,11927,11670,11116,10664,10259,9711,9192,8943,8331,8040,7585,7134,6734,6324,6020,5542,5265,5047,4771,4341,4242,4003,3874,3643,3562,3351,3241,3269,3083,3057,2817,2730,2597,2616,2611,2415,2346,2345,2301,2201,2162,2158,2074,2041,2088,1963,1829,1896,1811,1743,1824,1749,1649,1706,1662,1541,1572,1524,1486,1561,1509,1477,1414,1396,1418,1389,1369,1268,1336,1261,1225,1273,1278,1217,1248,1239,1172,1102,1135,1174,1161,1140,1130,1086,1108,1112,1037,1076,1026,1002,1025,1005,969,1035,1003,1009,941,984,984,942,930,949,961,918,931,947,903,941,884,908,905,867,928,806,917,886,879,886,860,838,799,810,824,835,825,811,843,765,711,780,737,767,751,827,760,749,737,757,696,708,742,650,668,647,680,639,562,619,570,559,561,533,498,532,420,419,382,342,300,251,142
0,0,0,0,0,0,0,0,0,0,0,0,0,0,0,0,0,0,0,0,0,0,0,0,0,0,0,0,0,0,0,0,0,0,0,0,0,1,2,0,4,5,6,12,14,25,22,35,35,42,54,70,107,135,149,172,207,291,353,432,503,573,721,804,997,1146,1306,1513,1713,1962,2249,2542,2892,3237,3519,3948,4219,4611,5037,5501,5819,6131,6467,7060,7099,7557,7686,7927,7978,8113,8388,8287,8375,8272,8371,8186,8117,7983,7880,7850,7704,7579,7620,7517,7494,7374,7699,7757,8041,8035,8447,8740,9128,9253,9764,10171,10685,11066,11176,11910,12236,12726,13129,13517,13669,13940,14216,14398,14429,14576,14506,14406,14257,14221,14069,13624,13574,13095,12707,12346,11970,11632,11217,10610,10250,9860,9171,8688,8306,7865,7452,6988,6798,6272,5986,5714,5241,4994,4733,4453,4231,3904,3771,3774,3546,3388,3177,3066,3023,2946,2850,2736,2712,2639,2507,2420,2414,2398,2338,2174,2179,2207,2003,2004,2032,1987,1891,1839,1842,1789,1736,1666,1706,1734,1694,1602,1672,1530,1567,1538,1526,1502,1407,1448,1357,1382,1284,1276,1321,1291,1245,1254,1234,1233,1253,1224,1176,1134,1117,1155,1165,1122,1138,1137,1032,1077,1076,1081,998,1017,1045,1058,958,985,1005,916,982,1002,970,971,936,984,937,926,939,935,931,916,935,943,924,839,910,861,863,884,917,884,792,871,842,826,795,786,792,764,798,771,819,729,812,819,791,742,748,734,719,751,700,734,703,707,661,605,642,620,548,590,547,543,514,503,472,428,369,366,369,323,253,139
0,0,0,0,0,0,0,0,0,0,0,0,0,0,0,0,0,0,0,0,0,0,1,0,0,0,0,0,0,0,0,0,0,0,0,0,0,2,0,1,2,2,4,5,15,16,20,12,28,42,52,44,66,93,129,165,203,242,306,318,420,586,607,712,835,1040,1185,1405,1578,1791,2042,2343,2607,2946,3314,3583,3959,4311,4714,5102,5437,5859,6081,6631,6866,7190,7533,7814,7963,8262,8149,8410,8271,8387,8501,8397,8147,8082,8017,7956,8028,7682,7716,7656,7590,7566,7545,7510,7807,7801,7920,8414,8418,8922,9338,9899,10059,10731,11060,11417,11745,12218,12875,13084,13601,13605,14024,14139,14217,14400,14385,14452,14308,14570,14138,13967,13812,13476,13262,12787,12487,11937,11615,10995,10653,10136,9865,9361,8697,8479,7928,7372,7122,6604,6170,5923,5529,5273,5010,4745,4450,4228,4001,3815,3725,3662,3358,3297,3271,3043,2879,2856,2747,2682,2506,2507,2489,2404,2371,2257,2204,2135,2183,2077,1935,2000,1922,1817,1821,1821,1841,1767,1667,1647,1732,1656,1624,1652,1561,1505,1521,1425,1443,1423,1400,1368,1393,1368,1275,1350,1231,1268,1232,1177,1171,1258,1139,1141,1176,1181,1154,1097,1159,1110,1103,1074,1057,1098,1013,1063,1053,1017,998,958,984,980,956,1034,977,1020,936,980,921,957,904,896,942,917,927,882,919,900,829,874,858,909,794,851,844,838,851,779,812,789,815,822,779,837,757,785,737,841,727,766,784,731,723,756,713,667,722,656,647,654,624,645,537,576,578,563,505,455,465,441,381,362,343,317,235,139
0,0,0,0,0,0,0,0,0,0,0,0,0,0,0,0,0,0,0,0,0,0,0,0,0,0,0,0,0,0,0,0,0,0,0,0,0,0,1,1,2,1,7,5,9,10,9,17,21,34,38,50,59,77,94,138,175,198,267,359,367,422,486,646,765,907,1079,1226,1431,1682,1820,2139,2314,2631,2937,3295,3665,4032,4420,4783,4951,5461,5851,6278,6533,7151,7085,7350,7619,7830,8068,8233,8388,8359,8376,8429,8339,8131,7974,8051,7937,7718,7722,7736,7513,7634,7435,7613,7583,7677,7901,8024,8315,8563,8980,9529,9889,10090,10606,11017,11354,12229,12223,12821,12997,13490,13668,13943,14249,14293,14438,14559,14607,14462,14211,14224,13944,13665,13392,12992,12830,12476,11835,11491,11141,10846,10151,9638,9380,8856,8406,7782,7425,7068,6871,6373,5815,5495,5257,5076,4720,4420,4333,4061,3787,3720,3652,3413,3328,3161,3068,2964,2788,2704,2740,2533,2487,2432,2421,2299,2255,2204,2164,2139,2062,2100,1955,2032,1928,1904,1838,1777,1801,1720,1692,1589,1690,1599,1583,1592,1549,1510,1404,1492,1429,1435,1324,1390,1345,1321,1291,1211,1280,1251,1221,1197,1151,1188,1168,1153,1164,1107,1079,1167,1109,1094,1055,1022,1099,1072,1010,1044,1047,1016,1000,1051,1025,1013,1008,988,946,997,965,935,958,887,905,876,930,854,886,866,897,880,916,874,811,827,839,868,867,855,841,857,797,804,810,766,785,782,798,758,776,731,757,737,729,710,731,682,702,708,665,621,628,641,586,582,538,506,510,492,476,454,431,366,328,255,217,138
0,0,0,0,0,0,0,0,0,0,0,0,0,0,0,0,0,0,0,0,0,0,0,0,0,0,1,0,0,1,0,0,0,0,0,1,0,1,2,1,1,4,1,2,4,4,14,24,25,26,34,41,57,65,86,107,145,175,238,270,285,396,474,526,668,771,939,1072,1217,1383,1649,1933,2111,2397,2732,3044,3331,3645,4027,4438,4737,5182,5533,5940,6249,6710,7027,7183,7535,7752,7889,7901,8197,8233,8387,8392,8455,8333,8223,8014,8042,8011,7945,7670,7567,7541,7491,7577,7365,7560,7778,7816,8059,8408,8688,8881,9454,9852,10299,10635,10952,11293,11933,12400,12702,13062,13384,13840,13773,13982,14378,14476,14338,14408,14505,14337,14017,14004,13843,13415,12972,12783,12448,12211,11512,11111,10774,10290,9779,9234,8676,8297,8159,7373,7015,6664,6234,5908,5555,5338,4970,4684,4602,4245,4131,3941,3592,3488,3411,3307,3131,3051,2903,2880,2677,2753,2598,2480,2512,2359,2341,2282,2292,2212,2142,2021,2129,2042,1919,1880,1888,1808,1889,1773,1709,1704,1658,1643,1590,1483,1585,1487,1442,1397,1454,1394,1393,1354,1337,1386,1349,1332,1229,1255,1282,1228,1229,1221,1218,1194,1169,1123,1189,1153,1149,1056,1094,1076,1046,1066,1065,1020,1038,1000,1032,1054,994,1004,955,988,985,881,956,987,945,930,932,971,888,907,893,847,879,867,871,839,879,878,878,841,852,803,810,840,793,797,820,752,833,779,794,772,755,760,722,732,765,692,743,685,650,693,679,646,665,582,573,564,508,600,530,530,493,504,418,380,340,294,229,158
0,0,0,0,0,0,0,0,0,0,0,0,0,0,0,0,0,0,0,0,0,0,0,0,0,0,0,0,0,0,0,0,0,0,0,0,0,0,0,2,0,3,0,1,3,5,5,9,13,19,26,30,45,43,59,106,112,164,188,219,265,319,421,462,562,657,832,917,1078,1225,1478,1692,1936,2162,2516,2791,3048,3296,3776,4113,4406,4654,5157,5566,5957,6320,6686,6943,7197,7481,7695,8040,8083,8312,8281,8256,8103,8305,8239,8209,7951,8065,7864,7842,7669,7678,7560,7552,7495,7483,7524,7760,8004,8195,8438,8567,8972,9491,9622,10113,10699,11037,11551,11984,12523,12730,13113,13385,13649,14070,14247,14443,14399,14500,14648,14428,14321,14118,14000,13856,13385,13249,12759,12345,11901,11523,11118,10545,10328,9780,9279,8836,8295,7961,7493,7113,6637,6265,5882,5509,5258,4913,4716,4388,4334,4068,3831,3680,3497,3378,3255,3231,2970,2879,2802,2792,2720,2718,2486,2480,2425,2317,2265,2128,2285,2093,2136,2003,2084,1925,1888,1846,1847,1797,1645,1778,1642,1624,1639,1619,1550,1518,1567,1449,1464,1483,1446,1384,1369,1342,1346,1333,1291,1274,1242,1255,1209,1288,1174,1229,1179,1111,1201,1119,1098,1102,1090,1041,1057,1067,1048,1091,1090,1025,1012,1038,985,914,1023,952,1010,1003,967,953,974,976,961,897,917,890,954,911,869,936,855,934,867,866,890,843,855,841,852,814,771,811,811,772,830,758,777,771,751,767,755,775,727,742,666,663,727,628,643,630,603,617,578,555,562,538,586,480,493,438,430,400,322,288,256,169
0,0,0,0,0,0,0,0,0,0,0,0,0,0,0,0,0,0,0,0,0,0,0,0,0,0,0,1,0,0,0,0,0,0,0,0,0,0,0,1,1,1,0,2,3,3,5,2,10,22,30,21,40,51,67,79,94,115,169,211,202,277,349,380,490,602,729,833,979,1137,1254,1515,1805,1872,2084,2420,2771,3166,3442,3857,4224,4531,4769,5225,5660,5902,6282,6760,7099,7275,7629,7739,8061,8149,8372,8253,8451,8248,8462,8252,8144,8001,7969,7913,7885,7751,7475,7564,7394,7586,7609,7565,7763,7841,7976,8346,8598,9017,9382,9841,10171,10512,11084,11408,12140,12392,12715,13254,13508,13885,13872,14201,14416,14567,14484,14439,14404,14406,14024,14020,13496,13553,13119,12623,12324,12039,11492,10981,10729,10107,9895,9246,8766,8318,7878,7489,7202,6704,6280,5780,5688,5373,4888,4667,4592,4180,4028,3935,3572,3414,3306,3281,3117,3021,2885,2850,2774,2670,2589,2575,2547,2372,2331,2243,2239,2205,2123,2059,2077,1961,1922,1871,1869,1841,1758,1687,1731,1717,1640,1610,1661,1538,1486,1610,1506,1445,1442,1438,1395,1359,1364,1320,1314,1289,1283,1214,1249,1249,1179,1201,1160,1168,1212,1144,1129,1080,1115,1142,1091,1062,1052,1055,960,1050,1013,1021,1010,944,1022,924,1033,1002,988,991,965,918,964,904,926,900,884,900,920,847,863,885,830,871,838,784,892,828,825,824,801,849,833,850,794,797,770,772,750,767,745,780,703,735,669,677,701,643,612,716,666,670,593,585,555,526,532,535,465,438,412,370,342,294,238,151
0,0,0,0,0,0,0,0,0,0,0,0,0,0,0,0,0,0,0,0,0,0,0,0,0,0,0,0,0,0,0,0,0,0,0,0,0,0,0,0,2,0,5,0,4,3,2,6,5,9,13,22,32,36,47,61,71,116,130,177,205,237,280,373,443,495,600,720,862,976,1124,1240,1550,1757,2071,2203,2402,2754,3007,3476,3916,4187,4549,4845,5229,5585,5949,6398,6625,7132,7251,7542,7882,7900,8104,8223,8491,8372,8416,8289,8203,8069,8016,7929,7902,7786,7680,7678,7299,7538,7563,7673,7644,7933,8060,8076,8427,8576,9025,9439,9745,10111,10685,11066,11735,11941,12361,12538,13093,13489,13580,13868,14104,14306,14438,14488,14435,14575,14322,13999,13973,13819,13590,13023,12522,12343,12061,11701,11224,10554,10198,9853,9322,8775,8257,7906,7518,7042,6783,6312,6058,5644,5235,4833,4672,4429,4261,4107,3907,3696,3622,3402,3238,3048,3131,2887,2927,2689,2675,2682,2488,2478,2377,2358,2204,2265,2257,2101,2044,2084,1992,1989,1891,1805,1812,1719,1710,1717,1704,1665,1593,1605,1539,1550,1559,1474,1463,1389,1425,1389,1359,1394,1322,1326,1236,1242,1237,1352,1192,1202,1232,1128,1239,1187,1126,1167,1160,1109,1077,1131,1066,1074,1122,1046,1027,1038,1085,1010,1009,946,936,989,1006,932,1011,934,969,951,938,918,950,894,896,869,890,904,930,826,861,880,834,817,816,808,809,807,805,759,808,802,771,736,753,745,749,746,717,688,689,688,677,698,632,610,651,575,597,579,594,526,559,512,475,437,421,377,373,271,248,155
0,0,0,0,0,0,0,0,0,0,0,0,0,0,0,0,0,0,0,0,0,0,0,0,0,0,0,0,0,0,0,0,0,0,0,0,0,0,0,0,2,1,3,3,0,2,7,6,4,9,9,15,19,24,36,57,75,77,93,147,149,215,258,314,341,446,494,590,752,895,1021,1187,1288,1517,1745,2020,2393,2478,2894,3134,3536,3734,4194,4555,4926,5228,5567,5955,6468,6751,7123,7186,7673,7627,7962,8211,8186,8208,8370,8367,8354,8309,8075,8040,8151,7865,7900,7521,7736,7573,7605,7311,7564,7531,7652,7893,8114,8323,8703,9033,9437,9863,10236,10753,10920,11590,12155,12393,12705,13169,13236,13881,13995,14116,14198,14606,14140,14293,14482,14480,14220,13788,13791,13495,13294,12798,12481,12059,11334,11044,10797,10034,9876,9247,8932,8369,8078,7558,7099,6813,6356,5900,5575,5343,4856,4806,4407,4232,3886,3842,3712,3503,3404,3191,3041,2976,3056,2814,2800,2758,2614,2445,2427,2443,2365,2269,2191,2212,2123,2081,2053,1966,1958,1893,1840,1732,1791,1743,1712,1662,1681,1592,1645,1559,1499,1534,1478,1488,1457,1409,1397,1335,1365,1317,1351,1324,1309,1228,1225,1234,1214,1191,1190,1108,1170,1185,1177,1081,1132,1104,1161,1052,1105,1071,1044,1007,1071,1028,1011,951,998,1010,967,992,967,945,965,954,937,943,881,886,912,865,911,944,894,887,869,847,881,852,832,811,770,824,781,801,817,811,757,770,819,736,734,724,753,697,692,664,670,650,660,608,613,584,597,593,564,516,536,528,468,444,432,413,350,291,232,138
0,0,0,0,0,0,0,0,0,0,0,0,0,0,0,0,0,0,0,0,0,0,0,0,0,0,0,0,0,0,0,0,0,0,0,0,0,0,0,1,0,0,0,1,4,1,5,2,10,7,13,10,21,17,37,39,58,69,100,129,136,181,199,254,333,391,460,522,647,742,835,961,1222,1314,1567,1827,1933,2277,2515,2875,3236,3553,3837,4107,4669,4980,5404,5641,6038,6338,6933,7052,7173,7594,7798,7907,8177,8312,8145,8361,8353,8283,8235,8265,8031,8070,7822,7910,7613,7650,7478,7448,7400,7603,7675,7871,7977,8126,8247,8654,8971,9361,9741,10235,10743,11117,11516,12055,12373,12719,13144,13308,13871,13862,13980,14180,14578,14603,14470,14532,14284,14245,13917,13607,13487,13251,12730,12443,12084,11566,11107,10696,10258,9917,9277,8911,8518,8022,7359,7125,6643,6284,6026,5636,5363,5002,4608,4398,4287,4033,3757,3758,3651,3453,3236,3049,3028,2990,2858,2711,2714,2645,2560,2474,2492,2372,2300,2221,2114,2116,2129,2053,1973,1957,1922,1841,1774,1799,1786,1681,1610,1712,1632,1593,1491,1554,1497,1421,1439,1499,1397,1339,1372,1283,1321,1319,1257,1285,1280,1259,1155,1238,1208,1166,1196,1148,1199,1131,1124,1104,1117,1058,1056,1066,1040,1039,1008,1044,1034,1043,919,988,1000,965,1012,936,947,918,958,964,890,902,899,850,933,894,876,911,869,822,826,825,827,861,818,813,759,800,800,773,757,802,729,764,742,744,652,693,663,714,649,641,644,647,618,582,574,581,592,512,536,527,512,482,423,385,334,273,226,175
0,0,0,0,0,0,0,0,0,0,0,0,0,0,0,0,0,0,0,0,0,0,0,0,0,0,0,0,0,0,0,1,0,0,0,0,1,0,0,0,0,1,1,0,0,1,2,4,3,10,4,8,16,22,19,28,51,57,62,96,124,141,168,231,243,284,411,444,547,627,759,931,1048,1197,1359,1600,1817,2113,2315,2597,2873,3284,3568,3914,4328,4633,4966,5213,5631,6048,6388,6909,7114,7351,7794,7868,7852,8144,8237,8389,8301,8504,8449,8181,8090,8023,7913,7771,7562,7568,7525,7480,7424,7612,7529,7588,7785,7859,8194,8519,8686,9012,9391,10078,10206,10775,11133,11413,12032,12511,12744,13296,13380,13735,14096,14166,14448,14509,14487,14470,14377,14297,14311,13842,13920,13398,12986,12906,12404,12081,11600,11064,10684,10213,9703,9247,8858,8425,7807,7492,7085,6726,6469,6024,5665,5308,4930,4773,4565,4242,4009,3860,3692,3428,3346,3271,3134,2965,2970,2846,2663,2653,2585,2615,2429,2433,2318,2232,2244,2126,2182,2019,2081,1953,1847,1849,1790,1841,1795,1770,1752,1663,1651,1721,1573,1531,1529,1453,1532,1472,1449,1396,1339,1355,1306,1328,1330,1306,1313,1233,1248,1198,1206,1191,1134,1092,1180,1138,1104,1139,1054,1057,1135,1014,1019,1042,1024,1004,1046,1032,1033,1004,1046,968,998,1000,926,911,966,939,929,950,863,890,881,872,872,911,826,871,848,847,904,823,839,807,841,787,815,760,835,758,702,724,748,713,741,683,658,651,620,707,657,637,656,585,564,587,543,552,557,467,516,446,432,410,326,282,248,139
0,0,0,0,0,0,0,0,0,0,0,0,0,0,0,0,0,0,0,0,0,0,0,0,0,0,0,0,0,0,0,0,0,0,0,0,0,0,0,0,1,2,0,1,0,2,3,2,4,2,9,14,13,17,18,30,41,42,65,88,85,114,166,162,223,281,357,423,483,563,626,763,941,1061,1265,1354,1724,1948,2102,2334,2628,2913,3243,3643,3973,4170,4649,5124,5356,5732,6132,6417,6714,7026,7228,7552,7715,7973,8100,8110,8276,8316,8458,8243,8174,8218,8209,7931,7833,7809,7613,7502,7505,7442,7390,7542,7589,7899,7778,8052,8398,8801,8944,9414,9810,10261,10947,10900,11672,12050,12417,12761,13143,13477,13605,13993,14282,14492,14616,14392,14342,14512,14287,14297,13719,13821,13511,13045,12899,12591,12105,11500,11121,10778,10358,9817,9216,8904,8460,7934,7597,7230,6704,6319,6062,5558,5337,5067,4723,4515,4234,4048,3904,3748,3480,3406,3311,3088,3031,2871,2794,2674,2636,2584,2482,2422,2348,2318,2374,2298,2147,2082,2117,2024,2058,1900,1884,1945,1816,1758,1690,1758,1666,1592,1588,1649,1536,1602,1523,1417,1437,1397,1464,1411,1337,1408,1312,1327,1189,1242,1251,1282,1203,1231,1227,1172,1154,1129,1133,1109,1141,1142,1119,1047,997,1076,1032,1033,1008,971,1045,1018,948,947,943,987,960,980,973,900,937,935,922,925,846,913,836,865,865,847,829,859,806,827,812,781,851,791,781,787,801,757,748,774,685,733,711,759,665,674,695,678,708,633,649,644,596,590,555,531,524,469,497,422,421,410,314,256,232,159
0,0,0,0,0,0,0,0,0,0,0,0,0,0,0,0,0,0,0,0,0,0,0,0,0,0,0,0,0,0,1,0,0,0,0,0,0,0,0,0,0,1,0,0,2,2,0,2,4,2,3,5,12,12,19,20,35,40,52,68,82,98,129,144,192,260,273,310,434,498,543,687,819,959,1049,1217,1461,1620,1967,2144,2289,2720,3004,3216,3609,4074,4379,4605,4960,5331,5789,6116,6404,6737,7174,7317,7488,7736,8082,8108,8164,8340,8282,8202,8317,8251,8140,8139,7936,7714,7699,7578,7571,7548,7458,7498,7543,7607,7802,7977,8117,8522,8648,9113,9471,9697,10128,10614,11059,11606,11899,12696,12699,13013,13669,13833,14039,14030,14165,14429,14448,14492,14463,14496,14261,13967,13750,13360,13197,12983,12341,12089,11594,11323,10943,10307,9793,9353,8883,8467,8014,7522,7191,6562,6183,5950,5774,5351,4913,4722,4447,4351,3974,3862,3633,3533,3417,3229,3184,3133,2889,2820,2721,2633,2594,2566,2442,2457,2305,2241,2264,2110,2150,2121,1954,1984,2014,1874,1960,1785,1804,1734,1703,1717,1651,1614,1517,1539,1520,1546,1464,1462,1428,1401,1496,1431,1414,1296,1340,1303,1222,1218,1218,1243,1173,1179,1184,1205,1187,1127,1091,1121,1053,1055,1046,1085,1079,1074,1037,1049,1007,1006,942,1009,961,950,974,962,955,953,995,866,989,880,821,951,891,843,864,866,842,869,873,868,853,772,783,815,781,819,749,778,728,765,734,727,712,724,708,719,670,652,641,610,633,655,572,579,545,549,520,499,457,418,409,380,362,291,212,160
0,0,0,0,0,0,0,0,0,0,0,0,0,0,0,0,0,0,0,0,0,0,0,0,0,0,0,0,0,0,0,0,0,0,0,0,0,0,0,0,0,0,0,1,2,3,2,3,1,4,6,6,9,12,17,10,37,21,40,53,68,89,105,119,155,209,235,277,377,385,507,602,702,823,1030,1109,1306,1422,1712,1956,2161,2375,2656,2918,3422,3681,4056,4295,4536,4987,5397,5776,6199,6377,6866,7258,7569,7650,7919,7917,8165,8298,8178,8513,8360,8398,8336,8192,8036,8055,7704,7797,7495,7682,7400,7337,7407,7589,7664,7864,7919,8013,8387,8782,9013,9340,9864,10254,10807,11238,11264,11872,12418,12780,13244,13389,13486,14079,14162,14273,14519,14478,14540,14286,14212,13872,14122,13766,13522,13178,12884,12466,11944,11757,11201,10569,10321,9867,9561,9036,8430,7968,7574,7170,6725,6393,5935,5609,5330,5001,4758,4434,4151,4096,3847,3619,3451,3365,3154,3070,3015,2932,2884,2728,2610,2617,2585,2391,2426,2372,2295,2191,2197,2149,2024,2020,2003,1934,2007,1886,1849,1760,1763,1802,1720,1627,1579,1628,1539,1550,1489,1479,1400,1427,1408,1364,1395,1330,1300,1315,1223,1224,1249,1228,1237,1196,1208,1118,1198,1119,1154,1162,1117,1084,1093,1085,1071,1035,1093,1019,993,988,1039,977,995,976,983,948,933,935,894,948,919,933,903,938,924,824,853,889,877,806,882,804,877,800,872,797,783,803,746,773,780,729,765,763,716,705,714,689,677,672,637,689,617,627,618,564,556,548,519,493,490,446,421,378,335,298,223,151
0,0,0,0,0,0,0,0,0,0,0,0,0,0,0,0,0,0,0,0,0,0,0,0,0,0,0,0,0,0,0,0,0,0,0,0,0,1,0,0,0,0,0,1,0,0,1,0,1,4,4,5,10,9,16,19,14,41,31,48,59,84,90,105,128,194,191,248,309,377,445,546,572,736,809,949,1064,1349,1527,1830,1922,2193,2431,2742,3026,3310,3705,3925,4498,4720,5019,5421,5765,6246,6397,6974,7134,7202,7534,7820,8041,8042,8058,8297,8288,8494,8259,8207,8284,8064,8005,7880,7645,7609,7515,7472,7402,7418,7446,7619,7746,7979,8094,8517,8675,9042,9462,9679,10355,10681,11221,11464,12345,12088,12774,12877,13401,14058,13959,14398,14358,14447,14533,14627,14393,14485,14180,13948,13659,13446,13169,12859,12548,12197,11699,11113,10773,10260,9683,9081,8826,8394,7990,7701,7068,6725,6301,5770,5578,5415,5069,4740,4406,4211,4021,3959,3556,3622,3344,3355,3144,3047,2962,2908,2717,2665,2653,2469,2497,2356,2332,2338,2237,2267,2188,2070,2001,1911,1915,1920,1799,1870,1789,1772,1707,1679,1628,1589,1630,1574,1474,1601,1514,1499,1448,1399,1391,1429,1364,1275,1349,1293,1301,1285,1240,1194,1208,1202,1142,1125,1140,1134,1107,1119,1097,1068,1077,1083,1032,1144,1011,1019,1009,1018,1016,992,983,966,1022,932,911,855,911,914,931,856,871,913,843,861,827,868,890,875,802,812,788,857,830,820,779,752,799,690,731,775,678,730,701,719,669,631,649,680,683,616,584,608,536,553,489,508,484,425,433,364,320,303,216,154
0,0,0,0,0,0,0,0,0,0,0,0,0,0,0,0,0,0,0,0,0,0,0,0,0,0,0,0,0,0,0,0,0,0,0,0,0,1,0,0,0,0,0,0,0,1,1,0,1,2,3,7,5,8,7,12,22,20,22,49,44,58,80,91,119,144,216,213,283,303,354,434,529,637,774,868,1055,1161,1311,1546,1711,2025,2253,2470,2801,3084,3463,3786,4090,4532,4787,5206,5395,5868,6248,6479,6861,7125,7320,7567,7702,8090,8131,8232,8339,8377,8220,8341,8135,8020,8015,7818,7728,7716,7812,7560,7573,7375,7487,7766,7651,7775,7994,8108,8415,8640,9230,9472,9846,10352,10637,10955,11654,11827,12317,12752,12918,13630,13707,13771,14460,14367,14580,14444,14761,14669,14390,14128,14208,13843,13380,13180,12860,12447,11912,11721,11007,10577,10346,9869,9319,8788,8391,7862,7600,7164,6674,6201,5910,5562,5356,5025,4603,4460,4220,3776,3866,3719,3492,3453,3294,3080,3073,2958,2867,2849,2623,2624,2574,2563,2336,2371,2303,2188,2228,2090,2125,2004,1983,1903,1905,1791,1771,1810,1727,1636,1662,1642,1605,1627,1485,1521,1519,1497,1434,1506,1399,1397,1398,1357,1331,1314,1343,1250,1309,1249,1197,1176,1155,1168,1179,1141,1130,1117,1086,1038,1086,1092,1062,1026,1047,980,1027,1010,1011,988,995,963,1000,991,964,951,935,927,878,886,920,869,827,870,903,881,833,841,888,792,826,795,855,766,791,773,763,811,716,744,751,721,705,709,703,660,655,655,597,591,613,571,583,552,487,511,417,437,414,363,334,285,219,146
0,0,0,0,0,0,0,0,0,0,0,0,0,0,0,0,0,0,0,0,0,0,0,0,0,0,0,0,0,0,0,0,0,0,0,0,0,0,0,1,0,1,0,0,0,0,0,2,2,0,0,5,3,3,9,14,13,26,26,31,52,55,64,73,87,114,132,200,236,282,315,406,504,538,634,779,892,1025,1235,1357,1618,1774,1968,2207,2456,2766,3059,3354,3755,4017,4400,4813,5156,5419,5685,6073,6533,6767,7217,7300,7690,7877,7924,8161,8152,8309,8157,8218,8243,8344,8231,7853,7939,7853,7744,7659,7674,7530,7342,7526,7563,7583,7753,7937,8131,8465,8596,9053,9562,9701,10265,10662,11247,11512,12010,12496,12750,13055,13785,13743,14055,14250,14457,14545,14631,14358,14580,14340,14092,14079,13826,13686,13353,12824,12374,11972,11575,11346,10790,10139,9876,9282,8972,8319,8183,7506,7063,6874,6331,5854,5665,5303,4980,4665,4522,4262,4007,3872,3737,3675,3430,3268,3191,3019,2952,2863,2732,2697,2605,2573,2521,2403,2306,2293,2164,2134,2164,2032,1993,1979,1907,1965,1813,1726,1780,1698,1722,1665,1651,1594,1533,1514,1564,1514,1465,1502,1458,1430,1368,1364,1340,1346,1297,1276,1332,1271,1196,1225,1215,1214,1171,1134,1126,1108,1105,1126,1121,1058,1053,1029,1032,1064,1010,1054,984,1013,989,969,974,968,948,962,895,950,942,883,876,880,893,903,854,888,807,887,849,835,818,823,811,794,774,780,746,739,759,759,708,719,730,668,675,671,653,635,594,595,591,535,558,568,538,541,471,409,430,387,323,266,235,125
0,0,0,0,0,0,0,0,0,0,0,0,0,0,0,0,0,0,0,0,0,0,0,0,0,0,0,0,0,0,0,1,0,0,0,0,0,0,0,0,0,0,0,1,0,0,0,1,1,1,2,3,3,0,12,8,15,15,17,28,28,44,60,72,83,107,139,158,165,253,278,339,408,482,544,646,831,886,1044,1225,1384,1605,1814,2036,2237,2597,2818,3299,3538,3778,4133,4553,4850,4996,5494,5842,6238,6532,6906,7090,7339,7538,7852,7889,8134,8141,8332,8143,8306,8119,8243,8227,7832,7935,7654,7680,7484,7602,7520,7406,7457,7567,7572,7841,7829,8116,8443,8802,9073,9399,9832,10408,10671,11096,11410,11848,12206,12754,13082,13577,13727,13981,14244,14587,14536,14468,14632,14624,14539,14342,14137,13973,13515,13293,12779,12349,12071,11634,11236,10736,10339,9838,9331,9069,8530,8008,7561,7242,6722,6233,5900,5712,5467,4909,4586,4517,4278,4125,3865,3670,3453,3403,3247,3129,3049,2866,2817,2884,2743,2656,2544,2490,2367,2316,2292,2205,2195,2078,2010,1959,2017,1931,1850,1881,1784,1856,1743,1699,1623,1651,1613,1602,1486,1507,1508,1490,1488,1392,1446,1395,1331,1359,1366,1272,1316,1302,1228,1209,1158,1166,1162,1090,1165,1161,1120,1142,1073,1128,1108,1060,1023,1068,1057,1034,1054,1010,1027,1036,1016,968,952,967,946,925,865,906,919,866,915,857,867,858,855,808,838,860,826,834,782,789,816,779,736,747,713,704,803,706,717,706,725,640,620,597,647,631,594,643,563,535,499,536,439,475,424,365,358,312,213,144
0,0,0,0,0,0,0,0,0,0,0,0,0,0,0,0,0,0,0,0,0,0,0,0,0,0,0,0,0,0,0,0,0,0,0,0,0,0,0,0,0,0,0,0,0,1,0,0,1,2,2,1,3,1,3,10,11,9,18,22,36,34,46,57,58,84,99,154,153,179,241,314,365,380,474,541,653,747,908,1044,1203,1405,1674,1801,2104,2285,2423,2936,3249,3429,3778,4137,4369,4827,5260,5527,5877,6164,6536,6912,6957,7331,7541,7776,7799,8005,8131,8090,8293,8204,8246,8300,8003,7990,7792,7756,7855,7600,7588,7485,7577,7342,7644,7633,7909,8059,8323,8403,8775,9281,9383,9878,10196,10764,11219,11453,11880,12466,12587,13103,13550,13838,14100,14419,14443,14431,14811,14450,14452,14476,14130,14196,13792,13669,13111,12849,12439,12159,11625,11100,10910,10121,9969,9421,8965,8569,8130,7514,7255,6693,6341,6025,5591,5373,4988,4734,4443,4308,4101,3798,3666,3584,3349,3290,3093,2872,2970,2771,2707,2743,2716,2578,2499,2366,2315,2212,2213,2156,2128,2088,2057,1990,1938,1830,1955,1763,1752,1760,1788,1623,1643,1642,1579,1598,1499,1447,1478,1466,1363,1430,1297,1324,1359,1284,1366,1287,1244,1266,1186,1274,1274,1180,1140,1154,1177,1092,1099,1072,1063,1051,1024,1111,1043,1047,1058,1025,954,1016,1003,1014,952,949,931,976,922,957,941,911,902,895,876,832,880,828,828,809,840,833,823,807,791,783,743,698,775,713,752,751,731,764,700,720,655,634,625,635,641,563,571,516,498,459,467,447,420,370,339,311,229,153
0,0,0,0,0,0,0,0,0,0,0,0,0,0,0,0,0,0,0,0,0,0,0,0,0,0,0,0,0,0,0,0,0,0,0,0,0,0,0,0,1,0,0,0,0,0,0,1,0,0,0,2,1,1,4,7,11,10,16,17,18,32,40,51,55,62,88,100,156,149,194,238,299,333,388,465,552,667,770,888,1121,1261,1379,1661,1907,2078,2383,2527,2860,3222,3524,3741,4172,4463,4822,5210,5478,5893,6334,6491,7008,7126,7421,7537,7890,8090,8243,8148,8341,8342,8072,8165,7988,8162,7975,7857,7691,7675,7596,7592,7495,7499,7395,7602,7750,7615,8034,8304,8520,8651,9218,9528,9828,10310,10576,11166,11629,12020,12336,12795,13016,13495,13789,14185,14248,14420,14670,14452,14381,14644,14554,14175,14049,13680,13544,13326,12893,12545,12104,11778,11320,10939,10217,9898,9363,8984,8662,7934,7671,7107,6791,6394,5985,5597,5305,5032,4786,4538,4188,4067,3843,3774,3660,3463,3220,2997,2982,2866,2897,2729,2705,2629,2598,2420,2355,2261,2258,2207,2199,2136,2102,2006,1967,1939,1828,1848,1801,1682,1738,1721,1668,1586,1586,1548,1548,1571,1457,1479,1504,1402,1386,1402,1305,1349,1287,1332,1311,1283,1273,1208,1211,1190,1245,1147,1099,1057,1123,1121,1087,1100,1104,1043,1010,1043,1069,1007,1011,1027,1006,963,958,985,876,916,933,930,866,884,878,859,880,901,890,866,888,814,851,812,812,823,798,815,802,710,776,717,670,709,693,735,666,706,703,631,613,563,619,637,563,556,539,447,469,446,390,376,336,286,208,161
0,0,0,0,0,0,0,0,0,0,0,0,0,0,0,0,0,0,0,0,0,0,0,0,0,0,0,0,0,0,0,0,0,0,0,0,0,0,0,0,0,0,0,1,0,0,0,0,0,1,2,1,1,2,2,4,4,8,11,17,17,23,33,37,59,51,80,83,99,149,173,189,243,307,351,452,533,594,703,836,946,1109,1278,1492,1616,1839,2079,2363,2630,2870,3200,3441,3879,4198,4566,4879,5136,5682,5953,6378,6625,6815,7203,7503,7549,7820,8072,8013,8289,8241,8158,8248,8180,8118,8157,8022,7931,7792,7578,7497,7515,7438,7435,7317,7581,7717,7851,7959,8269,8520,8957,9227,9404,9833,10249,10612,11287,11708,12039,12457,12797,13366,13487,13531,14054,14291,14433,14556,14692,14625,14587,14518,14042,14012,13744,13733,13179,12645,12451,12202,11752,11228,10760,10210,9852,9438,8992,8456,8087,7472,7231,6867,6278,6131,5823,5306,4881,4852,4552,4142,4104,3905,3830,3589,3434,3317,3085,3044,2915,2893,2743,2705,2616,2434,2460,2417,2261,2409,2218,2087,2066,2083,1928,1921,1981,1924,1843,1792,1769,1714,1643,1713,1621,1628,1547,1518,1505,1425,1493,1395,1416,1374,1415,1343,1325,1290,1283,1285,1305,1232,1206,1219,1139,1208,1113,1190,1108,1129,1084,1087,1160,1068,959,1066,1009,1073,1026,977,937,1003,955,939,1016,967,933,923,892,894,893,846,887,926,835,871,810,836,829,801,881,783,807,769,730,799,733,735,721,658,704,687,664,653,645,658,646,563,564,582,535,586,518,525,450,449,431,382,355,302,221,166
0,0,0,0,0,0,0,0,0,0,0,0,0,0,0,0,0,0,0,0,0,0,0,0,0,0,0,0,0,0,0,0,0,0,0,0,0,0,0,0,0,0,0,0,0,0,0,0,0,0,0,0,2,1,1,3,4,8,12,11,18,15,21,28,34,56,65,74,94,117,131,157,205,271,288,358,428,520,625,739,832,1002,1096,1261,1541,1629,1843,2174,2441,2662,2982,3287,3545,3856,4242,4484,5011,5300,5506,5947,6305,6665,6886,7122,7395,7688,7929,8013,8105,8152,8229,8311,8254,8217,8057,8142,7977,7953,7690,7697,7598,7533,7422,7448,7568,7494,7651,7925,7896,8277,8560,8627,9061,9415,9615,10319,10598,10886,11650,11969,12452,12742,13210,13621,13834,14241,14327,14286,14492,14543,14568,14292,14672,14382,14252,13705,13639,13240,12812,12626,12038,11749,11361,10700,10518,9848,9366,8860,8429,8050,7739,7201,6868,6279,6111,5757,5313,5048,4774,4408,4294,4014,3875,3810,3536,3360,3318,3163,3001,2977,2944,2788,2696,2599,2530,2390,2370,2297,2241,2307,2224,2085,2047,2032,2017,1914,1894,1772,1793,1792,1712,1744,1699,1620,1580,1568,1540,1531,1455,1460,1413,1386,1405,1433,1369,1313,1318,1343,1192,1217,1297,1171,1261,1126,1174,1156,1156,1152,1090,1078,1137,1102,1034,1070,1006,1033,1048,1020,1002,996,966,970,977,892,928,942,928,897,857,916,893,889,851,815,875,852,822,784,813,773,782,765,773,694,796,736,760,709,680,657,687,717,672,638,639,598,578,580,606,520,512,524,472,416,389,392,345,257,240,160
0,0,0,0,0,0,0,0,0,0,0,0,0,0,0,0,0,0,0,0,0,0,0,0,0,0,0,0,0,0,0,0,0,1,0,0,0,0,0,0,0,0,0,0,0,0,0,0,0,0,1,0,1,1,2,4,1,4,12,13,10,20,10,36,37,48,56,78,73,99,98,141,183,212,251,314,383,448,542,597,704,765,974,1071,1271,1521,1698,1857,2172,2423,2734,2970,3363,3472,3904,4297,4561,4848,5198,5578,5870,6323,6700,6936,7215,7518,7527,7846,7854,8107,8262,8252,8300,8284,8324,8119,7955,7938,7787,7837,7755,7377,7392,7485,7586,7513,7397,7539,7852,7997,8263,8401,8752,9271,9586,9822,10314,10752,10924,11481,12140,12584,12787,13074,13553,13818,13974,14400,14453,14374,14534,14701,14749,14403,14107,14177,13587,13665,13415,12990,12642,12150,11860,11155,10894,10293,9897,9336,8880,8577,8094,7574,7180,6935,6264,6047,5607,5170,5107,4692,4530,4289,4092,3777,3746,3511,3460,3278,3308,2981,2952,2883,2725,2661,2539,2613,2527,2368,2332,2369,2135,2224,2116,2119,1965,1987,1813,1929,1835,1783,1699,1731,1732,1713,1604,1610,1483,1576,1555,1458,1417,1445,1430,1420,1382,1345,1315,1317,1281,1254,1290,1210,1204,1192,1168,1290,1146,1159,1146,1103,1129,1089,1121,1016,1040,1085,1019,1031,1027,961,986,982,988,981,935,934,920,918,900,919,911,865,871,869,874,899,844,831,787,841,801,787,785,757,747,751,726,728,706,744,735,661,627,700,626,594,617,611,585,558,535,473,486,422,387,397,358,286,244,162
0,0,0,0,0,0,0,0,0,0,0,0,0,0,0,0,0,0,0,0,0,0,0,0,0,0,0,0,0,0,0,0,0,0,0,0,0,0,0,0,0,0,0,0,0,1,0,0,0,1,0,0,0,3,0,2,4,4,7,5,8,10,14,16,26,37,42,61,64,102,116,113,151,198,217,252,338,377,460,506,626,788,865,1015,1141,1350,1491,1769,1918,2047,2352,2669,2934,3291,3661,3875,4342,4623,4849,5374,5571,5885,6340,6624,6931,7295,7221,7732,7830,8066,8036,8425,8211,8152,8116,8151,8038,8150,7907,7907,7792,7744,7486,7485,7277,7464,7477,7665,7778,7701,7854,8194,8506,8832,8983,9405,10067,10245,10572,11137,11443,12115,12538,12680,13258,13613,13910,14400,14176,14435,14635,14687,14658,14590,14405,14387,14092,13865,13667,13387,12787,12626,11876,11861,11250,10980,10336,9856,9437,8985,8462,8048,7954,7071,6888,6347,6007,5627,5310,4954,4878,4582,4420,4045,3844,3758,3520,3282,3210,3101,3050,2923,2849,2756,2633,2553,2487,2565,2400,2338,2254,2276,2175,2163,2075,2022,1996,1879,1958,1844,1811,1767,1768,1611,1678,1649,1585,1512,1488,1501,1446,1422,1444,1413,1473,1388,1343,1314,1269,1274,1235,1302,1250,1200,1195,1214,1167,1148,1101,1153,1092,1047,1123,1045,1083,1050,960,1059,1043,994,1005,993,993,990,962,970,905,949,945,879,904,880,876,830,896,812,813,813,826,783,796,789,795,771,721,729,726,742,680,717,677,663,669,640,651,637,616,589,593,571,525,527,518,443,370,377,337,296,252,136
0,0,0,0,0,0,0,0,0,0,0,0,0,0,0,0,0,0,0,0,0,0,0,0,0,0,0,0,0,0,0,0,0,0,0,0,0,0,0,0,0,0,0,0,0,0,1,1,0,0,0,1,2,1,0,1,1,2,6,8,6,12,21,16,21,14,35,44,51,71,81,102,130,161,182,195,275,350,396,491,538,642,740,841,979,1128,1375,1474,1660,1960,2225,2445,2671,2929,3247,3649,3996,4317,4650,4882,5415,5501,5986,6210,6675,6905,7120,7321,7634,7898,8004,8154,8223,8231,8196,8365,8125,7950,8047,7984,7900,7583,7731,7636,7618,7422,7441,7452,7684,7618,7831,7943,8155,8469,8733,9115,9599,9832,10204,10720,11304,11602,12110,12660,12865,13110,13550,13787,13929,14259,14604,14608,14658,14671,14665,14505,14225,14236,13911,13493,13244,12941,12527,12127,11673,11195,11053,10221,9894,9358,9163,8641,8041,7690,7293,6828,6431,6052,5663,5386,5026,4739,4565,4352,4032,3896,3613,3577,3429,3261,3161,2955,2923,2785,2713,2713,2562,2578,2477,2425,2332,2261,2176,2094,2024,2045,2000,1967,1868,1951,1870,1792,1695,1828,1649,1601,1656,1555,1519,1493,1519,1556,1411,1474,1376,1388,1382,1342,1365,1285,1305,1343,1274,1280,1268,1213,1236,1145,1142,1119,1078,1089,1094,1048,1134,1041,1047,1043,1031,1034,1027,994,1022,1021,1028,952,960,962,861,938,884,831,833,876,890,875,894,881,823,847,771,755,823,782,763,740,771,718,724,699,681,732,639,655,621,625,623,588,567,530,573,538,466,399,432,373,318,271,224,151
0,0,0,0,0,0,0,0,0,0,0,0,0,0,0,0,0,0,0,0,0,0,0,0,0,0,0,0,0,0,0,0,0,0,0,0,1,0,0,0,0,0,0,0,0,0,1,0,0,0,1,0,0,0,1,2,3,3,3,6,11,15,9,15,21,24,28,26,47,63,73,98,97,138,171,203,231,271,322,403,470,575,709,760,878,1096,1150,1337,1583,1705,1983,2151,2503,2776,2933,3296,3634,4007,4190,4651,4902,5246,5421,6046,6325,6520,6885,7195,7465,7587,7682,7876,8328,8296,8187,8288,8310,8034,8096,7971,8021,7891,7795,7665,7564,7477,7315,7460,7508,7514,7723,7723,7971,8211,8392,8745,9089,9572,10045,10302,10699,11139,11455,12127,12591,12816,13025,13500,13973,14301,14334,14490,14655,14873,14694,14618,14536,14241,14308,13879,13668,13184,12766,12696,12219,11712,11258,10887,10498,10056,9486,9156,8604,8015,7633,7268,6886,6370,6041,5718,5450,5060,4819,4501,4343,4164,3842,3673,3629,3361,3206,3184,3031,2870,2907,2679,2634,2582,2501,2420,2420,2239,2233,2273,2139,2024,2075,2015,1976,1850,1985,1886,1827,1747,1681,1694,1667,1671,1608,1581,1535,1504,1455,1430,1440,1417,1378,1284,1270,1288,1339,1271,1259,1183,1229,1204,1245,1176,1238,1167,1166,1093,1052,1115,1141,1104,1035,1045,997,971,980,1019,996,1033,990,919,972,1018,962,913,924,919,891,853,871,862,840,761,876,802,757,740,798,776,767,735,756,720,736,668,659,682,684,649,580,648,684,572,536,548,502,527,500,458,395,392,331,266,220,143
0,0,0,0,0,0,0,0,0,0,0,0,0,0,0,0,0,0,0,0,0,0,0,0,0,0,0,0,0,0,0,0,0,0,0,0,0,0,0,0,0,0,0,0,0,0,0,0,1,1,1,0,1,0,1,3,1,2,2,7,6,6,8,18,15,12,33,28,30,46,59,83,88,91,125,170,190,223,312,344,416,466,548,668,779,902,1026,1216,1351,1582,1767,2027,2240,2581,2660,3087,3347,3618,4030,4270,4756,5030,5207,5700,6084,6108,6529,6871,7244,7359,7583,7848,7987,8187,8192,8357,8338,8394,8328,8139,8033,8077,7860,7748,7605,7510,7588,7469,7374,7550,7529,7585,7855,7957,8385,8535,8673,9192,9342,9832,10288,10772,11090,11649,12188,12570,12992,13108,13500,13874,14273,14364,14486,14679,14692,14737,14513,14668,14256,14105,13865,13611,13507,13055,12638,12300,11879,11400,10819,10340,9920,9466,9002,8485,8094,7602,7210,6902,6491,6023,5693,5329,4929,4840,4527,4352,4153,3893,3609,3697,3361,3226,3203,3120,2926,2811,2776,2568,2620,2568,2456,2405,2297,2255,2064,2116,2004,2092,2006,1989,1804,1833,1784,1822,1702,1681,1653,1629,1579,1637,1553,1567,1439,1477,1425,1357,1409,1388,1314,1312,1386,1296,1260,1202,1304,1281,1220,1220,1168,1169,1151,1105,1107,1130,1103,1110,1059,1034,967,998,972,983,948,983,962,930,938,956,910,889,874,874,901,886,845,847,861,837,855,803,830,779,794,827,753,744,720,716,729,717,744,675,651,650,606,622,580,595,550,549,535,479,467,465,408,356,347,289,254,154
0,0,0,0,0,0,0,0,0,0,0,0,0,0,0,0,0,0,0,0,0,0,0,0,0,0,0,0,0,0,0,0,0,0,0,0,0,0,0,0,0,0,0,0,0,0,0,0,0,0,0,0,0,0,0,0,1,2,4,5,3,3,2,12,14,15,11,28,26,52,51,70,70,94,122,114,190,181,226,302,338,425,492,581,691,772,920,1047,1222,1355,1614,1745,1996,2277,2469,2825,3127,3264,3557,3959,4277,4721,4943,5171,5652,6043,6475,6661,7004,7075,7479,7629,7916,8167,7958,8174,8209,8287,8266,8153,8139,8109,8035,7760,7809,7770,7536,7472,7402,7475,7380,7590,7621,7858,7924,8094,8412,8491,9272,9643,9842,10225,10806,11124,11610,12075,12411,12783,13159,13774,13794,13979,14506,14392,14599,14790,14641,14738,14838,14435,14093,13883,13765,13528,12877,12552,12018,11802,11472,10975,10465,9901,9457,9060,8614,8255,7682,7280,6935,6401,6030,5671,5420,5020,4703,4579,4355,4042,3811,3817,3520,3425,3187,3142,3073,2997,2910,2780,2650,2539,2516,2412,2468,2325,2176,2169,2085,2117,2064,2037,1972,1971,1826,1814,1812,1727,1713,1603,1627,1605,1628,1563,1552,1445,1456,1400,1440,1477,1465,1323,1412,1303,1292,1261,1241,1262,1196,1221,1173,1154,1235,1113,1121,1096,1123,1103,1040,1058,1070,1042,1005,983,1076,1041,936,1030,933,944,891,975,875,960,916,837,810,845,858,796,837,841,825,798,783,762,775,811,703,767,731,705,719,703,628,656,656,652,602,580,600,578,494,488,487,456,396,398,354,266,246,155
0,0,0,0,0,0,0,0,0,0,0,0,0,0,0,0,0,0,0,0,0,0,0,0,0,0,0,0,0,0,0,0,0,0,0,0,0,0,0,0,0,0,0,0,0,0,0,0,0,0,1,0,0,1,3,0,1,1,1,4,2,5,3,3,10,15,11,25,18,44,46,53,80,95,85,99,164,163,228,247,296,335,446,511,578,690,776,891,1087,1181,1426,1557,1710,2003,2165,2542,2742,3053,3390,3660,4057,4460,4790,5026,5314,5846,5938,6400,6809,6931,7139,7453,7586,7986,8067,8064,8169,8478,8202,8268,8174,8035,7989,7890,7988,7883,7532,7325,7667,7420,7450,7384,7627,7594,7710,7991,8176,8352,8725,9231,9663,9983,10440,10663,11165,11541,11970,12364,12856,13163,13632,14003,14184,14395,14352,14574,14541,14702,14514,14583,14225,14357,14008,13905,13277,12876,12569,12134,11932,11359,10977,10499,9988,9495,9024,8536,8062,7576,7297,6972,6352,5991,5831,5475,4956,4820,4528,4368,4188,3818,3645,3544,3401,3261,3233,3149,2920,2824,2780,2654,2621,2598,2470,2247,2290,2280,2240,2110,2070,2093,2000,1930,1910,1838,1848,1739,1749,1675,1720,1598,1662,1561,1580,1525,1457,1453,1405,1454,1508,1366,1391,1300,1351,1248,1251,1250,1237,1262,1228,1252,1110,1129,1119,1139,1158,1103,1122,1075,1081,1061,1032,1021,1046,963,1003,949,973,917,931,928,920,887,910,928,901,844,889,852,815,845,888,809,744,752,781,783,770,729,767,771,678,687,702,664,622,649,592,594,589,528,472,488,481,491,427,417,328,317,240,155
0,0,0,0,0,0,0,0,0,0,0,0,0,0,0,0,0,0,0,0,0,0,0,0,0,0,0,0,0,0,0,0,0,0,0,0,0,0,0,0,0,0,0,0,0,0,0,0,0,1,0,0,0,0,2,0,1,3,1,1,2,5,6,4,6,10,15,21,14,29,23,38,57,61,83,85,123,156,183,219,266,292,379,426,520,578,741,801,908,1097,1277,1400,1544,1811,1936,2292,2555,2799,3174,3405,3692,4043,4349,4561,5069,5454,5796,6047,6342,6569,7066,7206,7421,7683,7865,7888,8315,8234,8221,8207,8203,8317,8193,8036,8024,7719,7792,7717,7577,7541,7411,7476,7498,7484,7698,7913,7841,8302,8444,8778,8879,9386,9984,10271,10776,11015,11571,11868,12543,12706,13262,13536,13870,14218,14534,14601,14629,14653,14754,14627,14416,14081,14300,13913,13684,13500,13236,12668,12195,11789,11482,10844,10351,9990,9447,8989,8514,8269,7510,7179,6938,6514,6076,5672,5384,5056,4900,4532,4326,4148,3986,3781,3551,3433,3346,3260,2997,2888,2998,2816,2724,2537,2552,2510,2403,2330,2243,2230,2182,2100,1919,2040,1967,1947,1845,1730,1792,1735,1651,1644,1650,1542,1612,1573,1537,1440,1559,1438,1342,1384,1341,1450,1367,1274,1309,1316,1318,1256,1118,1201,1216,1228,1126,1161,1095,1166,1161,1076,1048,1000,1054,1039,1068,945,976,973,996,983,947,907,946,893,889,894,882,841,868,854,830,813,810,819,835,791,835,811,790,715,778,726,757,676,680,679,666,632,602,622,514,558,501,498,500,412,378,378,382,299,231,158
0,0,0,0,0,0,0,0,0,0,0,0,0,0,0,0,0,0,0,0,0,0,0,0,0,0,0,0,0,0,0,0,0,0,0,0,0,0,0,0,0,0,0,0,0,0,0,0,0,0,0,0,0,0,0,1,1,0,0,1,0,2,2,1,6,10,10,16,16,28,25,32,44,63,62,73,86,153,141,177,207,246,333,382,468,509,605,709,833,930,1123,1235,1390,1639,1785,2065,2306,2530,2773,3081,3420,3847,4005,4354,4674,4922,5370,5681,6000,6351,6753,6860,7146,7478,7559,7881,7967,8163,8129,8193,8218,8396,8145,8012,8080,8024,7939,7680,7574,7629,7515,7434,7435,7664,7408,7620,7951,7913,8264,8483,8667,9062,9292,9812,10287,10903,11143,11454,11970,12450,12874,13127,13720,13793,14248,14520,14649,14585,14809,14654,14606,14576,14528,14107,13940,13728,13433,13017,12624,12372,11733,11393,11074,10589,9952,9506,9149,8583,8237,7703,7285,6815,6458,6073,5595,5453,5130,4879,4541,4392,4181,3938,3706,3622,3604,3209,3117,2982,3006,2822,2762,2703,2520,2612,2436,2360,2358,2336,2266,2184,2100,2102,1963,1905,1907,1896,1844,1721,1736,1797,1623,1639,1552,1620,1557,1573,1533,1477,1468,1477,1396,1305,1314,1361,1292,1265,1241,1228,1256,1170,1176,1198,1220,1151,1093,1155,1117,1124,1131,1101,1043,1102,1056,979,1028,967,1022,992,985,987,913,907,887,888,873,880,801,864,844,850,789,861,776,831,732,754,779,719,788,711,712,694,638,640,659,619,661,613,589,578,497,489,465,453,415,398,350,291,214,183
0,0,0,0,0,0,0,0,0,0,0,0,0,0,0,0,0,0,0,0,0,0,0,0,0,0,0,0,0,0,0,0,0,0,0,0,0,0,0,0,0,0,0,0,0,0,0,0,0,0,0,0,0,0,0,0,0,1,0,2,2,1,3,2,3,4,3,11,16,20,24,28,27,49,55,62,74,99,102,145,186,219,252,338,367,440,517,581,670,839,933,1088,1270,1452,1589,1784,2063,2330,2522,2804,3133,3527,3710,4114,4366,4652,5048,5334,5683,6041,6412,6600,6902,7379,7405,7659,7819,7914,8147,8236,8072,8279,8332,8255,8100,8110,8004,7811,7756,7740,7534,7591,7501,7563,7569,7381,7689,7845,8196,8110,8624,8758,8909,9320,9732,10201,10621,11381,11635,11922,12336,13150,13187,13707,13698,14141,14578,14483,14487,14761,14813,14617,14722,14382,14271,13973,13812,13357,13262,12841,12309,11916,11499,11008,10523,10082,9632,9121,8701,8115,7762,7436,6969,6417,6156,5757,5341,5000,4939,4552,4237,4040,3916,3695,3502,3427,3214,3130,2989,2879,2884,2721,2598,2583,2587,2408,2321,2388,2277,2240,2164,2131,2048,2011,1898,1866,1897,1907,1731,1688,1718,1702,1669,1591,1627,1600,1579,1510,1471,1420,1408,1394,1312,1377,1402,1299,1261,1326,1254,1256,1233,1221,1188,1176,1163,1172,1059,1138,1051,1072,1043,1037,1024,1019,1050,1037,944,954,942,942,948,868,918,931,910,827,856,818,870,839,779,816,833,774,752,747,763,767,777,725,669,705,665,626,641,641,593,635,554,535,506,515,475,440,454,369,336,302,237,154
0,0,0,0,0,0,0,0,0,0,0,0,0,0,0,0,0,0,0,0,0,0,0,0,0,0,0,0,0,0,0,0,0,0,0,0,0,0,0,0,0,0,0,0,0,0,0,0,0,0,0,0,0,1,1,0,0,1,3,1,1,5,2,1,5,3,10,7,5,15,20,21,26,36,40,53,73,77,111,117,138,219,212,275,319,374,446,565,573,748,799,984,1089,1295,1494,1665,1797,2074,2286,2485,2798,3085,3458,3659,4010,4336,4819,5005,5432,5772,6118,6306,6605,7072,7318,7421,7643,7706,7917,8159,8259,8178,8262,8199,8213,8260,8109,7938,7878,7858,7583,7734,7632,7474,7512,7504,7486,7721,7732,8033,8201,8502,8647,9166,9467,9723,10358,10592,11289,11541,12184,12323,12744,13238,13450,13773,14171,14333,14751,14612,14772,14761,14745,14685,14570,14291,14024,13867,13502,12975,12696,12433,11982,11308,11014,10620,10097,9583,9023,8720,8016,7811,7245,7006,6460,6073,5679,5393,5096,4823,4592,4401,4030,3952,3810,3521,3347,3316,3120,3056,2882,2833,2817,2728,2662,2508,2443,2376,2250,2302,2228,2150,2027,2042,2066,2047,1904,1858,1798,1786,1722,1707,1726,1603,1586,1576,1595,1459,1540,1422,1512,1450,1433,1378,1357,1309,1303,1310,1231,1250,1221,1181,1178,1205,1142,1145,1143,1126,1101,1147,1073,1050,1093,1049,1022,997,902,957,951,902,927,991,954,883,959,915,890,833,819,854,883,812,815,761,824,790,786,785,750,686,746,684,641,650,657,646,606,568,600,501,527,516,508,463,436,386,329,295,246,161
0,0,0,0,0,0,0,0,0,0,0,0,0,0,0,0,0,0,0,0,0,0,0,0,0,0,0,0,0,0,0,0,0,0,0,0,0,0,0,0,0,0,0,0,0,0,0,0,0,0,0,0,0,0,0,0,0,0,1,4,2,0,1,1,2,3,5,5,7,12,17,18,29,30,44,36,48,68,78,104,139,177,195,224,288,317,394,465,536,619,686,827,965,1117,1348,1441,1594,1872,2081,2317,2593,2869,3088,3463,3745,3966,4413,4671,4924,5506,5797,6028,6441,6693,6971,7176,7540,7563,7767,7890,8052,8142,8185,8241,8264,8181,8003,8154,8016,7812,7859,7632,7757,7477,7658,7479,7519,7526,7467,7816,7859,8243,8581,8715,9066,9349,9964,10297,10647,11044,11581,11901,12518,12818,13411,13734,13820,14270,14432,14599,14647,14831,14880,14756,14352,14653,14169,14259,13799,13533,13216,12887,12265,11750,11523,10963,10595,10156,9601,9108,8742,8215,7763,7478,6946,6549,6168,5776,5482,5085,4936,4566,4269,4086,3822,3666,3600,3480,3271,3246,3012,2896,2912,2760,2602,2677,2557,2438,2439,2320,2205,2203,2138,2096,2044,1950,1897,1987,1931,1804,1716,1788,1755,1646,1692,1605,1549,1549,1547,1415,1483,1479,1393,1404,1390,1343,1289,1277,1202,1202,1256,1264,1205,1189,1181,1181,1142,1072,1119,1066,1081,1129,1016,1077,1071,984,944,983,989,960,954,956,963,972,906,881,905,880,819,836,771,815,759,843,765,846,751,779,729,750,716,670,678,694,691,665,597,582,580,547,529,528,505,424,452,360,328,279,243,152
0,0,0,0,0,0,0,0,0,0,0,0,0,0,0,0,0,0,0,0,0,0,0,0,0,0,0,0,0,0,0,0,0,0,0,0,0,0,0,0,0,0,0,0,0,0,0,0,0,0,0,0,0,0,1,0,0,0,0,1,0,3,0,3,3,5,3,5,1,9,11,16,23,21,32,39,43,52,69,97,91,127,137,206,226,254,336,406,458,577,620,714,822,945,1090,1291,1471,1605,1856,2091,2334,2589,2900,3068,3483,3710,3954,4339,4695,5005,5355,5684,6017,6392,6641,7130,7200,7490,7729,7677,8067,7956,8135,8328,8279,8131,8068,8096,8117,7957,7868,7804,7722,7683,7574,7399,7402,7487,7734,7599,7864,7802,8101,8483,8792,9076,9524,9893,10261,10720,11173,11512,12000,12476,12943,13187,13815,13837,14092,14556,14483,14793,14470,14743,14693,14921,14652,14583,14098,13931,13507,13187,12920,12542,11956,11702,11079,10630,9912,9542,9032,8638,8281,7848,7305,6758,6495,6148,5855,5349,5164,4878,4642,4287,4185,3874,3779,3646,3328,3313,3230,3044,2928,2810,2854,2689,2681,2527,2445,2525,2307,2197,2221,2110,2053,2019,2077,1913,1902,1901,1903,1804,1709,1772,1704,1653,1579,1600,1553,1622,1496,1435,1440,1405,1344,1410,1265,1363,1308,1280,1258,1282,1269,1205,1192,1183,1123,1118,1085,1096,1030,1067,1100,1030,1009,1009,1030,975,1010,951,945,934,904,947,908,931,883,912,880,857,809,793,872,816,825,795,777,800,764,689,671,737,684,673,625,565,586,621,569,573,517,496,491,469,391,370,346,305,216,140
0,0,0,0,0,0,0,0,0,0,0,0,0,0,0,0,0,0,0,0,0,0,0,0,0,0,0,0,0,0,0,0,0,0,0,0,0,0,0,0,0,0,0,0,0,0,0,0,0,0,0,0,0,0,0,0,0,0,0,0,1,2,1,5,0,3,4,2,5,5,11,11,15,29,38,39,33,37,56,71,90,102,127,133,203,231,256,330,404,469,537,643,740,820,934,1136,1344,1463,1679,1867,2114,2297,2571,3015,3168,3405,3734,4160,4392,4797,5120,5405,5775,6093,6433,6531,7095,7215,7508,7852,7869,8197,8152,8331,8201,8264,8209,8154,8125,7924,7878,7857,7972,7938,7511,7457,7582,7485,7468,7466,7749,7776,7867,8066,8308,8824,9061,9466,9853,10159,10434,11146,11492,12185,12485,12693,13192,13490,13842,14102,14385,14527,14679,14881,14899,14967,14735,14390,14446,14264,13778,13433,13207,12785,12491,12130,11427,11075,10669,10251,9524,9212,8701,8211,7698,7340,6894,6533,6038,5817,5496,5216,4900,4643,4311,4063,3857,3722,3678,3383,3273,3115,3017,2926,2889,2791,2627,2604,2523,2435,2456,2353,2273,2141,2210,2070,2017,2009,1987,1992,1922,1799,1811,1750,1699,1711,1663,1574,1569,1537,1523,1504,1553,1378,1437,1369,1388,1397,1291,1264,1313,1288,1240,1269,1206,1187,1178,1124,1149,1158,1046,1095,1021,1033,1070,985,1022,993,1007,995,981,933,927,921,930,879,900,895,921,852,830,827,789,763,773,846,725,781,764,739,730,729,744,724,641,631,601,602,585,545,554,539,448,460,435,370,341,297,235,145
0,0,0,0,0,0,0,0,0,0,0,0,0,0,0,0,0,0,0,0,0,0,0,0,0,0,0,0,0,0,0,0,0,0,0,0,0,0,0,0,0,0,0,0,0,0,0,0,0,0,0,0,0,0,0,0,0,0,0,0,0,1,2,0,2,2,4,1,2,5,5,18,13,19,17,30,32,40,63,70,70,78,111,140,156,176,252,287,335,380,448,515,641,719,885,1028,1125,1266,1433,1643,1935,2153,2349,2593,2936,3181,3420,3644,4077,4402,4644,5078,5339,5627,6121,6460,6708,7040,7315,7555,7667,7688,8011,8236,8130,8415,8449,8299,8075,8139,8092,7984,8030,7705,7747,7694,7599,7432,7602,7505,7625,7719,7786,7867,8128,8410,8643,9044,9478,9897,10330,10805,11063,11660,12008,12428,12836,13316,13488,13756,14222,14395,14465,14957,14955,14779,14827,14640,14628,14412,13891,13913,13729,13373,12783,12478,12061,11577,11124,10634,10349,9584,9070,8630,8489,7818,7277,6946,6438,6165,5690,5345,5162,4668,4517,4416,4053,3933,3722,3632,3423,3303,3102,3056,3037,2785,2786,2717,2473,2469,2433,2400,2374,2357,2168,2137,2102,2071,2009,1939,1884,1794,1859,1762,1745,1686,1697,1676,1571,1568,1576,1479,1430,1445,1367,1383,1444,1391,1366,1396,1287,1252,1264,1243,1214,1165,1157,1134,1157,1152,1084,1099,1087,1104,1005,1052,1071,1016,1019,1002,945,944,941,1014,930,901,904,875,915,896,846,866,817,835,804,781,780,783,759,729,744,745,695,673,678,639,620,554,584,576,502,524,488,487,459,344,356,301,263,155
0,0,0,0,0,0,0,0,0,0,0,0,0,0,0,0,0,0,0,0,0,0,0,0,0,0,0,0,0,0,0,0,0,0,0,0,0,0,0,0,0,0,0,0,0,0,0,0,0,0,0,0,0,0,0,0,0,1,0,0,0,0,1,1,0,2,1,5,3,2,4,13,11,9,23,17,22,31,50,51,69,74,105,98,140,177,204,233,301,330,444,449,534,595,789,854,939,1074,1256,1547,1620,1899,2128,2356,2687,2893,3225,3476,3737,4139,4354,4768,5005,5475,5674,6022,6409,6895,6876,7276,7618,7682,7760,8014,8145,8104,8289,8221,8179,8064,8243,8069,7960,7816,7787,7630,7729,7643,7418,7595,7495,7552,7742,7824,8009,8236,8281,8746,9109,9541,9878,10383,10649,11135,11696,12078,12486,12748,12976,13610,13911,14330,14393,14806,14712,14699,14767,14810,14645,14717,14636,14226,14139,13558,13406,12925,12710,12016,11884,11056,10665,10071,9764,9193,8613,8248,7770,7390,6998,6313,6086,5873,5448,5153,4842,4512,4169,4081,3933,3671,3447,3347,3309,3137,3012,3061,2899,2706,2691,2696,2566,2461,2388,2366,2238,2215,2111,2076,2078,1964,2061,1916,1861,1779,1832,1738,1715,1736,1635,1594,1582,1518,1467,1486,1452,1409,1402,1427,1351,1287,1300,1311,1213,1220,1252,1163,1261,1130,1137,1159,1081,1099,1109,1042,1099,1054,1065,1060,1019,1015,961,1011,960,935,914,916,899,881,862,853,845,854,813,828,779,794,777,792,720,772,716,745,700,716,643,635,623,592,595,552,555,503,479,461,429,358,352,321,243,159
0,0,0,0,0,0,0,0,0,0,0,0,0,0,0,0,0,0,0,0,0,0,0,0,0,0,0,0,0,0,0,0,0,0,0,0,0,0,0,0,0,0,0,0,0,0,0,0,0,0,0,0,0,0,0,0,0,0,0,0,0,1,1,0,0,0,5,2,2,2,4,11,5,14,10,22,25,26,38,34,47,61,74,85,111,149,168,217,220,322,335,433,469,528,671,736,863,994,1152,1300,1459,1664,1931,2230,2419,2609,2838,3237,3392,3753,3897,4383,4772,4980,5430,5708,6061,6375,6731,6983,7235,7394,7815,7792,8103,7953,8181,8486,8222,8167,8228,8241,8133,7949,7973,7715,7716,7719,7460,7501,7629,7438,7561,7610,7732,7832,8144,8343,8823,9066,9259,9797,10395,10649,11289,11549,12268,12622,12716,13356,13655,13915,14302,14509,14606,14817,15057,14847,14947,14717,14603,14324,14268,13911,13719,13364,12881,12534,12200,11652,11310,10559,10224,9769,9208,8658,8611,7621,7367,6986,6576,6325,5678,5447,5127,4836,4510,4416,4310,3939,3683,3505,3384,3332,3247,3073,2931,2810,2738,2748,2510,2550,2432,2374,2325,2292,2194,2125,2170,2013,1979,1994,1858,1804,1835,1770,1761,1716,1695,1579,1647,1580,1430,1435,1404,1436,1423,1365,1431,1385,1357,1274,1293,1291,1223,1192,1154,1238,1136,1181,1135,1153,1109,1023,1093,1013,1034,1068,1019,1001,963,990,919,973,931,900,915,869,891,879,873,801,783,842,833,828,757,786,751,754,794,727,682,714,686,651,616,612,586,551,515,482,501,484,405,415,357,312,215,152
0,0,0,0,0,0,0,0,0,0,0,0,0,0,0,0,0,0,0,0,0,0,0,0,0,0,0,0,0,0,0,0,0,0,0,0,0,0,0,0,0,0,0,0,0,0,0,0,0,0,0,0,0,0,0,0,0,0,1,1,0,0,0,0,1,0,1,2,3,2,3,5,7,8,9,7,11,29,25,41,32,51,58,85,105,102,119,172,245,248,288,360,434,470,544,658,783,853,951,1190,1297,1422,1650,1954,2102,2350,2607,2934,3288,3457,3728,4155,4413,4690,5058,5370,5753,6167,6510,6601,6788,7264,7507,7528,7839,8011,8046,8038,8196,8316,8295,8270,8098,8006,7961,7928,7625,7776,7573,7694,7367,7543,7413,7764,7760,7894,7914,8151,8412,8560,8908,9476,9846,10220,10647,11017,11445,12056,12623,12951,13522,13701,14017,14087,14383,14691,14602,14876,14990,14977,14879,14832,14569,14362,14221,13622,13312,12884,12481,11998,11602,11351,10783,10165,9547,9308,8812,8308,7712,7372,7112,6604,6215,5806,5480,5129,4942,4646,4335,4140,3985,3782,3676,3437,3242,3266,2979,2952,2851,2703,2645,2575,2511,2503,2392,2321,2330,2225,2226,2129,2056,1970,1981,1882,1856,1799,1777,1668,1704,1655,1627,1689,1536,1553,1446,1474,1485,1478,1426,1387,1359,1307,1346,1273,1275,1205,1233,1192,1240,1174,1193,1135,1127,1107,1081,1037,1035,1055,1059,1022,989,997,989,924,937,980,921,898,888,886,861,894,802,832,777,792,816,784,755,765,784,697,723,662,682,635,590,625,551,554,485,539,511,407,426,402,392,302,236,165
0,0,0,0,0,0,0,0,0,0,0,0,0,0,0,0,0,0,0,0,0,0,0,0,0,0,0,0,0,0,0,0,0,0,0,0,0,0,0,0,0,0,0,0,0,0,0,0,0,0,0,0,0,0,0,0,0,0,0,0,0,0,0,1,1,2,0,3,1,3,1,1,7,6,8,16,17,20,25,22,26,32,69,73,66,78,117,137,174,225,252,293,344,401,483,536,668,766,866,1017,1179,1353,1485,1720,1983,2097,2421,2722,2876,3198,3403,3760,4061,4289,4811,5120,5412,5840,6197,6358,6657,6903,7291,7384,7617,7842,8096,7948,8199,8285,8161,8268,8191,8202,8119,8029,7818,7747,7703,7737,7683,7637,7577,7503,7493,7775,7818,7881,8222,8471,8790,8900,9417,9771,10344,10590,10988,11532,12000,12311,13053,13158,13424,13738,14392,14558,14720,14877,14867,14994,15060,14856,14821,14489,14514,13810,13566,13516,13003,12652,12271,11599,11182,10677,10442,9815,9343,8804,8413,7894,7460,7023,6564,6211,5784,5570,5157,4847,4524,4469,4019,3852,3754,3544,3503,3333,3144,2997,2968,2903,2741,2631,2543,2477,2499,2423,2233,2358,2191,2140,2120,2118,2055,1978,1881,1917,1759,1758,1709,1676,1617,1632,1627,1534,1570,1531,1509,1442,1453,1336,1374,1340,1324,1295,1253,1283,1230,1207,1230,1195,1131,1104,1146,1141,1098,1133,1077,1021,1021,988,986,1018,961,972,924,924,956,887,921,799,884,809,838,869,829,794,794,801,794,746,753,740,757,660,619,638,630,574,578,566,537,519,471,451,424,392,349,284,238,189
0,0,0,0,0,0,0,0,0,0,0,0,0,0,0,0,0,0,0,0,0,0,0,0,0,0,0,0,0,0,0,0,0,0,0,0,0,0,0,0,0,0,0,0,0,0,0,0,0,0,0,0,0,0,0,0,0,1,0,0,1,1,0,0,1,0,2,3,0,3,0,2,6,2,7,15,12,16,16,21,22,44,43,65,54,83,93,119,160,156,195,241,301,350,410,516,570,705,752,913,1068,1073,1273,1506,1675,1962,2136,2385,2685,2888,3190,3549,3769,4160,4440,4836,5094,5319,5886,6022,6378,6641,7078,7117,7348,7675,7765,8111,8041,8072,8347,8385,8259,8198,8174,8137,7968,7723,7844,7441,7571,7604,7457,7403,7435,7474,7740,7810,8002,8266,8399,8742,9077,9459,9837,10250,10542,11006,11584,12087,12379,12616,13513,13506,13906,14340,14608,14777,14825,14924,14881,14972,14913,14718,14658,14485,14174,13873,13277,12956,12557,12376,11836,11142,10819,10316,9747,9512,8759,8410,8007,7458,6889,6497,6212,5904,5532,5052,4858,4550,4342,4180,3904,3720,3573,3484,3375,3107,3066,2928,2915,2782,2712,2592,2549,2490,2360,2268,2226,2201,2082,2071,2038,1899,1944,1882,1837,1783,1858,1749,1666,1676,1681,1602,1545,1514,1538,1502,1430,1391,1433,1385,1387,1340,1230,1314,1245,1176,1203,1220,1253,1144,1223,1108,1145,1099,1050,1064,1072,1019,1048,993,1007,983,977,983,937,911,910,898,916,895,913,848,882,862,801,752,771,778,708,667,690,685,639,692,637,646,579,548,562,521,500,416,425,421,362,287,229,151
0,0,0,0,0,0,0,0,0,0,0,0,0,0,0,0,0,0,0,0,0,0,0,0,0,0,0,0,0,0,0,0,0,0,0,0,0,0,0,0,0,0,0,0,0,0,0,0,0,0,0,0,0,0,0,0,0,0,0,1,0,0,1,0,0,1,0,0,2,2,1,4,4,5,9,9,9,13,20,27,27,29,51,38,68,63,89,107,111,150,169,209,236,280,344,439,470,609,643,755,874,1020,1195,1321,1546,1674,1884,2201,2265,2540,2981,3158,3481,3786,4034,4456,4748,5094,5356,5763,5987,6329,6739,6853,7191,7516,7516,7740,8008,8007,8249,8300,8232,8385,8230,8282,8055,7840,7832,7930,7700,7548,7567,7438,7578,7642,7554,7620,7684,7868,8184,8506,8659,9076,9272,9833,10552,10721,11176,11581,11791,12420,12961,13372,13648,14213,14262,14645,14568,14906,14897,15037,15016,15068,14907,14587,14355,13982,13699,13374,13214,12608,12089,11793,11285,10819,10306,9966,9420,8884,8355,8004,7546,7010,6660,6158,5808,5483,5175,4971,4568,4377,4164,4024,3792,3541,3406,3382,3171,2970,2878,2751,2769,2741,2578,2642,2501,2325,2248,2204,2366,2154,2093,2023,1926,1941,1929,1858,1698,1736,1707,1760,1646,1578,1636,1607,1536,1403,1450,1508,1485,1334,1355,1378,1376,1286,1322,1219,1225,1185,1193,1230,1168,1121,1168,1111,1096,1076,1034,1079,1060,945,963,1016,979,1031,982,905,924,825,921,886,938,869,815,840,821,787,764,778,739,702,638,702,665,608,617,604,601,585,553,490,492,446,424,350,377,299,242,175
0,0,0,0,0,0,0,0,0,0,0,0,0,0,0,0,0,0,0,0,0,0,0,0,0,0,0,0,0,0,0,0,0,0,0,0,0,0,0,0,0,0,0,0,0,0,0,0,0,0,0,0,0,0,0,0,0,0,0,0,0,0,0,0,0,0,0,0,1,1,2,1,5,2,4,6,8,7,11,17,20,22,30,39,62,41,76,86,98,111,146,169,193,256,316,384,414,487,556,651,792,923,1000,1107,1331,1486,1758,1890,2048,2441,2484,2859,3225,3476,3776,4025,4410,4712,5037,5508,5834,5972,6421,6753,7113,7234,7510,7672,7780,8047,8142,8112,8094,8426,8274,8253,8162,8121,8035,8008,7962,7693,7677,7577,7419,7499,7501,7577,7540,7773,7940,8031,8473,8852,9065,9428,9858,10412,10589,10941,11331,11954,12606,12801,13317,13795,14023,14541,14529,14732,14806,14954,15029,15131,14765,15062,14760,14512,14022,13843,13442,13023,12648,12216,11805,11327,10943,10468,9908,9430,8811,8334,8042,7420,7075,6575,6216,6047,5370,5184,4795,4574,4494,4132,3948,3763,3625,3469,3247,3163,3086,2932,2794,2767,2646,2624,2552,2388,2361,2182,2199,2222,2174,2163,2027,1935,1952,1828,1821,1903,1738,1725,1666,1669,1585,1573,1571,1571,1485,1454,1430,1420,1437,1378,1388,1353,1198,1197,1276,1229,1263,1181,1115,1137,1163,1102,1073,1081,1087,1058,1027,1062,1012,972,996,948,918,966,879,925,862,916,915,864,871,855,778,797,777,734,749,705,714,680,693,659,615,614,550,560,552,565,465,446,440,408,330,353,238,144
0,0,0,0,0,0,0,0,0,0,0,0,0,0,0,0,0,0,0,0,0,0,0,0,0,0,0,0,0,0,0,0,0,0,0,0,0,0,0,0,0,0,0,0,0,0,0,0,0,0,0,0,0,0,0,0,0,0,0,0,0,0,0,0,0,0,0,2,3,0,3,1,2,2,4,6,8,10,9,12,14,22,24,37,46,49,70,76,69,109,119,139,196,237,254,305,343,419,505,556,670,780,905,1062,1147,1286,1567,1709,1782,2121,2421,2610,2870,3130,3532,3818,4033,4381,4728,5165,5447,5836,5973,6283,6668,6917,7251,7475,7746,7912,8103,7976,8117,8508,8238,8310,8234,8110,8192,8119,7940,7712,7742,7652,7456,7602,7689,7602,7508,7603,7682,8090,8113,8402,8660,9083,9299,9672,10301,10727,10995,11528,11924,12484,12723,13264,13764,13944,14157,14820,14726,14909,15039,14953,15208,14951,14931,14569,14735,14154,13858,13622,13185,12574,12297,11771,11334,10947,10107,9706,9455,9124,8436,7982,7532,7109,6626,6289,5890,5458,5149,4934,4445,4413,4018,3944,3686,3580,3365,3336,3175,3060,2945,2803,2825,2700,2662,2589,2483,2386,2275,2270,2300,2134,2080,2106,2026,1914,1950,1857,1817,1705,1736,1702,1644,1605,1628,1571,1526,1485,1430,1427,1354,1427,1350,1346,1320,1300,1206,1200,1253,1248,1187,1231,1138,1128,1155,1051,1104,1077,1036,1021,1012,1051,1049,965,951,940,977,953,879,828,871,862,849,857,816,826,768,768,749,701,680,691,649,632,610,647,602,595,588,500,499,486,441,424,354,297,240,177
0,0,0,0,0,0,0,0,0,0,0,0,0,0,0,0,0,0,0,0,0,0,0,0,0,0,0,0,0,0,0,0,0,0,0,0,0,0,0,0,0,0,0,0,0,0,0,0,0,0,0,0,0,0,0,0,0,0,0,0,0,0,0,1,0,0,0,0,0,2,1,1,1,2,3,4,9,6,9,15,16,16,17,20,30,41,49,66,84,80,109,130,158,191,243,252,281,330,399,508,573,680,794,861,1038,1151,1342,1507,1709,1880,2155,2370,2619,2909,3218,3424,3622,4156,4237,4698,4995,5325,5745,6123,6387,6714,6924,7225,7507,7579,7653,7858,8169,8203,8344,8184,8436,8028,8212,8072,8126,7947,7848,7610,7631,7646,7386,7555,7479,7677,7623,7765,7911,8038,8411,8678,8948,9339,9900,10169,10519,11137,11433,12247,12355,13033,13296,13669,14047,14559,14664,14787,14671,15041,15100,15174,15138,14729,14676,14378,14187,13937,13555,13254,12964,12399,11842,11388,10830,10273,10027,9479,9102,8497,8059,7854,7157,6653,6277,5781,5496,5189,4934,4627,4320,4116,3914,3792,3612,3382,3300,3145,3052,2963,2887,2766,2726,2654,2495,2544,2393,2352,2205,2263,2205,2123,2046,1989,1969,1854,1897,1891,1723,1769,1719,1730,1605,1597,1539,1475,1473,1468,1395,1391,1388,1401,1296,1255,1309,1280,1262,1260,1191,1204,1158,1137,1072,1121,1141,1088,1071,1080,1010,1050,982,957,979,944,922,916,969,894,878,820,795,854,783,829,780,774,751,740,715,719,647,644,647,596,599,551,559,544,472,486,398,408,401,319,247,167
0,0,0,0,0,0,0,0,0,0,0,0,0,0,0,0,0,0,0,0,0,0,0,0,0,0,0,0,0,0,0,0,0,0,0,0,0,0,0,0,0,0,0,0,0,0,0,0,0,0,0,0,0,0,0,0,0,0,0,0,0,0,0,0,0,0,0,0,1,1,2,1,0,3,3,3,5,5,6,11,12,14,14,12,17,34,33,47,60,61,92,109,152,159,181,228,254,308,375,390,540,548,697,788,903,1036,1193,1303,1467,1591,1898,2079,2391,2514,2864,3233,3474,3840,4194,4358,4829,5125,5455,5799,5969,6382,6753,6880,7269,7521,7635,7776,8046,8177,8314,8334,8379,8283,8149,8211,8181,8010,8004,7862,7731,7602,7522,7524,7619,7498,7598,7558,7780,7780,8018,8385,8596,9015,9195,9871,10245,10797,10924,11548,12041,12232,12926,13261,13663,14057,14492,14554,14643,15013,15262,15021,15131,15175,14971,14974,14553,14212,13946,13719,13230,12788,12239,11760,11595,10864,10239,9982,9544,9150,8544,8088,7541,7114,6663,6275,5877,5431,5157,4923,4562,4453,4071,3977,3805,3595,3427,3253,3188,3109,2996,2972,2760,2569,2529,2573,2446,2440,2313,2217,2184,2055,2148,2103,1981,1917,1923,1799,1843,1751,1689,1659,1606,1637,1531,1542,1527,1514,1427,1379,1362,1330,1416,1258,1374,1205,1319,1265,1289,1216,1160,1145,1120,1172,1115,1133,1092,1050,1018,969,997,997,1007,994,967,981,895,880,858,814,821,863,877,782,726,783,735,771,715,729,681,671,655,622,602,609,552,537,474,438,467,418,377,334,243,147
0,0,0,0,0,0,0,0,0,0,0,0,0,0,0,0,0,0,0,0,0,0,0,0,0,0,0,0,0,0,0,0,0,0,0,0,0,0,0,0,0,0,0,0,0,0,0,0,0,0,0,0,0,0,0,0,0,0,0,0,0,0,0,0,0,0,0,0,0,0,0,1,1,0,2,2,3,5,8,8,8,9,10,19,16,21,31,33,48,63,77,95,91,142,141,205,202,274,328,362,425,496,588,726,751,876,1039,1154,1379,1519,1614,1813,2101,2371,2656,2828,3214,3421,3772,4012,4405,4706,5048,5357,5799,6076,6397,6701,7008,7233,7426,7742,7750,7994,8165,8107,8345,8191,8384,8154,8273,8060,8298,7893,7902,7833,7550,7509,7616,7598,7542,7640,7645,7697,7952,8101,8390,8713,9007,9347,9844,10156,10525,11110,11630,11866,12576,12811,13285,13886,14040,14105,14588,14808,14853,15074,15273,15298,15096,14837,15013,14691,14378,13946,13425,13266,12764,12311,12046,11595,10752,10588,9922,9591,8938,8486,8027,7559,7143,6606,6229,5888,5651,5257,4832,4677,4301,4159,3913,3761,3633,3508,3224,3157,3053,3100,2931,2755,2692,2609,2562,2519,2364,2302,2250,2245,2239,2100,2030,2042,1884,1852,1815,1785,1791,1671,1621,1618,1659,1595,1641,1512,1437,1402,1421,1397,1296,1305,1322,1310,1292,1289,1238,1162,1192,1188,1176,1126,1144,1066,1143,1022,1041,1074,972,1034,1026,976,975,927,909,879,897,870,860,908,812,840,793,739,803,768,740,699,673,669,683,627,601,539,548,534,485,503,454,449,387,325,257,147
0,0,0,0,0,0,0,0,0,0,0,0,0,0,0,0,0,0,0,0,0,0,0,0,0,0,0,0,0,0,0,0,0,0,0,0,0,0,0,0,0,0,0,0,0,0,0,0,0,0,0,0,0,0,0,0,0,0,0,0,0,0,0,0,0,0,0,0,0,0,0,0,2,1,2,1,3,5,4,7,8,10,10,13,19,17,27,43,36,42,58,63,101,111,116,152,200,225,267,294,363,430,521,564,675,812,865,982,1195,1367,1516,1685,1968,2025,2322,2618,2917,3165,3467,3705,4117,4360,4751,4998,5253,5827,5971,6579,6507,6869,7140,7423,7513,7784,7965,8187,8135,8207,8234,8360,8365,8156,8179,8219,7944,7792,7897,7798,7581,7469,7436,7618,7512,7545,7818,7836,8030,8278,8693,9052,9461,9712,10133,10709,11076,11461,12084,12599,12917,13348,13624,13930,14390,14721,14805,15061,15160,15145,15246,15148,15075,14887,14499,14450,13968,13752,13204,12908,12426,12060,11522,11101,10718,9962,9437,8927,8506,8119,7639,7141,6571,6261,5994,5508,5207,5008,4651,4271,4168,3933,3695,3609,3501,3322,3155,3025,2972,2938,2756,2700,2638,2581,2478,2371,2366,2249,2221,2158,2167,2041,1981,1798,1940,1856,1796,1665,1653,1697,1625,1556,1650,1553,1560,1473,1432,1517,1414,1322,1333,1319,1301,1257,1152,1284,1231,1221,1167,1166,1133,1185,1142,1086,1084,953,941,995,1039,1006,938,942,911,889,892,902,919,897,887,819,810,822,781,794,711,729,695,681,642,636,619,587,531,533,469,464,476,471,349,338,271,169
0,0,0,0,0,0,0,0,0,0,0,0,0,0,0,0,0,0,0,0,0,0,0,0,0,0,0,0,0,0,0,0,0,0,0,0,0,0,0,0,0,0,0,0,0,0,0,0,0,0,0,0,0,0,0,0,0,0,0,0,0,0,0,0,0,0,0,0,0,0,0,0,0,2,0,3,0,2,1,7,5,4,6,10,11,17,22,31,36,39,40,55,72,86,139,118,140,183,197,260,275,347,444,520,576,697,742,869,1032,1155,1318,1462,1662,1887,2078,2291,2613,2853,3137,3375,3756,4072,4401,4686,5079,5347,5710,6089,6213,6651,6886,7284,7349,7551,7949,8068,8119,8102,8308,8270,8369,8322,8227,8111,8062,8013,7997,7820,7619,7755,7707,7545,7610,7646,7619,7786,7879,8141,8481,8447,9132,9214,9759,10095,10591,11148,11526,12140,12332,12793,13307,13735,13965,14473,14595,14759,15149,15015,15230,15307,15007,15171,14963,14716,14321,14081,13743,13307,12670,12577,12001,11493,10978,10512,10142,9604,9051,8676,7995,7694,7275,6628,6362,5869,5577,5295,5025,4583,4441,4182,3955,3701,3685,3511,3349,3174,3023,2998,2956,2791,2628,2527,2615,2464,2512,2328,2276,2179,2089,2108,2045,1984,1864,1912,1878,1776,1726,1682,1712,1622,1562,1545,1512,1487,1466,1447,1442,1306,1347,1391,1296,1247,1147,1279,1255,1258,1195,1158,1175,1118,1146,1128,1058,1084,1037,962,1020,1033,1044,970,942,939,885,879,882,846,916,804,863,784,799,752,741,709,659,679,659,650,611,635,555,518,529,505,448,435,365,319,278,160
0,0,0,0,0,0,0,0,0,0,0,0,0,0,0,0,0,0,0,0,0,0,0,0,0,0,0,0,0,0,0,0,0,0,0,0,0,0,0,0,0,0,0,0,0,0,0,0,0,0,0,0,0,0,0,0,0,0,0,0,0,0,0,0,0,0,0,0,0,0,1,0,0,0,0,0,0,6,3,2,5,7,6,9,8,15,12,24,36,39,46,47,65,80,84,102,125,160,167,244,274,327,386,433,538,574,695,784,866,1092,1148,1271,1471,1748,1847,1992,2394,2547,2865,3164,3428,3794,4090,4341,4729,4948,5358,5744,5957,6290,6587,6908,7123,7314,7713,7799,7960,8212,8151,8180,8344,8453,8388,8135,8169,8165,7956,7987,7635,7860,7833,7650,7560,7534,7678,7781,8041,7866,8045,8504,8629,8927,9474,9607,10198,10572,11082,11510,11884,12424,12909,13251,13701,13775,14463,14803,14900,14974,15068,15210,15078,15530,14855,14889,14617,14393,13962,13816,13519,13092,12646,12030,11755,10996,10574,10282,9595,9059,8483,8025,7670,7224,6621,6424,6017,5575,5155,4897,4687,4376,4167,3893,3799,3557,3551,3295,3185,2992,2984,2931,2767,2704,2605,2527,2506,2319,2382,2283,2197,2134,2108,2018,1944,1945,1826,1826,1772,1790,1704,1661,1576,1573,1550,1530,1453,1457,1409,1476,1417,1314,1381,1332,1314,1245,1260,1212,1235,1139,1174,1136,1114,1066,1052,1002,1075,1011,1009,1046,984,961,905,956,936,899,888,864,875,794,815,834,774,733,723,741,733,699,648,686,612,625,575,529,568,500,494,423,402,330,263,179
0,0,0,0,0,0,0,0,0,0,0,0,0,0,0,0,0,0,0,0,0,0,0,0,0,0,0,0,0,0,0,0,0,0,0,0,0,0,0,0,0,0,0,0,0,0,0,0,0,0,0,0,0,0,0,0,0,0,0,0,0,0,0,0,0,0,0,0,1,0,0,0,0,1,0,0,1,0,0,2,2,6,4,9,7,8,18,18,14,20,41,37,51,57,84,98,113,126,173,197,209,313,288,362,391,491,599,676,752,904,1028,1205,1292,1537,1653,1893,2094,2242,2547,2793,3200,3420,3669,4113,4364,4690,5059,5417,5629,6054,6320,6541,7162,7122,7388,7598,7826,7982,8082,8341,8160,8316,8298,8299,8422,8281,8098,8090,7915,7917,7772,7672,7615,7538,7559,7470,7693,7818,7872,8143,8271,8660,8822,9339,9752,10235,10702,11236,11607,11864,12577,12931,13231,13652,13806,14395,14422,14953,15171,15271,15443,15271,15200,15071,14898,14825,14470,14172,13887,13428,13058,12451,12058,11574,11129,10488,10125,9510,9041,8735,8070,7568,7139,6816,6412,6014,5615,5267,4914,4641,4623,4228,3882,3769,3622,3441,3362,3175,3060,2933,2856,2817,2580,2631,2557,2473,2419,2266,2245,2169,2185,2113,2041,1974,1883,1963,1826,1810,1748,1706,1669,1491,1575,1486,1475,1428,1486,1514,1465,1377,1308,1331,1351,1299,1207,1214,1255,1200,1223,1208,1156,1151,1050,1088,1094,1056,1019,1016,998,1014,958,963,915,923,876,885,846,816,815,808,828,734,732,730,705,685,683,701,626,623,530,534,496,519,491,423,408,324,229,164
0,0,0,0,0,0,0,0,0,0,0,0,0,0,0,0,0,0,0,0,0,0,0,0,0,0,0,0,0,0,0,0,0,0,0,0,0,0,0,0,0,0,0,0,0,0,0,0,0,0,0,0,0,0,0,0,0,0,0,0,0,0,0,0,0,0,0,0,0,0,0,0,0,0,1,0,0,0,2,6,3,5,4,7,8,6,10,19,20,24,22,48,37,50,59,83,88,108,129,146,172,225,270,264,359,424,510,576,687,766,895,1031,1131,1278,1467,1657,1914,2127,2243,2601,2874,3078,3369,3738,4024,4358,4645,5024,5492,5729,6014,6273,6466,6825,6959,7347,7505,7713,7912,8109,8128,8239,8346,8377,8308,8287,8199,8137,7954,7947,7870,7892,7712,7638,7690,7473,7599,7632,7959,7771,8129,8453,8594,8794,9331,9735,10138,10701,11066,11648,12058,12379,12924,13237,13753,14143,14294,14800,15126,15145,15321,15223,15347,15281,15026,14902,14882,14446,14239,13917,13540,13262,12644,12112,11594,10952,10632,10140,9678,9090,8632,8233,7603,7157,6784,6425,5981,5573,5310,4950,4673,4384,4232,4045,3809,3659,3460,3333,3164,3019,2946,2865,2820,2641,2582,2490,2511,2453,2303,2221,2216,2162,2102,2043,2039,1930,1882,1788,1851,1734,1729,1600,1593,1566,1537,1517,1514,1467,1465,1442,1419,1400,1312,1305,1260,1239,1302,1244,1166,1183,1160,1110,1179,1078,1043,1085,1044,1004,1028,1003,1020,987,934,949,880,913,840,857,829,789,780,739,812,714,730,671,668,628,655,630,625,548,565,483,447,421,373,295,275,174
0,0,0,0,0,0,0,0,0,0,0,0,0,0,0,0,0,0,0,0,0,0,0,0,0,0,0,0,0,0,0,0,0,0,0,0,0,0,0,0,0,0,0,0,0,0,0,0,0,0,0,0,0,0,0,0,0,0,0,0,0,0,0,0,0,0,0,0,0,0,0,0,0,1,0,0,0,2,0,1,2,2,4,7,12,7,11,10,18,21,32,26,34,43,51,64,67,98,109,141,166,179,250,298,331,371,410,496,560,688,778,879,1030,1159,1352,1460,1624,1800,2102,2326,2633,2847,3061,3310,3737,3960,4211,4676,4972,5448,5734,6056,6214,6651,6902,7297,7332,7744,7818,8073,8018,8086,8223,8404,8234,8378,8218,8212,8193,8015,7842,7926,7812,7761,7652,7795,7523,7625,7713,7755,7844,8133,8410,8510,8857,9341,9609,10116,10624,11198,11704,12041,12566,13061,13398,13755,14238,14377,14710,15208,15038,15189,15247,15422,15197,15233,15022,15008,14651,13933,13856,13519,13116,12552,12277,11741,11305,10555,10245,9731,9233,8509,8123,7644,7220,6795,6282,6099,5672,5162,4973,4608,4489,4123,3985,3653,3717,3362,3184,3261,3064,2942,2863,2799,2723,2634,2528,2406,2367,2300,2169,2189,2069,2107,1976,1935,1878,1779,1847,1780,1755,1746,1647,1589,1632,1542,1527,1502,1451,1372,1374,1408,1397,1324,1266,1291,1296,1161,1213,1244,1167,1162,1109,1126,1116,1060,1063,1054,981,956,987,954,1003,938,913,876,901,837,845,843,767,781,742,766,747,685,679,669,614,607,589,578,555,507,412,439,368,341,275,182
0,0,0,0,0,0,0,0,0,0,0,0,0,0,0,0,0,0,0,0,0,0,0,0,0,0,0,0,0,0,0,0,0,0,0,0,0,0,0,0,0,0,0,0,0,0,0,0,0,0,0,0,0,0,0,0,0,0,0,0,0,0,0,0,0,0,0,0,0,0,0,0,0,0,0,0,1,3,0,2,0,0,2,4,2,6,1,5,10,12,19,21,40,34,39,56,71,75,88,103,118,179,207,258,252,307,392,433,525,605,600,777,857,996,1133,1297,1479,1728,1897,2101,2318,2558,2832,3100,3384,3737,3994,4250,4645,4995,5462,5606,6090,6345,6578,6916,7150,7579,7712,7761,7814,8144,8276,8316,8344,8419,8390,8217,8301,8099,8017,7952,7893,7652,7636,7594,7678,7532,7522,7746,7852,7907,7999,8490,8570,8971,9317,9521,10043,10524,11126,11571,12090,12399,13097,13389,13789,14170,14500,14813,15029,15384,15163,15345,15436,15240,15217,15148,14847,14349,14267,14023,13489,13066,12677,12387,11759,11287,10998,10245,9745,9224,8680,8243,7539,7254,6834,6387,5882,5692,5247,5023,4612,4311,4194,3850,3720,3645,3464,3355,3102,3066,2857,2968,2746,2714,2536,2457,2435,2430,2334,2235,2179,2129,2026,1938,2002,1852,1950,1838,1762,1713,1666,1628,1624,1555,1583,1504,1399,1493,1354,1361,1410,1319,1401,1225,1290,1264,1217,1145,1190,1153,1183,1121,1077,1125,1108,1064,1032,1030,958,976,934,944,971,919,833,872,857,836,841,825,734,798,708,704,650,632,641,622,581,590,545,498,424,450,376,344,268,195
0,0,0,0,0,0,0,0,0,0,0,0,0,0,0,0,0,0,0,0,0,0,0,0,0,0,0,0,0,0,0,0,0,0,0,0,0,0,0,0,0,0,0,0,0,0,0,0,0,0,0,0,0,0,0,0,0,0,0,0,0,0,0,0,0,0,0,0,0,0,0,0,0,0,0,1,0,2,0,2,0,1,3,6,2,4,14,6,6,13,13,21,21,25,34,38,55,61,81,92,95,121,163,211,223,277,351,347,415,503,566,647,759,879,1015,1239,1295,1462,1700,1836,1999,2314,2558,2844,3145,3351,3666,4064,4222,4638,4974,5288,5633,5916,6298,6687,6912,7112,7432,7651,7762,7886,8204,8251,8320,8387,8265,8077,8385,8181,8294,7938,8150,7924,7852,7690,7697,7749,7553,7678,7689,7591,8092,8192,8323,8618,8953,9363,9555,10116,10659,10924,11420,12055,12436,12971,13388,13741,14133,14468,14853,14776,15098,15155,15461,15302,15401,15366,15165,15064,14674,14319,14013,13768,12933,12889,12287,11739,11227,10969,10132,9965,9295,8784,8216,7775,7132,6699,6436,5951,5545,5367,5049,4763,4430,4264,3973,3838,3589,3431,3241,3182,3102,2952,2843,2827,2731,2680,2573,2447,2335,2339,2187,2238,2168,2091,2032,1937,1854,1831,1834,1832,1768,1682,1665,1591,1592,1523,1530,1414,1386,1392,1324,1395,1353,1300,1295,1237,1220,1183,1167,1204,1120,1122,1114,1095,1067,1144,1055,1038,975,979,981,915,925,899,845,868,871,842,750,819,798,742,724,665,685,698,656,593,564,565,524,494,493,444,379,326,253,164
0,0,0,0,0,0,0,0,0,0,0,0,0,0,0,0,0,0,0,0,0,0,0,0,0,0,0,0,0,0,0,0,0,0,0,0,0,0,0,0,0,0,0,0,0,0,0,0,0,0,0,0,0,0,0,0,0,0,0,0,0,0,0,0,0,0,0,0,0,0,0,0,0,0,0,0,3,0,0,0,2,1,2,2,3,4,6,4,6,5,10,12,19,22,25,35,42,55,64,74,76,83,127,124,196,228,265,327,384,453,455,574,683,784,858,1023,1130,1298,1502,1667,1927,2069,2320,2487,2781,3081,3340,3698,3964,4363,4641,4913,5246,5484,5989,6187,6638,6800,7170,7361,7628,7754,7902,8084,8325,8293,8371,8356,8466,8310,8326,8152,8072,8065,8061,7807,7838,7758,7475,7605,7601,7433,7914,7811,8162,8220,8553,9125,9217,9659,10133,10480,11241,11419,11953,12333,13133,13434,13649,14145,14682,14807,15108,15047,15428,15777,15336,15520,15351,15291,14956,14686,14378,14146,13671,13259,12827,12236,11994,11459,10737,10451,9753,9078,8784,8307,7715,7212,6699,6414,5958,5703,5196,5056,4719,4431,4210,4006,3820,3586,3345,3301,3262,3085,2915,2959,2731,2680,2490,2539,2390,2397,2316,2319,2120,2141,2000,1957,1867,1861,1844,1768,1790,1826,1642,1655,1583,1597,1491,1482,1534,1480,1474,1410,1388,1323,1273,1255,1221,1252,1177,1229,1118,1128,1071,1069,1046,1090,1060,1041,1015,987,935,982,917,976,941,890,870,815,779,782,813,757,751,746,693,685,632,572,586,550,554,534,476,426,399,347,277,172
0,0,0,0,0,0,0,0,0,0,0,0,0,0,0,0,0,0,0,0,0,0,0,0,0,0,0,0,0,0,0,0,0,0,0,0,0,0,0,0,0,0,0,0,0,0,0,0,0,0,0,0,0,0,0,0,0,0,0,0,0,0,0,0,0,0,0,0,0,0,0,0,0,1,0,0,0,0,0,0,2,0,1,1,2,3,3,5,10,13,4,9,12,21,20,20,31,41,43,74,91,100,109,142,174,185,219,269,311,371,391,518,584,659,785,859,1018,1087,1283,1420,1651,1821,2031,2270,2557,2844,3024,3279,3778,3807,4289,4653,4947,5237,5571,5964,6227,6626,6863,7085,7279,7504,7714,8000,8167,8117,8274,8403,8333,8462,8367,8361,8189,8346,8065,7932,7956,7779,7641,7594,7760,7749,7515,7685,8113,8099,8395,8586,8977,9386,9502,10159,10386,11122,11518,11991,12422,12860,13405,13671,13996,14596,14818,14840,15067,15159,15588,15481,15610,15247,15189,14890,14892,14571,14173,13679,13180,12887,12395,11932,11474,10735,10399,9629,9423,8853,8347,7713,7243,6875,6429,6040,5581,5220,5147,4798,4556,4174,3974,3734,3696,3548,3275,3139,3123,3080,2857,2898,2755,2622,2505,2419,2308,2327,2237,2140,2082,2057,2001,1884,1917,1796,1723,1801,1690,1746,1640,1662,1600,1526,1506,1474,1405,1437,1380,1420,1352,1316,1304,1268,1263,1224,1183,1113,1067,1110,1141,1057,1076,1055,1007,972,977,935,980,917,915,909,862,885,815,814,794,794,777,731,732,681,643,607,599,545,593,506,483,422,388,352,239,188
0,0,0,0,0,0,0,0,0,0,0,0,0,0,0,0,0,0,0,0,0,0,0,0,0,0,0,0,0,0,0,0,0,0,0,0,0,0,0,0,0,0,0,0,0,0,0,0,0,0,0,0,0,0,0,0,0,0,0,0,0,0,0,0,0,0,0,0,0,0,0,0,0,0,0,0,0,0,0,1,1,1,0,1,2,4,1,5,3,2,10,8,12,19,26,18,27,29,33,51,65,65,90,118,135,161,189,225,290,337,382,437,503,525,709,755,886,987,1103,1249,1444,1565,1795,1975,2332,2516,2766,3080,3337,3594,3944,4262,4600,4938,5243,5600,5960,6238,6451,6807,7099,7241,7630,7861,8100,8080,8304,8330,8343,8473,8451,8316,8366,8367,8015,8091,7860,7982,7753,7678,7407,7904,7538,7662,7898,7964,8097,8305,8772,8883,9135,9617,10089,10553,10926,11466,12027,12399,12745,13304,13667,14041,14610,14840,15033,15510,15410,15247,15663,15259,15503,15098,15111,14885,14579,14034,13835,13456,12954,12406,12017,11545,11018,10243,9858,9267,8801,8309,7745,7237,6970,6415,6175,5647,5264,5014,4717,4503,4139,4067,3867,3649,3523,3277,3128,3146,2931,2887,2779,2796,2620,2482,2439,2322,2284,2188,2161,2100,2041,2057,1950,1849,1805,1757,1789,1651,1727,1587,1555,1594,1536,1481,1498,1481,1431,1360,1371,1353,1269,1345,1247,1220,1219,1187,1117,1158,1081,1050,1087,1100,1052,1043,961,960,1020,971,862,907,908,840,813,790,784,830,701,764,717,708,662,665,649,576,589,516,480,448,426,330,282,179
0,0,0,0,0,0,0,0,0,0,0,0,0,0,0,0,0,0,0,0,0,0,0,0,0,0,0,0,0,0,0,0,0,0,0,0,0,0,0,0,0,0,0,0,0,0,0,0,0,0,0,0,0,0,0,0,0,0,0,0,0,0,0,0,0,0,0,0,0,0,0,0,0,0,0,0,0,0,0,0,2,1,1,3,1,3,2,5,2,2,4,9,7,11,18,18,20,26,31,34,53,52,69,102,103,139,151,203,232,276,331,347,429,502,473,664,778,927,941,1154,1238,1414,1591,1763,2010,2322,2590,2734,2973,3282,3653,3869,4317,4448,4775,5282,5627,5900,6231,6509,6688,7092,7247,7502,7857,7807,8125,8300,8394,8385,8336,8452,8484,8253,8117,8172,8064,7961,7934,7766,7731,7625,7617,7634,7918,7882,8004,8035,8273,8521,8929,9346,9710,9938,10386,10959,11372,11979,12353,12813,13225,13803,14090,14511,15019,14986,15157,15441,15702,15352,15670,15633,15335,15209,14833,14789,14535,13877,13422,12991,12588,12028,11419,10924,10472,9882,9420,8994,8457,7917,7258,6757,6500,6054,5621,5407,4983,4822,4493,4251,4062,3746,3673,3482,3285,3196,3058,2933,2901,2769,2760,2528,2481,2414,2298,2192,2227,2140,2095,2049,1975,1891,1953,1874,1719,1748,1771,1668,1626,1564,1481,1516,1547,1466,1411,1482,1374,1369,1357,1301,1269,1201,1242,1203,1171,1178,1086,1113,1096,1004,1065,1023,1011,991,1026,944,903,912,883,890,806,843,779,788,769,722,669,694,722,666,636,630,581,533,483,433,406,320,291,194
0,0,0,0,0,0,0,0,0,0,0,0,0,0,0,0,0,0,0,0,0,0,0,0,0,0,0,0,0,0,0,0,0,0,0,0,0,0,0,0,0,0,0,0,0,0,0,0,0,0,0,0,0,0,0,0,0,0,0,0,0,0,0,0,0,0,0,0,0,0,0,0,0,0,0,0,0,0,0,0,0,1,0,1,3,3,2,3,4,3,2,1,7,9,12,12,15,24,19,44,37,35,58,60,91,113,121,138,178,228,262,293,349,386,434,550,648,749,908,981,1127,1286,1459,1577,1851,1971,2238,2590,2782,3010,3358,3576,4001,4179,4531,4901,5141,5571,5797,6222,6469,6677,7055,7270,7641,7826,7903,8191,8226,8376,8111,8516,8326,8292,8226,8171,8266,8121,8220,7936,7648,7934,7807,7686,7659,7718,7834,7880,8186,8456,8581,8847,9173,9586,10087,10535,10819,11268,11974,12448,12910,13354,14044,14039,14432,14678,15237,15246,15611,15542,15754,15370,15357,15171,15309,14875,14622,14109,13929,13677,12970,12579,12196,11490,11046,10325,9997,9472,8653,8367,7779,7391,6894,6601,6096,5751,5476,5014,4812,4488,4288,3933,3732,3683,3434,3349,3334,3140,3086,2872,2780,2680,2695,2504,2384,2355,2401,2232,2169,2024,2124,1968,1930,2023,1817,1736,1695,1704,1631,1617,1666,1387,1500,1505,1463,1398,1425,1380,1373,1312,1354,1274,1269,1206,1206,1174,1123,1137,1071,1098,998,1084,1096,1038,955,944,930,876,904,912,893,877,817,738,772,784,691,722,662,625,635,596,525,595,499,448,409,354,255,165
0,0,0,0,0,0,0,0,0,0,0,0,0,0,0,0,0,0,0,0,0,0,0,0,0,0,0,0,0,0,0,0,0,0,0,0,0,0,0,0,0,0,0,0,0,0,0,0,0,0,0,0,0,0,0,0,0,0,0,0,0,0,0,0,0,0,0,0,0,0,0,0,0,0,0,0,0,0,0,0,0,0,1,0,1,0,1,4,3,2,5,2,5,2,14,9,15,20,19,21,38,44,48,59,71,84,97,141,157,180,215,242,311,367,385,481,499,620,717,835,929,1119,1251,1397,1655,1793,2005,2243,2459,2780,3092,3213,3599,3810,4302,4508,4820,5021,5468,5821,6207,6412,6766,7033,7230,7608,7788,7921,8170,8179,8394,8333,8125,8372,8471,8194,8227,8237,8244,8095,8022,7895,7845,7788,7730,7689,7597,7874,7886,8200,8417,8480,8885,9163,9708,9984,10458,11116,11429,11916,12448,12856,13242,13665,14266,14578,14803,15262,15217,15662,15637,15744,15622,15615,15291,15110,15122,14771,14234,13745,13511,13062,12620,12166,11459,11066,10585,9992,9462,8883,8266,7945,7588,7026,6596,6011,5812,5155,5054,4854,4598,4354,4065,3774,3616,3491,3411,3190,3144,3006,2798,2774,2661,2624,2480,2362,2310,2231,2236,2161,2073,2055,2007,1943,1899,1839,1799,1685,1667,1726,1616,1578,1564,1525,1445,1433,1453,1367,1387,1345,1325,1311,1241,1326,1207,1193,1102,1154,1113,1076,1053,1047,955,1086,1014,957,962,948,869,881,925,859,802,816,751,810,749,701,686,687,659,634,565,540,545,432,392,354,293,197
0,0,0,0,0,0,0,0,0,0,0,0,0,0,0,0,0,0,0,0,0,0,0,0,0,0,0,0,0,0,0,0,0,0,0,0,0,0,0,0,0,0,0,0,0,0,0,0,0,0,0,0,0,0,0,0,0,0,0,0,0,0,0,0,0,0,0,0,0,0,0,0,0,0,0,0,0,0,0,0,0,0,0,2,1,0,1,2,2,3,4,0,5,6,4,7,15,17,23,16,29,37,43,44,65,76,88,97,125,168,194,190,251,293,344,428,477,551,651,758,859,966,1120,1272,1416,1600,1743,2044,2177,2395,2690,2907,3219,3600,3948,4177,4527,4870,5145,5407,5885,6078,6373,6777,7112,7185,7446,7720,7896,8151,8097,8315,8269,8322,8353,8356,8359,8324,8256,8099,7980,7884,7925,7872,7628,7740,7606,7630,7839,7764,8000,8205,8956,8893,9163,9586,10034,10434,10908,11366,11945,12543,13028,13435,13798,14129,14411,14959,15197,15553,15503,15611,15505,15748,15636,15451,15209,15030,14550,14302,13815,13873,13250,12742,12156,11700,11064,10645,10058,9532,8981,8451,8063,7522,6932,6496,6027,5816,5419,5046,4774,4505,4345,4042,3878,3698,3437,3339,3279,3166,3049,2759,2787,2659,2602,2455,2467,2389,2359,2192,2107,2066,2057,1929,1964,1873,1811,1787,1795,1737,1670,1612,1595,1514,1515,1519,1413,1453,1431,1412,1358,1267,1306,1186,1245,1247,1166,1132,1169,1115,1149,1026,991,1002,1016,985,917,916,899,893,874,828,830,791,829,812,772,710,729,673,662,613,622,576,540,455,416,383,259,184
0,0,0,0,0,0,0,0,0,0,0,0,0,0,0,0,0,0,0,0,0,0,0,0,0,0,0,0,0,0,0,0,0,0,0,0,0,0,0,0,0,0,0,0,0,0,0,0,0,0,0,0,0,0,0,0,0,0,0,0,0,0,0,0,0,0,0,0,0,0,0,0,0,0,0,0,0,0,0,0,0,0,0,1,0,0,1,0,3,0,1,2,2,8,8,5,8,6,13,14,24,29,24,44,46,71,76,85,100,130,145,187,225,245,284,345,404,482,524,591,783,822,948,1040,1231,1428,1593,1688,1885,2246,2329,2729,2929,3272,3385,3787,4160,4467,4794,5064,5420,5786,6042,6445,6805,7075,7380,7349,7788,7857,8006,8379,8382,8373,8483,8597,8354,8549,8333,8129,8036,8046,7929,7811,7871,7681,7708,7644,7835,7781,7804,8186,8363,8726,8960,9032,9652,10004,10676,10948,11447,11873,12314,12825,13244,13810,14201,14429,14935,15141,15565,15576,15697,15702,15998,15749,15470,15448,14988,14779,14585,13971,13715,13172,12916,12239,11628,11071,10578,10004,9592,9233,8463,7986,7491,6897,6580,6122,5817,5319,5039,4735,4503,4265,4013,3918,3704,3549,3358,3299,3025,3015,2968,2764,2587,2510,2416,2485,2371,2255,2218,2113,2124,2019,2000,1969,1847,1749,1786,1668,1710,1668,1579,1586,1521,1486,1553,1453,1420,1354,1305,1282,1299,1208,1291,1205,1208,1185,1153,1115,1111,1055,1049,1031,1026,1011,938,936,951,942,855,828,860,784,852,787,774,734,734,701,615,661,615,560,515,486,424,322,305,177
0,0,0,0,0,0,0,0,0,0,0,0,0,0,0,0,0,0,0,0,0,0,0,0,0,0,0,0,0,0,0,0,0,0,0,0,0,0,0,0,0,0,0,0,0,0,0,0,0,0,0,0,0,0,0,0,0,0,0,0,0,0,0,0,0,0,0,0,0,0,0,0,0,0,0,0,0,0,0,0,0,0,0,0,0,1,1,1,1,1,4,4,4,2,4,6,8,6,12,14,19,27,23,41,37,47,65,67,74,115,121,164,180,208,265,279,353,409,478,513,614,762,860,987,1083,1206,1373,1610,1721,1991,2262,2379,2638,2974,3160,3449,3728,4165,4400,4717,5074,5452,5693,6137,6479,6683,6988,7229,7518,7704,8035,7918,8151,8483,8473,8493,8394,8458,8329,8279,8259,8361,7999,7951,7834,7761,7908,7820,7624,7834,7827,7818,7933,8241,8666,8821,9150,9414,9998,10338,10825,11336,11738,12458,12797,13441,13862,14108,14543,15003,15336,15461,15667,15702,15854,15801,15604,15455,15392,15139,14780,14575,14241,13798,13456,12963,12311,11673,11237,10774,10160,9619,9020,8449,8079,7661,7062,6513,6109,5737,5373,4986,4772,4495,4269,4050,3785,3713,3421,3414,3259,3086,2942,2925,2768,2604,2653,2551,2389,2352,2205,2232,2113,2202,2114,1964,1829,1836,1849,1784,1701,1673,1729,1612,1587,1572,1456,1476,1401,1417,1356,1422,1316,1275,1259,1272,1213,1173,1150,1151,1111,1122,1105,1031,1060,1014,1004,926,958,906,913,866,817,820,791,775,800,764,710,687,651,658,611,509,548,486,460,382,288,182
0,0,0,0,0,0,0,0,0,0,0,0,0,0,0,0,0,0,0,0,0,0,0,0,0,0,0,0,0,0,0,0,0,0,0,0,0,0,0,0,0,0,0,0,0,0,0,0,0,0,0,0,0,0,0,0,0,0,0,0,0,0,0,0,0,0,0,0,0,0,0,0,0,0,0,0,0,0,0,0,0,0,1,0,0,0,1,0,0,1,2,2,4,5,5,5,3,7,13,13,13,20,22,27,25,42,43,54,85,88,117,107,138,171,213,245,299,317,364,462,495,591,702,798,951,1119,1259,1398,1448,1705,1964,2163,2402,2650,2860,3190,3478,3742,4110,4525,4651,5072,5524,5625,6029,6457,6560,7035,7402,7435,7656,7979,8120,8217,8255,8468,8688,8326,8456,8529,8184,8448,8276,8027,7943,7899,7798,7816,7753,7778,7805,7820,8022,7994,8303,8428,8827,9085,9654,9810,10441,10891,11324,11845,12458,12828,13342,13729,14166,14577,14901,15265,15428,15899,15865,15789,15675,15832,15610,15471,15249,15049,14539,14276,13829,13223,12951,12172,11859,11390,10968,10286,9539,9134,8427,7878,7391,7029,6559,6113,5798,5596,5172,4743,4582,4286,4102,3819,3714,3578,3394,3326,3061,2946,2905,2791,2682,2507,2512,2437,2291,2255,2202,2162,2115,2042,1950,1973,1799,1791,1740,1780,1656,1678,1611,1590,1517,1449,1494,1474,1389,1435,1322,1296,1284,1221,1242,1229,1162,1200,1095,1107,1083,1068,1017,1005,994,933,925,987,916,905,821,861,828,776,780,699,714,674,673,636,601,579,536,461,392,349,281,189
0,0,0,0,0,0,0,0,0,0,0,0,0,0,0,0,0,0,0,0,0,0,0,0,0,0,0,0,0,0,0,0,0,0,0,0,0,0,0,0,0,0,0,0,0,0,0,0,0,0,0,0,0,0,0,0,0,0,0,0,0,0,0,0,0,0,0,0,0,0,0,0,0,0,0,0,0,0,0,0,0,0,0,0,1,1,1,0,0,1,1,1,2,4,3,5,4,5,5,6,9,19,17,26,30,39,31,50,59,81,76,112,141,127,177,183,238,274,362,392,455,528,605,704,815,924,1043,1223,1380,1454,1735,1862,2144,2330,2675,2876,3182,3337,3809,4071,4337,4778,4988,5227,5746,5899,6429,6699,7015,7179,7516,7841,7809,8051,8266,8382,8496,8344,8623,8544,8539,8367,8259,8226,8126,7990,7977,7785,7738,7635,7873,7862,7876,8074,7997,8501,8570,8929,9244,9402,9814,10410,10917,11416,11808,12147,12926,13398,13789,14115,14432,14850,15030,15495,15653,15789,15805,16181,15776,15678,15519,15182,15205,14887,14421,13911,13361,13030,12454,11736,11415,10659,10339,9551,9268,8434,7980,7464,6900,6677,6217,5880,5548,5034,4819,4431,4189,4131,3918,3788,3591,3374,3194,3125,2980,2928,2793,2646,2533,2541,2383,2377,2236,2209,2170,2039,1963,1970,1947,1938,1710,1802,1692,1606,1706,1646,1531,1545,1524,1478,1416,1405,1401,1289,1407,1287,1198,1268,1229,1190,1138,1128,1065,1059,1076,1015,1068,948,954,922,906,882,874,836,808,793,779,719,748,696,688,617,607,570,503,505,428,324,307,219
0,0,0,0,0,0,0,0,0,0,0,0,0,0,0,0,0,0,0,0,0,0,0,0,0,0,0,0,0,0,0,0,0,0,0,0,0,0,0,0,0,0,0,0,0,0,0,0,0,0,0,0,0,0,0,0,0,0,0,0,0,0,0,0,0,0,0,0,0,0,0,0,0,0,0,0,0,0,0,0,0,0,0,0,0,0,1,1,2,0,1,2,1,0,4,3,3,3,6,11,9,8,15,20,23,28,30,35,36,44,70,67,107,115,102,179,223,215,281,355,415,436,500,606,654,826,927,1034,1151,1311,1555,1679,1880,2080,2334,2710,2862,3080,3360,3737,4024,4356,4635,5167,5354,5680,6102,6396,6476,6877,7143,7404,7784,7851,8242,8225,8245,8513,8503,8603,8679,8541,8494,8353,8258,8015,7985,7920,7965,7824,7791,7729,7682,7894,8036,8109,8259,8598,8801,9096,9520,10054,10375,10818,11135,11837,12246,12883,13237,13675,14244,14611,14940,15231,15544,15722,15624,16131,15916,15752,15775,15812,15360,14918,14748,14226,13626,13500,12928,12643,11876,11356,10970,10286,9863,9134,8510,8126,7498,7083,6711,6253,5807,5607,5190,4886,4558,4209,4029,3977,3693,3511,3430,3230,3027,3039,2923,2720,2612,2571,2496,2389,2318,2275,2198,2227,2154,2008,1963,1947,1873,1865,1710,1740,1645,1667,1602,1577,1539,1543,1512,1400,1363,1362,1323,1309,1337,1294,1249,1145,1198,1053,1075,1067,1084,1003,1020,982,977,976,912,873,878,842,863,842,750,781,768,692,737,622,628,586,547,482,399,327,327,217
0,0,0,0,0,0,0,0,0,0,0,0,0,0,0,0,0,0,0,0,0,0,0,0,0,0,0,0,0,0,0,0,0,0,0,0,0,0,0,0,0,0,0,0,0,0,0,0,0,0,0,0,0,0,0,0,0,0,0,0,0,0,0,0,0,0,0,0,0,0,0,0,0,0,0,0,0,0,0,0,0,0,0,0,0,1,0,0,1,0,1,2,1,1,2,0,3,6,8,8,9,8,12,13,18,20,30,27,37,50,78,70,89,89,115,138,167,189,249,245,304,372,436,506,594,668,846,911,1042,1199,1302,1505,1712,1834,2031,2353,2644,2819,3082,3395,3610,3979,4272,4611,4889,5366,5638,6001,6247,6510,7166,7152,7622,7627,7827,8107,8378,8332,8280,8561,8597,8740,8393,8633,8455,8186,8250,8012,7986,7639,7796,7958,7909,7848,7778,7946,8038,8262,8643,8862,9141,9463,9911,10473,10862,11260,11680,12341,12756,13471,13705,14273,14569,14939,15144,15410,15875,15615,15965,15925,16026,15806,15695,15090,14966,14864,14411,14056,13692,13208,12655,11977,11433,11063,10221,9754,9145,8476,8043,7757,7181,6549,6277,5776,5568,5232,4793,4545,4269,4003,3999,3661,3523,3346,3296,3081,2976,2895,2857,2622,2635,2550,2473,2375,2256,2224,2241,2026,1983,2021,1911,1878,1762,1842,1723,1715,1589,1594,1470,1470,1482,1455,1479,1336,1347,1329,1318,1276,1244,1163,1174,1182,1067,1090,1088,1121,1085,1053,1052,935,916,868,894,932,806,824,761,761,793,722,674,637,613,573,530,467,411,372,308,211
0,0,0,0,0,0,0,0,0,0,0,0,0,0,0,0,0,0,0,0,0,0,0,0,0,0,0,0,0,0,0,0,0,0,0,0,0,0,0,0,0,0,0,0,0,0,0,0,0,0,0,0,0,0,0,0,0,0,0,0,0,0,0,0,0,0,0,0,0,0,0,0,0,0,0,0,0,0,0,0,0,0,0,0,1,0,1,0,0,1,0,1,1,0,0,2,3,1,7,4,4,8,4,15,16,23,24,21,33,36,45,63,69,86,124,93,162,167,192,233,315,341,350,436,534,582,725,793,911,998,1141,1207,1457,1578,1857,2126,2333,2548,2823,3142,3429,3731,4003,4272,4582,4899,5152,5582,5850,6406,6535,6984,7182,7381,7634,7901,8090,8169,8332,8443,8728,8343,8586,8568,8485,8570,8352,8268,8231,7989,8040,7883,7722,7663,7709,7865,7857,8086,8315,8538,8879,9126,9523,9883,10240,10829,11265,11791,12326,12876,13054,13615,14309,14660,14872,15276,15552,15725,16015,16187,16058,16003,15753,15891,15424,15370,14970,14358,14077,13536,13185,12473,12147,11420,10814,10259,9930,9174,8627,8166,7479,7191,6607,6101,5847,5520,5232,4995,4447,4386,4037,3841,3767,3494,3386,3201,3115,3035,2888,2806,2695,2582,2543,2473,2324,2289,2193,2117,2162,1998,1949,1892,1882,1827,1825,1680,1684,1676,1603,1526,1531,1482,1408,1402,1474,1327,1285,1323,1180,1263,1189,1182,1251,1180,1112,1103,1060,1023,966,995,1011,941,891,832,858,826,800,791,720,711,721,684,615,579,545,468,471,389,314,172
0,0,0,0,0,0,0,0,0,0,0,0,0,0,0,0,0,0,0,0,0,0,0,0,0,0,0,0,0,0,0,0,0,0,0,0,0,0,0,0,0,0,0,0,0,0,0,0,0,0,0,0,0,0,0,0,0,0,0,0,0,0,0,0,0,0,0,0,0,0,0,0,0,0,0,0,0,0,0,0,0,0,0,0,0,0,0,0,0,0,1,0,0,2,2,1,0,3,4,1,3,2,11,10,9,12,21,34,38,23,45,44,57,64,88,88,118,119,175,201,223,276,292,370,435,522,566,686,740,913,1011,1198,1276,1467,1579,1803,2091,2352,2469,2756,3071,3345,3648,3877,4383,4518,5010,5430,5726,5950,6268,6558,6824,7144,7378,7657,7771,8125,8195,8364,8496,8618,8479,8491,8597,8511,8394,8326,8290,8026,8091,8047,7759,7908,7644,7786,7913,7969,7990,8397,8538,8848,9086,9273,9847,10367,10943,11402,11720,12205,12676,13376,13876,14022,14543,14821,15341,15510,15594,16027,16013,16173,16211,16015,15774,15263,15406,15056,14781,14015,13669,13035,12574,11917,11464,11062,10264,9884,9263,8789,8161,7635,7040,6616,6333,5895,5458,5207,4898,4569,4406,4036,3913,3720,3659,3393,3302,3048,3104,2897,2789,2723,2583,2570,2435,2382,2264,2298,2080,2075,1928,1960,1947,1834,1748,1725,1770,1643,1691,1581,1533,1500,1518,1477,1364,1370,1345,1281,1319,1274,1235,1179,1248,1111,1160,1097,1085,991,1073,1033,991,950,961,922,848,830,888,748,771,695,687,706,631,566,546,511,442,462,302,216
0,0,0,0,0,0,0,0,0,0,0,0,0,0,0,0,0,0,0,0,0,0,0,0,0,0,0,0,0,0,0,0,0,0,0,0,0,0,0,0,0,0,0,0,0,0,0,0,0,0,0,0,0,0,0,0,0,0,0,0,0,0,0,0,0,0,0,0,0,0,0,0,0,0,0,0,0,0,0,0,0,0,0,0,0,0,0,0,0,0,0,0,0,1,0,4,2,1,1,0,5,5,4,6,19,18,13,18,20,21,29,40,42,51,63,84,100,109,133,158,186,220,277,307,359,442,487,533,707,734,904,999,1112,1248,1422,1561,1794,1995,2287,2558,2785,3074,3300,3616,3746,4228,4611,4966,5182,5586,5843,6281,6510,6888,7280,7522,7528,7866,8059,7984,8400,8419,8563,8478,8564,8543,8423,8498,8377,8347,8237,8246,8038,7852,7919,7794,7766,7912,8011,8109,8274,8445,8720,8992,9768,9748,10354,10665,11255,11761,12101,12559,13134,13792,14174,14656,15196,15343,15662,15821,16027,16169,16183,16113,16094,15823,15900,15358,14844,14575,14245,13833,13114,12673,12278,11586,11203,10702,9992,9258,8723,8150,7667,7109,6681,6283,5821,5558,5165,4859,4537,4266,4017,3880,3773,3605,3420,3249,3150,3008,2779,2742,2691,2565,2466,2413,2323,2235,2285,2181,2058,2088,1961,1889,1831,1832,1775,1739,1708,1644,1536,1464,1540,1399,1393,1376,1390,1317,1313,1311,1230,1169,1222,1196,1125,1057,1098,1023,1026,1022,1021,1039,974,916,857,871,825,840,766,719,683,670,615,601,597,469,479,424,276,205
0,0,0,0,0,0,0,0,0,0,0,0,0,0,0,0,0,0,0,0,0,0,0,0,0,0,0,0,0,0,0,0,0,0,0,0,0,0,0,0,0,0,0,0,0,0,0,0,0,0,0,0,0,0,0,0,0,0,0,0,0,0,0,0,0,0,0,0,0,0,0,0,0,0,0,0,0,0,0,0,0,0,0,0,0,0,0,0,0,0,0,0,0,0,1,0,1,1,0,4,2,7,2,2,2,9,17,17,10,17,21,28,39,49,44,46,69,89,102,146,172,174,215,273,313,367,415,521,606,676,722,822,998,1143,1266,1438,1600,1801,1956,2269,2497,2737,2975,3147,3624,3773,4122,4513,4925,5093,5629,5918,6077,6543,6840,7205,7257,7623,7767,8038,8298,8454,8419,8418,8487,8531,8503,8549,8390,8418,8257,8127,8068,8172,7919,7871,7766,7821,7952,8041,8238,8400,8525,8835,9066,9427,9774,10213,10786,11338,11824,12239,12724,13264,13865,14161,14709,15181,15296,15643,15585,16014,15894,16114,16581,16496,16228,15768,15302,14989,14868,14274,13764,13260,12918,12304,11738,11137,10692,9717,9266,8832,8298,7675,7144,6636,6329,5890,5471,5151,4827,4420,4282,4126,3864,3676,3509,3348,3250,3119,2950,2857,2786,2700,2550,2468,2470,2380,2281,2152,2101,2106,2049,1943,1958,1820,1809,1785,1700,1679,1632,1583,1594,1559,1459,1417,1365,1351,1306,1360,1250,1304,1210,1200,1140,1130,1134,989,1072,1033,1005,993,1013,935,906,864,845,781,784,782,681,640,633,613,527,521,451,389,300,205
0,0,0,0,0,0,0,0,0,0,0,0,0,0,0,0,0,0,0,0,0,0,0,0,0,0,0,0,0,0,0,0,0,0,0,0,0,0,0,0,0,0,0,0,0,0,0,0,0,0,0,0,0,0,0,0,0,0,0,0,0,0,0,0,0,0,0,0,0,0,0,0,0,0,0,0,0,0,0,0,0,0,0,0,0,1,0,0,0,0,0,0,1,1,0,0,0,2,1,2,3,2,1,3,6,12,6,3,9,18,18,34,31,38,47,45,61,75,92,124,134,158,175,217,253,297,342,464,467,598,678,714,914,988,1090,1145,1423,1553,1751,1947,2204,2445,2807,2917,3207,3539,3874,4229,4503,4795,5075,5512,5842,6164,6455,6876,7279,7387,7566,7947,8116,8091,8507,8441,8679,8692,8654,8653,8350,8534,8380,8302,8254,8262,8181,8191,7923,7765,7801,7814,7980,8036,8137,8481,8807,9057,9403,9721,10201,10902,11313,11832,12074,12779,13188,13889,14229,14362,15078,15528,15695,15855,16152,16197,16322,16191,15998,16012,15831,15483,15095,14862,14657,14003,13270,12766,12276,11856,10996,10562,9989,9552,8658,8314,7705,7189,6764,6174,5889,5500,5049,4894,4611,4294,4046,3985,3720,3516,3407,3248,3052,2989,2927,2813,2621,2586,2554,2453,2392,2273,2189,2125,2065,1916,1974,1955,1894,1820,1761,1608,1672,1623,1600,1507,1529,1489,1427,1410,1327,1327,1232,1255,1225,1129,1217,1174,1138,1066,1075,1034,986,949,921,954,904,909,845,821,784,772,716,698,605,592,544,477,463,403,285,212
0,0,0,0,0,0,0,0,0,0,0,0,0,0,0,0,0,0,0,0,0,0,0,0,0,0,0,0,0,0,0,0,0,0,0,0,0,0,0,0,0,0,0,0,0,0,0,0,0,0,0,0,0,0,0,0,0,0,0,0,0,0,0,0,0,0,0,0,0,0,0,0,0,0,0,0,0,0,0,0,0,0,0,0,0,0,0,0,0,0,0,1,0,2,0,0,0,0,4,0,2,1,0,1,6,2,6,13,8,19,21,23,12,35,35,36,42,64,61,78,93,141,156,191,218,251,338,320,393,457,606,643,734,835,928,1031,1183,1316,1558,1764,1972,2167,2390,2697,2901,3308,3542,3817,4106,4265,4626,5119,5441,5587,6135,6425,6734,7018,7401,7583,7885,8070,8245,8384,8459,8494,8484,8560,8693,8544,8488,8665,8214,8249,8221,8175,7985,7934,7928,7900,7721,7955,8027,8372,8574,8691,8876,9324,9983,10258,10583,11156,11648,12403,12577,13441,13964,14353,14648,15273,15516,15626,16153,16065,16269,16282,16224,16350,15879,15895,15683,15218,14829,14776,13890,13558,13016,12206,11734,11211,10452,10012,9471,8944,8328,7703,7278,6836,6422,5931,5509,5132,4913,4669,4166,4135,3964,3761,3589,3519,3147,3111,3030,3006,2757,2606,2686,2547,2419,2326,2234,2262,2129,2028,1993,1988,1887,1808,1832,1704,1711,1613,1604,1567,1501,1538,1472,1449,1344,1342,1367,1268,1218,1260,1185,1192,1081,1121,1038,1077,1042,1005,975,997,942,876,844,837,767,705,770,682,633,603,549,504,481,418,336,206
0,0,0,0,0,0,0,0,0,0,0,0,0,0,0,0,0,0,0,0,0,0,0,0,0,0,0,0,0,0,0,0,0,0,0,0,0,0,0,0,0,0,0,0,0,0,0,0,0,0,0,0,0,0,0,0,0,0,0,0,0,0,0,0,0,0,0,0,0,0,0,0,0,0,0,0,0,0,0,0,0,0,0,0,0,0,0,0,0,0,0,0,0,0,0,0,0,0,0,2,1,3,3,2,2,2,6,5,8,14,13,17,20,32,28,40,50,51,61,64,76,112,122,142,184,204,240,330,353,416,435,546,620,712,778,914,1059,1223,1421,1480,1684,1873,2222,2361,2603,2912,3259,3448,3783,4110,4385,4807,5058,5458,5760,5963,6462,6795,7188,7266,7639,8003,8075,8133,8462,8507,8720,8737,8606,8562,8565,8567,8529,8374,8277,8132,8066,7874,7906,7923,7910,7927,7959,8088,8383,8409,8661,8906,9370,9650,10246,10625,10922,11672,12209,12686,13242,13728,14221,14553,15208,15635,15758,15956,16199,16309,16339,16385,16258,16136,15962,15633,15421,14969,14691,14097,13683,13061,12706,11888,11379,10542,10260,9386,8865,8248,7753,7215,6709,6295,5908,5500,5272,4878,4529,4298,4015,3938,3809,3558,3402,3247,3279,3069,2949,2783,2646,2603,2554,2538,2275,2186,2163,2167,2051,1985,1918,1834,1833,1832,1761,1772,1639,1619,1525,1511,1511,1422,1418,1395,1366,1359,1273,1174,1198,1163,1186,1105,1156,1034,1076,1045,994,884,928,922,837,802,771,772,742,682,660,615,567,523,477,405,315,219
0,0,0,0,0,0,0,0,0,0,0,0,0,0,0,0,0,0,0,0,0,0,0,0,0,0,0,0,0,0,0,0,0,0,0,0,0,0,0,0,0,0,0,0,0,0,0,0,0,0,0,0,0,0,0,0,0,0,0,0,0,0,0,0,0,0,0,0,0,0,0,0,0,0,0,0,0,0,0,0,0,0,0,0,0,0,0,0,0,0,0,0,0,0,0,0,0,1,0,0,1,4,4,3,0,0,3,3,2,12,11,16,16,21,24,31,35,48,43,46,75,104,115,126,119,208,210,231,295,344,391,448,532,597,699,768,908,1052,1225,1300,1539,1673,1848,2151,2319,2618,2841,3154,3428,3732,4063,4399,4619,5150,5250,5716,6114,6303,6713,6904,7262,7585,7862,8061,8341,8196,8407,8514,8682,8510,8635,8727,8626,8401,8556,8296,8097,8148,7930,7885,7800,7904,7878,7977,8091,8347,8589,8698,8875,9414,9889,10084,10736,11093,11807,12079,12645,13138,13802,14116,14608,15199,15437,15832,15947,16326,16665,16595,16544,15996,16289,16099,15676,15580,15122,14685,14400,13694,13298,12647,11978,11293,10784,9933,9495,9168,8400,8046,7248,6834,6439,6086,5546,5253,4768,4719,4380,4193,3919,3641,3613,3442,3296,3117,2940,2887,2750,2696,2570,2481,2414,2333,2310,2117,2064,2052,1973,1946,1852,1772,1772,1630,1671,1704,1620,1547,1456,1515,1474,1363,1374,1267,1297,1299,1211,1218,1131,1140,1075,1096,1012,1091,1048,936,902,933,883,795,822,784,718,678,661,593,580,554,460,440,350,225
0,0,0,0,0,0,0,0,0,0,0,0,0,0,0,0,0,0,0,0,0,0,0,0,0,0,0,0,0,0,0,0,0,0,0,0,0,0,0,0,0,0,0,0,0,0,0,0,0,0,0,0,0,0,0,0,0,0,0,0,0,0,0,0,0,0,0,0,0,0,0,0,0,0,0,0,0,0,0,0,0,0,0,0,0,0,1,0,0,1,0,0,0,0,0,0,0,2,0,0,0,0,2,0,1,4,5,5,1,5,2,16,9,15,18,23,27,32,48,46,55,84,88,103,133,149,162,189,229,281,336,380,456,532,626,719,731,889,978,1141,1255,1504,1669,1891,2072,2287,2612,2816,3148,3422,3641,3931,4351,4649,5106,5325,5442,5917,6472,6685,6761,7224,7585,7813,7911,8120,8328,8511,8511,8529,8784,8733,8592,8837,8604,8443,8501,8303,8162,8176,8053,8171,8037,8011,7992,8196,8210,8454,8716,9049,9381,9529,10232,10434,11068,11627,12060,12530,13311,13674,14305,14605,15113,15210,15882,16266,16359,16389,16619,16568,16574,16440,15957,15869,15420,14975,14577,14211,13691,13218,12410,12056,11506,10739,10212,9650,9233,8533,7947,7475,6982,6441,5743,5637,5168,4952,4577,4169,4126,3952,3759,3609,3443,3275,3245,2992,2915,2741,2657,2567,2546,2425,2340,2241,2110,2181,2059,1958,1938,1880,1815,1819,1659,1722,1704,1534,1571,1535,1504,1475,1402,1321,1361,1323,1245,1251,1159,1223,1184,1043,1118,1081,1039,974,932,926,811,831,800,802,743,734,625,611,590,568,494,389,344,219
0,0,0,0,0,0,0,0,0,0,0,0,0,0,0,0,0,0,0,0,0,0,0,0,0,0,0,0,0,0,0,0,0,0,0,0,0,0,0,0,0,0,0,0,0,0,0,0,0,0,0,0,0,0,0,0,0,0,0,0,0,0,0,0,0,0,0,0,0,0,0,0,0,0,0,0,0,0,0,0,0,0,0,0,0,0,0,0,0,0,1,0,0,0,0,0,1,1,0,0,1,0,0,1,0,0,4,8,4,4,12,6,11,14,17,25,24,26,35,36,49,65,74,88,83,116,141,181,231,230,256,312,361,448,520,594,693,752,919,1038,1111,1274,1462,1542,1789,2097,2288,2579,2769,3066,3348,3676,3899,4236,4652,4801,5442,5530,5979,6304,6667,6913,7257,7492,7720,7990,8304,8434,8496,8656,8496,8705,8608,8632,8757,8757,8491,8464,8376,8181,8063,7936,7903,7810,7897,7991,8166,8473,8396,8676,8988,9194,9775,10098,10477,11000,11559,12105,12787,13233,13650,14164,14685,15199,15378,15877,16276,16219,16557,16772,16559,16475,16369,16231,15998,15740,15091,14882,14313,13729,13304,12641,12163,11590,11028,10325,9604,9106,8409,7912,7436,6883,6516,5932,5658,5164,4955,4593,4277,4156,3992,3822,3563,3399,3290,3132,2938,2925,2790,2705,2595,2425,2479,2349,2210,2178,2091,2027,2023,2011,1866,1860,1828,1723,1669,1683,1584,1589,1483,1464,1444,1412,1279,1288,1304,1240,1252,1170,1134,1167,1080,999,914,973,964,982,937,831,809,735,803,726,666,645,594,520,506,396,332,240
0,0,0,0,0,0,0,0,0,0,0,0,0,0,0,0,0,0,0,0,0,0,0,0,0,0,0,0,0,0,0,0,0,0,0,0,0,0,0,0,0,0,0,0,0,0,0,0,0,0,0,0,0,0,0,0,0,0,0,0,0,0,0,0,0,0,0,0,0,0,0,0,0,0,0,0,0,0,0,0,0,0,0,0,0,0,0,0,0,0,0,0,1,0,0,0,0,0,3,0,1,2,1,0,0,1,2,0,2,4,4,9,11,9,16,18,20,18,13,32,28,43,51,74,81,89,110,144,157,185,254,293,281,359,423,475,604,686,769,881,1045,1128,1374,1431,1562,1770,2014,2239,2550,2815,3034,3358,3706,3862,4343,4469,4880,5262,5689,5890,6304,6582,6840,7151,7538,7798,7909,8138,8139,8389,8405,8693,8823,8631,8714,8560,8500,8630,8515,8536,8386,8172,8150,7955,7911,7933,8101,8126,8285,8360,8567,8939,9373,9715,10167,10598,10863,11385,11880,12631,13275,13719,14248,14709,14968,15553,15967,16255,16414,16535,16951,16715,16760,16346,16123,16130,15841,15311,14729,14520,14050,13382,12824,12290,11844,10876,10486,9762,9272,8378,7849,7330,6844,6342,5968,5677,5161,4942,4530,4309,4257,3875,3716,3558,3291,3326,3183,3116,2873,2838,2631,2571,2513,2392,2303,2226,2160,2063,1988,2047,2006,1888,1850,1816,1672,1691,1542,1538,1517,1501,1471,1350,1386,1359,1311,1306,1252,1222,1213,1064,1078,1079,1036,1049,1022,898,900,866,828,776,772,730,696,657,582,561,525,417,365,229
0,0,0,0,0,0,0,0,0,0,0,0,0,0,0,0,0,0,0,0,0,0,0,0,0,0,0,0,0,0,0,0,0,0,0,0,0,0,0,0,0,0,0,0,0,0,0,0,0,0,0,0,0,0,0,0,0,0,0,0,0,0,0,0,0,0,0,0,0,0,0,0,0,0,0,0,0,0,0,0,0,0,0,0,0,0,0,1,0,0,0,0,0,0,0,1,0,0,0,1,1,1,0,1,0,2,1,0,3,5,6,1,6,9,11,12,18,14,30,22,21,32,34,56,57,75,94,105,160,127,186,222,246,294,342,400,480,563,614,746,853,970,1054,1219,1431,1635,1742,1967,2122,2455,2680,2922,3279,3527,3899,4213,4522,4989,5296,5538,5885,6183,6629,6814,7147,7611,7669,7899,8339,8341,8551,8658,8637,8750,8556,8663,8904,8728,8709,8515,8310,8389,8219,8286,7973,7995,8034,8151,8064,8211,8520,8608,8812,9313,9652,10019,10537,10942,11764,12084,12822,13069,13540,14091,14564,15095,15722,15784,16326,16148,16676,16946,16805,16649,16660,16528,16104,15546,15356,14784,14526,14119,13316,12930,12159,11882,11119,10303,9629,9127,8546,8020,7577,7132,6272,6110,5697,5248,4931,4702,4274,4166,3883,3572,3571,3409,3262,3171,2968,2926,2816,2674,2514,2516,2374,2297,2250,2157,2090,2034,2074,1983,1901,1759,1749,1737,1663,1586,1585,1567,1508,1413,1391,1400,1226,1288,1325,1195,1173,1234,1129,1108,1069,1014,1055,957,948,867,834,821,763,720,700,673,620,578,450,459,367,243
0,0,0,0,0,0,0,0,0,0,0,0,0,0,0,0,0,0,0,0,0,0,0,0,0,0,0,0,0,0,0,0,0,0,0,0,0,0,0,0,0,0,0,0,0,0,0,0,0,0,0,0,0,0,0,0,0,0,0,0,0,0,0,0,0,0,0,0,0,0,0,0,0,0,0,0,0,0,0,0,0,0,0,0,0,0,0,0,0,0,0,0,0,0,0,0,0,1,0,0,0,0,0,3,4,1,1,2,0,3,2,4,8,4,8,13,9,9,9,20,22,31,34,50,56,65,78,81,103,134,137,212,209,254,324,345,403,458,584,603,692,824,964,1098,1229,1434,1545,1721,1970,2188,2333,2680,2960,3133,3428,3791,4013,4564,4707,5184,5472,5828,6378,6490,6707,7040,7397,7634,8042,8077,8231,8381,8649,8775,8698,8644,8823,8776,8572,8625,8693,8376,8296,8160,8190,7926,7960,8137,8101,8187,8322,8399,8617,8858,9346,9578,9920,10564,10885,11332,12199,12498,13187,13578,14228,14775,15046,15502,15761,16277,16647,16999,16883,16982,16688,16638,16487,16292,15898,15487,14982,14660,14174,13494,12801,12321,11772,11081,10611,9918,9080,8574,7842,7488,7078,6506,6112,5701,5350,4979,4719,4478,4134,3965,3741,3633,3446,3317,3143,3007,2872,2800,2671,2631,2525,2436,2337,2332,2169,2130,2039,2004,1946,1856,1758,1742,1662,1616,1622,1585,1574,1457,1536,1344,1347,1313,1304,1272,1154,1248,1131,1137,1067,1048,1021,1028,939,914,876,814,793,748,745,704,624,603,495,432,376,236
0,0,0,0,0,0,0,0,0,0,0,0,0,0,0,0,0,0,0,0,0,0,0,0,0,0,0,0,0,0,0,0,0,0,0,0,0,0,0,0,0,0,0,0,0,0,0,0,0,0,0,0,0,0,0,0,0,0,0,0,0,0,0,0,0,0,0,0,0,0,0,0,0,0,0,0,0,0,0,0,0,0,0,0,0,0,0,0,0,0,0,0,0,0,0,0,1,1,0,1,0,0,1,0,0,1,0,0,0,2,4,4,2,2,6,7,9,13,17,12,18,23,27,37,43,54,63,89,79,111,146,147,156,208,250,307,325,390,448,494,634,714,798,935,1068,1186,1333,1477,1714,1940,2164,2386,2669,2877,3058,3491,3764,4159,4352,4715,5244,5377,5656,6144,6365,6870,7010,7195,7598,7833,7870,8384,8534,8834,8779,8820,8860,8660,8512,8711,8552,8689,8484,8340,8296,8327,8146,8007,8115,8174,8136,8215,8633,8603,8742,9219,9668,10018,10531,10972,11427,11962,12550,13312,13570,14100,14718,15168,15492,16007,16254,16894,16808,17042,16793,16846,16704,16450,16402,15869,15589,15201,14734,14080,13625,12908,12525,11689,11170,10568,9888,9290,8722,7996,7586,7124,6588,6050,5715,5303,5001,4698,4473,4124,3947,3819,3538,3346,3277,3166,3018,2891,2827,2774,2558,2431,2463,2300,2207,2193,2134,1994,1924,1918,1878,1823,1736,1653,1712,1577,1536,1533,1467,1437,1381,1366,1247,1328,1293,1275,1114,1166,1104,1090,1027,1017,977,914,899,823,764,727,741,727,708,559,523,440,397,246
0,0,0,0,0,0,0,0,0,0,0,0,0,0,0,0,0,0,0,0,0,0,0,0,0,0,0,0,0,0,0,0,0,0,0,0,0,0,0,0,0,0,0,0,0,0,0,0,0,0,0,0,0,0,0,0,0,0,0,0,0,0,0,0,0,0,0,0,0,0,0,0,0,0,0,0,0,0,0,0,0,0,0,0,0,0,0,0,0,0,0,0,0,0,0,0,0,0,0,0,0,0,0,0,2,1,1,1,1,1,3,2,3,2,3,5,5,12,9,14,14,15,28,17,27,51,55,65,71,77,109,156,138,172,194,232,281,308,382,406,508,554,657,873,863,1003,1206,1286,1438,1695,1956,2097,2291,2626,2851,3100,3538,3688,4122,4446,4617,5108,5485,5793,6055,6433,6887,7051,7321,7690,7845,8075,8319,8503,8595,8781,8983,8838,8934,8833,8598,8728,8636,8541,8240,8202,8050,8145,8150,8143,8049,8356,8237,8518,8831,8632,9294,9511,9842,10295,10665,11602,11956,12612,13060,13509,14083,14677,15286,15644,15773,16385,16949,16776,16998,16894,16661,16807,16748,16286,16111,15828,15261,14903,14497,13902,13032,12450,12153,11140,10415,9917,9348,8648,8240,7521,6994,6621,5989,5684,5414,4969,4775,4327,4192,3918,3791,3518,3486,3251,3195,2912,2952,2797,2699,2611,2504,2382,2329,2261,2214,2098,2060,1965,1924,1835,1715,1714,1686,1668,1512,1563,1478,1422,1380,1395,1316,1284,1232,1162,1255,1142,1147,1101,1025,946,950,938,864,902,849,830,745,685,620,600,566,448,384,267
0,0,0,0,0,0,0,0,0,0,0,0,0,0,0,0,0,0,0,0,0,0,0,0,0,0,0,0,0,0,0,0,0,0,0,0,0,0,0,0,0,0,0,0,0,0,0,0,0,0,0,0,0,0,0,0,0,0,0,0,0,0,0,0,0,0,0,0,0,0,0,0,0,0,0,0,0,0,0,0,0,0,0,0,0,0,0,0,0,0,0,0,0,0,0,0,0,0,0,0,0,0,0,1,0,2,0,1,1,1,2,2,1,3,4,3,4,6,16,12,15,11,13,20,34,30,42,50,59,79,93,93,131,144,176,196,247,291,301,365,421,494,558,650,767,885,991,1153,1218,1439,1555,1805,2071,2277,2503,2767,3122,3423,3639,3988,4396,4580,4987,5350,5658,6015,6259,6615,7113,7303,7605,7741,8133,8404,8329,8508,8670,8932,8726,8937,8899,8898,8708,8557,8859,8503,8354,8169,8090,8103,8236,8130,8276,8219,8376,8670,8905,9050,9519,9893,10268,10899,11364,11833,12494,13032,13479,14216,14719,15346,15699,15977,16579,16728,16801,17115,16974,16998,17136,16673,16364,16032,15987,15525,14756,14187,13813,13361,12605,12200,11299,10579,10131,9311,8773,8197,7604,7286,6529,5991,5799,5412,4906,4678,4503,4243,4075,3801,3571,3385,3341,3234,3015,2934,2766,2694,2518,2496,2430,2272,2315,2117,2109,1926,1987,1891,1846,1842,1695,1650,1603,1515,1608,1480,1465,1391,1418,1389,1296,1242,1180,1158,1104,1176,1069,1029,1011,915,950,869,819,810,743,707,630,570,579,456,386,271
0,0,0,0,0,0,0,0,0,0,0,0,0,0,0,0,0,0,0,0,0,0,0,0,0,0,0,0,0,0,0,0,0,0,0,0,0,0,0,0,0,0,0,0,0,0,0,0,0,0,0,0,0,0,0,0,0,0,0,0,0,0,0,0,0,0,0,0,0,0,0,0,0,0,0,0,0,0,0,0,0,0,0,0,0,0,0,0,0,0,0,0,0,0,0,0,0,0,0,0,0,0,0,0,1,0,1,0,3,0,2,1,1,4,3,2,4,4,5,14,9,14,18,17,22,21,33,38,49,55,68,79,110,120,107,201,179,218,267,282,376,418,506,585,682,728,879,957,1083,1218,1449,1603,1773,2028,2173,2399,2712,2994,3414,3500,3952,4232,4506,4866,5180,5530,5940,6258,6481,6846,7254,7663,7899,8021,8423,8447,8513,8739,8796,8956,8998,9038,8819,8697,9002,8793,8501,8232,8170,8297,8234,7881,8114,8229,8274,8497,8675,8956,9157,9462,9945,10263,10914,11220,12033,12442,13046,13675,14179,14732,15329,15437,16257,16349,16692,16998,17156,17092,17149,17065,17253,16849,16138,15965,15434,15170,14538,13790,13433,12447,12037,11487,10569,10018,9472,8872,8110,7623,7143,6595,6204,5854,5284,4937,4663,4226,4314,3919,3781,3646,3479,3270,3155,3084,3092,2788,2676,2601,2579,2332,2161,2243,2162,2064,2079,1946,1948,1867,1755,1711,1655,1581,1587,1537,1502,1411,1437,1410,1301,1243,1225,1180,1115,1141,1094,1083,922,999,941,906,866,813,707,764,647,588,572,472,368,240
0,0,0,0,0,0,0,0,0,0,0,0,0,0,0,0,0,0,0,0,0,0,0,0,0,0,0,0,0,0,0,0,0,0,0,0,0,0,0,0,0,0,0,0,0,0,0,0,0,0,0,0,0,0,0,0,0,0,0,0,0,0,0,0,0,0,0,0,0,0,0,0,0,0,0,0,0,0,0,0,0,0,0,0,0,0,0,0,0,0,0,0,0,0,0,0,0,0,0,0,0,0,0,0,0,0,1,0,0,0,3,0,2,2,3,1,1,5,4,5,5,6,15,8,17,17,25,31,42,37,57,83,84,97,101,132,166,242,213,243,302,384,406,480,581,670,731,843,948,1084,1202,1402,1571,1707,1952,2272,2483,2654,2915,3260,3551,3924,4246,4420,4854,5235,5531,5977,6283,6686,6970,7084,7498,7655,8009,8133,8519,8414,8792,8844,8880,8882,8792,8893,8752,8881,8585,8598,8373,8222,8322,8168,8179,8206,8262,8340,8407,8661,9052,9036,9450,9753,10409,10859,11346,11845,12577,12999,13527,14059,14652,15348,15549,16075,16445,16890,17031,17115,17115,17313,17222,16844,16852,16713,16322,15542,15382,14626,13929,13545,12731,11987,11391,10712,10100,9620,8711,8118,7700,7114,6739,6111,5783,5349,5077,4692,4409,4156,3933,3890,3584,3477,3312,3095,2984,2814,2856,2662,2602,2474,2414,2275,2229,2189,2095,1982,1943,1874,1772,1802,1740,1719,1582,1579,1468,1474,1438,1348,1374,1335,1274,1283,1228,1139,1138,1099,1033,980,943,917,815,852,813,739,666,599,558,537,372,255
0,0,0,0,0,0,0,0,0,0,0,0,0,0,0,0,0,0,0,0,0,0,0,0,0,0,0,0,0,0,0,0,0,0,0,0,0,0,0,0,0,0,0,0,0,0,0,0,0,0,0,0,0,0,0,0,0,0,0,0,0,0,0,0,0,0,0,0,0,0,0,0,0,0,0,0,0,0,0,0,0,0,0,0,0,0,0,0,0,0,0,0,0,0,0,0,0,0,0,0,0,0,0,0,0,0,1,1,0,0,2,1,2,0,1,4,0,4,4,4,11,6,10,7,13,17,16,24,30,25,43,48,67,76,87,106,117,121,190,233,266,295,360,407,450,549,636,725,843,941,1051,1185,1331,1543,1721,1876,2118,2402,2613,2891,3142,3587,3847,4138,4480,4797,5144,5587,5688,6147,6500,6925,7167,7462,7794,7949,8352,8505,8646,8677,8733,8938,8923,8947,8809,8864,8659,8715,8525,8434,8248,8340,8413,8259,8298,8473,8498,8410,8626,8834,8941,9424,9913,10504,10702,11300,11845,12399,12896,13641,14225,14748,15037,15514,16356,16411,16895,17043,17070,17365,17507,17123,17066,16779,16364,16283,15743,15331,14663,13892,13500,12942,12171,11503,10829,10102,9648,8951,8360,7782,7222,6700,6222,5988,5400,5070,4657,4380,4332,4020,3761,3613,3488,3308,3191,3050,2799,2832,2731,2601,2409,2410,2218,2222,2158,2077,2019,1973,1944,1715,1831,1667,1648,1537,1565,1498,1429,1386,1386,1366,1366,1272,1101,1156,1095,1149,1069,982,1005,952,888,824,781,737,695,707,542,498,392,244
0,0,0,0,0,0,0,0,0,0,0,0,0,0,0,0,0,0,0,0,0,0,0,0,0,0,0,0,0,0,0,0,0,0,0,0,0,0,0,0,0,0,0,0,0,0,0,0,0,0,0,0,0,0,0,0,0,0,0,0,0,0,0,0,0,0,0,0,0,0,0,0,0,0,0,0,0,0,0,0,0,0,0,0,0,0,0,0,0,0,0,0,0,0,0,0,0,0,0,0,0,0,0,0,1,0,1,0,0,0,1,0,2,0,2,2,2,3,3,3,4,8,7,8,9,19,22,16,23,30,39,33,51,57,76,94,93,130,151,204,201,239,265,364,402,461,538,609,690,765,912,1028,1200,1419,1517,1595,1854,2059,2343,2487,2802,3137,3404,3739,4062,4366,4747,5101,5419,5794,6082,6498,6954,7064,7612,7553,7935,8345,8297,8639,8806,8837,8820,8969,8946,9187,8979,8831,8651,8628,8359,8483,8390,8316,8314,8074,8281,8391,8583,8688,8690,9079,9343,9807,10142,10677,11379,11777,12230,12835,13561,14004,14622,15397,15704,16270,16678,16938,17070,17270,17439,17569,17094,16974,16968,16714,16194,15832,15455,14872,14285,13767,12828,12398,11670,10896,10313,9562,8988,8207,7842,7258,6645,6267,5818,5514,4965,4638,4457,4242,4049,3900,3641,3535,3338,3131,3036,2852,2851,2715,2594,2508,2365,2359,2247,2119,2095,2083,1925,1922,1805,1796,1712,1641,1517,1551,1537,1449,1410,1416,1371,1322,1254,1182,1128,1073,1053,1024,986,944,874,822,800,770,681,657,557,483,397,254
0,0,0,0,0,0,0,0,0,0,0,0,0,0,0,0,0,0,0,0,0,0,0,0,0,0,0,0,0,0,0,0,0,0,0,0,0,0,0,0,0,0,0,0,0,0,0,0,0,0,0,0,0,0,0,0,0,0,0,0,0,0,0,0,0,0,0,0,0,0,0,0,0,0,0,0,0,0,0,0,0,0,0,0,0,0,0,0,0,0,0,0,0,0,0,0,0,0,0,0,0,0,0,0,0,0,0,0,0,0,1,0,0,1,1,0,2,4,2,3,4,9,4,9,16,9,13,18,19,22,23,46,36,40,53,74,84,102,104,137,160,207,255,251,318,372,452,523,635,638,719,852,930,1143,1315,1476,1620,1857,1997,2364,2595,2754,3095,3404,3679,3919,4404,4783,5027,5277,5775,6122,6524,6785,7132,7269,7671,7964,8346,8476,8716,8876,8862,8932,8849,9154,8992,9068,8894,8873,8585,8698,8497,8477,8275,8342,8360,8169,8372,8534,8602,8766,9139,9507,9576,10046,10578,11067,11679,12295,12829,13673,14109,14740,14934,15825,16521,16649,16845,17154,17475,17335,17608,17416,16945,16974,16321,16312,15915,15546,14817,14451,13656,13052,12453,11715,10891,10442,9641,8938,8616,7883,7326,6728,6322,5882,5421,5149,4682,4543,4325,4010,3794,3632,3430,3244,3188,2985,2905,2763,2636,2590,2578,2401,2303,2234,2142,1993,2028,1944,1859,1784,1837,1749,1690,1620,1594,1460,1458,1394,1366,1294,1304,1269,1122,1141,1093,1052,956,970,899,800,845,743,713,683,571,517,399,258
0,0,0,0,0,0,0,0,0,0,0,0,0,0,0,0,0,0,0,0,0,0,0,0,0,0,0,0,0,0,0,0,0,0,0,0,0,0,0,0,0,0,0,0,0,0,0,0,0,0,0,0,0,0,0,0,0,0,0,0,0,0,0,0,0,0,0,0,0,0,0,0,0,0,0,0,0,0,0,0,0,0,0,0,0,0,0,0,0,0,0,0,0,0,0,0,0,0,0,0,0,0,0,0,0,0,0,1,0,0,1,0,0,0,0,1,1,0,1,4,3,3,7,6,9,9,6,16,12,17,27,36,32,42,50,61,68,83,111,99,124,175,174,205,249,309,401,443,535,563,663,723,917,921,1135,1279,1394,1598,1762,1964,2226,2498,2740,2934,3277,3623,3832,4177,4608,4938,5269,5587,6180,6420,6592,7134,7284,7670,7992,8327,8376,8576,8823,9037,8960,8916,9238,9224,9015,8887,8931,8788,8553,8490,8386,8416,8397,8309,8160,8304,8565,8562,8673,9064,9414,9818,10232,10805,11284,11814,12302,12701,13620,14024,14702,15007,15799,16072,16567,16734,17063,17497,17695,17380,17604,17500,17109,16509,16434,16150,15587,15240,14382,13904,13308,12794,11861,11152,10353,9706,9046,8599,7963,7174,6800,6267,5781,5404,5163,4798,4573,4422,3969,3823,3489,3480,3304,3245,3059,2945,2748,2648,2647,2460,2265,2251,2292,2072,2082,1921,1926,1850,1720,1786,1723,1587,1571,1539,1490,1425,1361,1337,1283,1218,1212,1150,1089,1068,988,990,944,864,849,806,719,672,611,491,426,294
0,0,0,0,0,0,0,0,0,0,0,0,0,0,0,0,0,0,0,0,0,0,0,0,0,0,0,0,0,0,0,0,0,0,0,0,0,0,0,0,0,0,0,0,0,0,0,0,0,0,0,0,0,0,0,0,0,0,0,0,0,0,0,0,0,0,0,0,0,0,0,0,0,0,0,0,0,0,0,0,0,0,0,0,0,0,0,0,0,0,0,0,0,0,0,0,0,0,0,0,0,0,0,0,0,0,0,0,0,0,0,0,0,0,1,0,0,2,2,3,1,1,3,3,4,13,8,12,11,17,21,16,21,27,54,52,65,76,70,114,102,116,155,191,204,251,279,370,421,521,552,628,706,864,982,1063,1214,1412,1513,1752,2001,2172,2362,2768,3006,3273,3456,3882,4183,4536,5006,5173,5606,5919,6181,6648,6982,7326,7662,7884,8244,8473,8637,8719,9120,8900,9168,8880,9105,8998,9057,8770,8767,8739,8518,8422,8326,8423,8368,8283,8283,8636,8560,8773,9083,9272,9576,10067,10675,10886,11821,12226,12844,13600,14053,14645,15294,15737,16066,16430,17085,17284,17349,17632,17628,17793,17475,17155,17080,16532,16051,15926,15066,14617,14099,13298,12596,11909,11269,10567,9821,9395,8520,7980,7177,6677,6297,5762,5495,5122,4891,4646,4251,4051,3887,3665,3501,3260,3204,3076,2838,2735,2724,2590,2508,2408,2243,2209,2164,2025,1986,1862,1959,1872,1757,1538,1691,1543,1518,1438,1440,1385,1242,1286,1202,1240,1113,1118,1067,1002,921,892,851,827,785,662,638,550,423,296
0,0,0,0,0,0,0,0,0,0,0,0,0,0,0,0,0,0,0,0,0,0,0,0,0,0,0,0,0,0,0,0,0,0,0,0,0,0,0,0,0,0,0,0,0,0,0,0,0,0,0,0,0,0,0,0,0,0,0,0,0,0,0,0,0,0,0,0,0,0,0,0,0,0,0,0,0,0,0,0,0,0,0,0,0,0,0,0,0,0,0,0,0,0,0,0,0,0,0,0,0,0,0,0,0,0,0,0,0,1,0,0,0,0,1,0,0,0,1,3,2,0,1,3,3,7,5,4,11,10,21,13,21,20,26,33,45,54,53,87,80,119,140,144,189,204,261,259,365,397,415,540,630,690,809,964,1069,1182,1368,1459,1687,1783,2125,2421,2643,2868,3045,3463,3735,4118,4492,4780,5108,5479,5789,6091,6612,6920,7269,7607,7944,8129,8566,8455,8722,8854,8923,9025,9112,9239,9209,8906,8937,8830,8706,8796,8585,8334,8362,8439,8185,8463,8596,8589,8852,9015,9446,9690,10220,10420,11215,11623,12218,12715,13439,13858,14725,15295,15756,16324,16610,16950,17410,17468,17665,17612,17728,17669,17516,17180,16893,16305,15934,15314,14561,14166,13429,12876,11961,11346,10485,10002,9304,8454,7749,7400,6954,6406,5907,5553,5172,4735,4653,4222,4037,3793,3620,3457,3258,3246,3092,2899,2777,2771,2585,2525,2407,2269,2240,2129,1990,1951,1851,1926,1798,1749,1608,1552,1519,1465,1482,1328,1430,1272,1307,1200,1141,1144,1044,1023,986,901,904,794,800,716,631,558,472,303
0,0,0,0,0,0,0,0,0,0,0,0,0,0,0,0,0,0,0,0,0,0,0,0,0,0,0,0,0,0,0,0,0,0,0,0,0,0,0,0,0,0,0,0,0,0,0,0,0,0,0,0,0,0,0,0,0,0,0,0,0,0,0,0,0,0,0,0,0,0,0,0,0,0,0,0,0,0,0,0,0,0,0,0,0,0,0,0,0,0,0,0,0,0,0,0,0,0,0,0,0,0,0,0,0,0,0,0,0,0,0,0,0,1,0,0,1,1,1,0,0,1,2,1,2,1,7,4,6,13,10,15,17,22,27,28,31,41,43,61,79,89,122,120,120,188,218,243,282,349,395,469,521,587,678,793,885,1063,1166,1383,1467,1684,1808,2093,2319,2563,2782,3008,3390,3636,4041,4528,4614,5120,5473,5804,6106,6306,7045,7124,7431,7774,7976,8428,8596,8848,9043,9139,9129,9227,9074,9316,9024,9091,9015,8899,8776,8648,8433,8321,8384,8448,8566,8525,8603,8852,8845,9289,9700,9995,10572,10856,11650,12284,12662,13406,13772,14648,15143,15598,16311,16646,16975,17540,17710,17775,17976,18030,17547,17736,17197,16894,16281,15974,15442,14615,14289,13384,12966,12149,11356,10579,9962,9345,8490,7992,7359,6958,6394,6024,5515,5123,4854,4493,4252,4045,3844,3708,3529,3412,3150,3050,2852,2742,2703,2600,2511,2341,2248,2224,2108,2002,1923,1860,1864,1748,1713,1669,1653,1529,1469,1455,1407,1309,1328,1234,1169,1197,1114,1028,1002,965,895,810,780,712,684,597,442,259
0,0,0,0,0,0,0,0,0,0,0,0,0,0,0,0,0,0,0,0,0,0,0,0,0,0,0,0,0,0,0,0,0,0,0,0,0,0,0,0,0,0,0,0,0,0,0,0,0,0,0,0,0,0,0,0,0,0,0,0,0,0,0,0,0,0,0,0,0,0,0,0,0,0,0,0,0,0,0,0,0,0,0,0,0,0,0,0,0,0,0,0,0,0,0,0,0,0,0,0,0,0,0,0,0,0,0,0,0,0,0,0,0,0,0,0,0,2,1,1,1,0,1,0,1,2,4,3,10,5,13,10,9,20,23,28,28,23,32,38,66,61,69,102,134,135,163,193,238,260,309,360,405,498,537,631,717,839,978,1035,1261,1416,1601,1787,2043,2265,2474,2750,3045,3300,3659,3927,4365,4695,4978,5503,5809,6008,6487,6824,7070,7492,7896,8089,8310,8531,8693,8873,8872,9149,9111,9306,9166,9074,9144,9105,8989,8898,8856,8743,8387,8422,8236,8554,8463,8587,8866,8974,9285,9693,10088,10395,11053,11409,12049,12737,13255,14035,14735,15148,15656,16376,16769,17213,17338,17813,17908,17816,18242,17957,17613,17201,17000,16613,16215,15454,15017,14413,13640,12850,12126,11419,10795,9972,9424,8695,8221,7527,6970,6397,5875,5400,5201,4818,4524,4316,4014,3819,3757,3440,3311,3172,3054,2953,2850,2607,2506,2519,2306,2276,2224,2056,2046,1936,1963,1849,1706,1741,1589,1558,1504,1442,1422,1355,1268,1274,1190,1154,1110,1067,1017,975,915,843,828,689,652,582,470,287
0,0,0,0,0,0,0,0,0,0,0,0,0,0,0,0,0,0,0,0,0,0,0,0,0,0,0,0,0,0,0,0,0,0,0,0,0,0,0,0,0,0,0,0,0,0,0,0,0,0,0,0,0,0,0,0,0,0,0,0,0,0,0,0,0,0,0,0,0,0,0,0,0,0,0,0,0,0,0,0,0,0,0,0,0,0,0,0,0,0,0,0,0,0,0,0,0,0,0,0,0,0,0,0,0,0,0,0,0,0,0,0,0,0,0,0,0,0,0,1,0,2,3,1,1,2,4,1,5,6,2,7,8,16,16,15,23,30,30,40,53,64,59,73,88,104,141,168,202,243,280,264,353,402,478,598,625,726,822,981,1084,1222,1409,1608,1731,1935,2270,2448,2722,2943,3260,3578,3809,4232,4657,4918,5271,5544,5965,6404,6681,7027,7386,7914,7915,8325,8572,8890,9045,9063,9054,9206,9459,9198,9141,9108,9112,8917,8835,8727,8464,8605,8427,8386,8403,8467,8577,8844,8963,9299,9490,10112,10401,10937,11305,12185,12686,13325,14098,14649,15301,15769,16545,16623,17361,17401,17681,18249,18143,18107,17832,17796,17535,17214,16777,16013,15794,15124,14554,13791,13149,12333,11468,10907,9986,9445,8761,7971,7273,6953,6472,5979,5397,5126,4809,4465,4382,4018,3849,3761,3445,3381,3178,3075,2854,2801,2611,2502,2460,2377,2330,2125,2097,2021,1937,1794,1884,1761,1697,1620,1615,1515,1492,1357,1366,1276,1265,1149,1150,1084,1074,964,901,901,810,784,700,603,456,329
0,0,0,0,0,0,0,0,0,0,0,0,0,0,0,0,0,0,0,0,0,0,0,0,0,0,0,0,0,0,0,0,0,0,0,0,0,0,0,0,0,0,0,0,0,0,0,0,0,0,0,0,0,0,0,0,0,0,0,0,0,0,0,0,0,0,0,0,0,0,0,0,0,0,0,0,0,0,0,0,0,0,0,0,0,0,0,0,0,0,0,0,0,0,0,0,0,0,0,0,0,0,0,0,0,0,0,0,0,0,0,0,0,0,0,0,0,0,0,0,0,1,2,1,0,1,1,2,4,1,7,3,7,17,9,8,15,23,30,26,30,46,54,88,64,87,96,112,181,185,235,234,296,384,388,450,537,611,731,796,939,1051,1216,1302,1581,1673,1943,2150,2343,2677,2955,3176,3531,3764,4163,4502,4859,5224,5448,5927,6307,6715,7030,7356,7565,8054,8124,8443,8669,8896,9182,9143,9185,9166,9293,9320,8988,9135,9034,8986,8823,8564,8636,8497,8637,8666,8617,8690,8802,8861,9244,9484,10060,10418,10749,11493,12014,12541,13344,14009,14650,15392,15634,16493,16831,17210,17613,18040,18175,18043,18227,17833,17999,17941,17393,16887,16665,15856,15389,14519,13628,13225,12498,11761,10932,10280,9313,8667,7953,7308,6950,6551,5981,5474,5119,4868,4625,4297,3978,3823,3632,3572,3288,3184,3083,2926,2778,2640,2565,2384,2354,2345,2152,2037,1993,1960,1823,1830,1748,1654,1603,1588,1501,1479,1363,1334,1178,1226,1163,1138,1075,1013,947,882,813,766,643,587,487,318
0,0,0,0,0,0,0,0,0,0,0,0,0,0,0,0,0,0,0,0,0,0,0,0,0,0,0,0,0,0,0,0,0,0,0,0,0,0,0,0,0,0,0,0,0,0,0,0,0,0,0,0,0,0,0,0,0,0,0,0,0,0,0,0,0,0,0,0,0,0,0,0,0,0,0,0,0,0,0,0,0,0,0,0,0,0,0,0,0,0,0,0,0,0,0,0,0,0,0,0,0,0,0,0,0,0,0,0,0,0,0,0,0,0,0,0,0,0,0,1,0,0,1,0,0,1,1,1,0,1,3,3,3,4,10,12,15,6,14,27,38,34,47,59,67,59,62,98,122,153,171,203,211,322,320,376,445,513,582,690,843,899,946,1183,1295,1530,1683,1864,2091,2364,2477,2813,3058,3506,3777,4046,4498,4742,5122,5569,5813,6246,6494,6895,7346,7357,7909,8199,8258,8576,8743,9126,9256,9597,9247,9349,9357,9250,9165,9037,8898,8898,8697,8783,8470,8681,8478,8611,8481,8844,9045,9203,9517,10091,10153,10773,11462,12119,12620,13132,13954,14514,14975,15875,16159,16820,17381,17785,17855,18436,18271,18372,18171,18118,18002,17669,17166,16684,16048,15443,14829,14156,13251,12601,11587,11084,10364,9557,8695,8020,7464,6975,6477,6048,5634,5078,4671,4606,4284,4181,4018,3679,3484,3221,3185,3035,2922,2686,2620,2531,2407,2343,2246,2194,2105,2032,1881,1821,1742,1734,1655,1529,1491,1486,1411,1389,1258,1181,1179,1123,1163,1092,984,905,887,829,711,576,487,361
0,0,0,0,0,0,0,0,0,0,0,0,0,0,0,0,0,0,0,0,0,0,0,0,0,0,0,0,0,0,0,0,0,0,0,0,0,0,0,0,0,0,0,0,0,0,0,0,0,0,0,0,0,0,0,0,0,0,0,0,0,0,0,0,0,0,0,0,0,0,0,0,0,0,0,0,0,0,0,0,0,0,0,0,0,0,0,0,0,0,0,0,0,0,0,0,0,0,0,0,0,0,0,0,0,0,0,0,0,0,0,0,0,0,0,0,0,0,0,0,0,0,0,0,1,0,1,2,0,1,2,1,3,2,5,11,13,12,16,18,23,27,36,37,54,55,62,79,93,111,119,171,195,223,286,325,363,406,502,566,607,775,876,951,1113,1246,1368,1627,1853,2014,2233,2525,2811,3073,3376,3694,4043,4264,4684,5106,5432,5706,6194,6602,6917,7287,7415,7977,8179,8341,8612,8780,8864,9190,9162,9305,9339,9334,9330,9114,9189,9078,9016,8840,8749,8708,8506,8614,8467,8648,8679,8866,9125,9569,9882,10407,10817,11329,11738,12521,13260,13897,14659,15319,15791,16441,16855,17336,17563,18129,18292,18669,18443,18328,18438,18098,17569,17103,16904,16041,15610,14742,14004,13272,12525,12082,11192,10461,9549,8811,8170,7766,7015,6497,6144,5530,5270,4795,4656,4419,4097,3997,3637,3490,3351,3168,3004,2871,2835,2696,2614,2460,2306,2274,2128,2050,1955,1872,1774,1760,1710,1666,1605,1560,1486,1304,1262,1281,1248,1117,1086,1075,1007,910,854,818,737,610,475,317
0,0,0,0,0,0,0,0,0,0,0,0,0,0,0,0,0,0,0,0,0,0,0,0,0,0,0,0,0,0,0,0,0,0,0,0,0,0,0,0,0,0,0,0,0,0,0,0,0,0,0,0,0,0,0,0,0,0,0,0,0,0,0,0,0,0,0,0,0,0,0,0,0,0,0,0,0,0,0,0,0,0,0,0,0,0,0,0,0,0,0,0,0,0,0,0,0,0,0,0,0,0,0,0,0,0,0,0,0,0,0,0,0,0,0,0,0,0,0,0,0,0,1,0,1,1,1,0,4,0,2,0,5,6,3,5,8,10,15,15,9,24,15,23,43,51,44,57,69,87,112,156,165,188,223,287,315,341,404,473,557,612,697,833,930,1122,1159,1380,1618,1695,1884,2175,2478,2666,2878,3332,3508,4031,4303,4554,5086,5267,5700,6099,6498,6777,7275,7376,7843,8076,8413,8763,8857,9155,9317,9424,9164,9612,9270,9361,9377,9159,9073,9071,8909,8857,8731,8804,8594,8547,8637,8716,8889,9121,9362,9846,10038,10755,11284,11944,12313,13263,13847,14734,15289,15626,16275,17002,17321,18035,18172,18336,18556,18512,18374,18344,18096,17874,17366,16991,16231,15680,14989,14069,13554,12848,11961,11041,10458,9656,9116,8243,7613,7092,6571,6028,5549,5150,4943,4569,4413,4154,3919,3694,3530,3297,3187,3016,2946,2691,2641,2548,2435,2338,2209,2094,2104,2015,1809,1877,1703,1700,1643,1498,1532,1423,1434,1288,1280,1184,1143,1085,971,935,896,837,719,638,523,342
0,0,0,0,0,0,0,0,0,0,0,0,0,0,0,0,0,0,0,0,0,0,0,0,0,0,0,0,0,0,0,0,0,0,0,0,0,0,0,0,0,0,0,0,0,0,0,0,0,0,0,0,0,0,0,0,0,0,0,0,0,0,0,0,0,0,0,0,0,0,0,0,0,0,0,0,0,0,0,0,0,0,0,0,0,0,0,0,0,0,0,0,0,0,0,0,0,0,0,0,0,0,0,0,0,0,0,0,0,0,0,0,0,0,0,0,0,0,0,0,0,0,0,1,0,1,0,1,2,2,2,0,1,2,2,4,8,7,7,8,22,23,16,20,26,31,48,40,65,67,77,104,123,149,164,218,229,278,334,391,431,542,589,680,765,884,1028,1223,1334,1543,1774,1941,2031,2382,2580,2835,3259,3462,3786,4210,4523,4940,5255,5542,5951,6386,6908,7091,7534,7673,8105,8270,8568,8792,9276,9227,9248,9494,9463,9269,9523,9531,9247,9258,9288,8616,8976,8735,8790,8606,8700,8819,8686,8869,9241,9175,9683,10310,10836,11216,11733,12450,13151,13624,14493,15233,15662,16504,16839,17588,17800,18272,18521,19033,18739,18697,18365,18285,18086,17630,17000,16416,15747,14833,14317,13670,12871,11982,11353,10506,9636,9064,8280,7560,7090,6612,6097,5654,5179,5008,4611,4439,4162,3935,3625,3621,3304,3204,3008,2860,2764,2628,2554,2318,2289,2191,2121,2054,1983,1919,1757,1696,1696,1646,1566,1503,1454,1331,1244,1263,1185,1121,1047,977,924,814,721,627,532,354
0,0,0,0,0,0,0,0,0,0,0,0,0,0,0,0,0,0,0,0,0,0,0,0,0,0,0,0,0,0,0,0,0,0,0,0,0,0,0,0,0,0,0,0,0,0,0,0,0,0,0,0,0,0,0,0,0,0,0,0,0,0,0,0,0,0,0,0,0,0,0,0,0,0,0,0,0,0,0,0,0,0,0,0,0,0,0,0,0,0,0,0,0,0,0,0,0,0,0,0,0,0,0,0,0,0,0,0,0,0,0,0,0,0,0,0,0,0,1,0,2,0,0,0,0,0,2,0,0,1,1,3,0,2,1,1,2,2,7,11,12,17,21,24,16,23,39,50,43,48,75,85,97,87,166,164,187,247,263,295,393,397,497,555,678,744,853,987,1105,1236,1516,1653,1828,2025,2238,2542,2838,3120,3387,3766,4046,4384,4843,5244,5546,5872,6267,6608,6887,7284,7727,8007,8355,8465,8884,9031,9162,9490,9348,9493,9470,9542,9449,9388,9144,9137,9059,8956,9167,8747,8694,8584,8605,8765,8890,9115,9522,9954,10075,10707,11189,11723,12359,13085,13657,14206,15078,15677,16349,16809,17637,17822,18622,18427,18614,18967,18839,18714,18591,18284,17901,17221,16516,16081,15348,14502,13821,12855,12019,11431,10601,9962,8985,8406,7754,7203,6646,6036,5635,5236,4913,4716,4418,4113,3927,3735,3549,3274,3252,3029,2885,2803,2563,2512,2436,2300,2209,2073,2043,1943,1899,1860,1700,1707,1625,1543,1452,1359,1367,1257,1152,1127,1054,1028,952,849,784,631,550,337
0,0,0,0,0,0,0,0,0,0,0,0,0,0,0,0,0,0,0,0,0,0,0,0,0,0,0,0,0,0,0,0,0,0,0,0,0,0,0,0,0,0,0,0,0,0,0,0,0,0,0,0,0,0,0,0,0,0,0,0,0,0,0,0,0,0,0,0,0,0,0,0,0,0,0,0,0,0,0,0,0,0,0,0,0,0,0,0,0,0,0,0,0,0,0,0,0,0,0,0,0,0,0,0,0,0,0,0,0,0,0,0,0,0,0,0,0,0,0,0,0,0,0,0,1,0,0,0,2,0,1,0,3,2,1,5,3,2,7,7,6,14,14,15,14,22,31,28,31,56,64,67,73,85,90,130,162,206,228,275,286,332,436,468,509,635,713,824,1020,1155,1223,1366,1524,1791,1988,2198,2433,2712,3024,3376,3688,3863,4316,4734,5104,5579,5751,6324,6540,6981,7226,7506,7992,8224,8524,8897,8951,9107,9594,9457,9478,9554,9479,9764,9451,9388,9373,8988,9088,9036,8866,8717,8772,8729,8928,9032,9053,9358,9825,10035,10465,10939,11869,12381,13054,13472,14267,14841,15670,16403,17116,17825,18136,18365,18659,18632,19028,19052,18831,18593,18401,17735,17451,16677,16271,15676,14614,14087,12962,12218,11339,10443,9909,9054,8519,7901,7210,6561,6136,5685,5311,5035,4611,4463,4154,3850,3632,3562,3245,3143,2929,2877,2757,2668,2492,2435,2212,2157,2084,2018,2054,1784,1826,1744,1584,1575,1492,1402,1384,1296,1266,1199,1047,1028,995,895,806,657,581,373
0,0,0,0,0,0,0,0,0,0,0,0,0,0,0,0,0,0,0,0,0,0,0,0,0,0,0,0,0,0,0,0,0,0,0,0,0,0,0,0,0,0,0,0,0,0,0,0,0,0,0,0,0,0,0,0,0,0,0,0,0,0,0,0,0,0,0,0,0,0,0,0,0,0,0,0,0,0,0,0,0,0,0,0,0,0,0,0,0,0,0,0,0,0,0,0,0,0,0,0,0,0,0,0,0,0,0,0,0,0,0,0,0,0,0,0,0,0,0,0,1,0,0,0,0,0,1,0,0,0,2,1,0,0,1,1,2,3,3,3,4,6,8,14,15,19,25,13,25,39,44,48,70,66,87,124,124,128,191,226,260,305,335,400,445,524,637,694,756,921,1074,1190,1408,1543,1739,1943,2168,2374,2659,2875,3195,3439,3870,4258,4588,4917,5320,5680,6121,6543,6878,7265,7647,7964,8282,8333,8768,9094,9166,9238,9576,9369,9524,9612,9646,9377,9600,9346,9298,9180,8946,8916,8780,9012,9024,8702,8959,9210,9458,9701,10010,10549,11102,11739,12242,12922,13546,14226,15277,15632,16317,17107,17685,18014,18596,18594,18859,19118,19149,18965,18848,18568,18005,17826,17058,16383,15489,14788,13991,13159,12381,11464,10597,10019,9022,8516,7839,7126,6597,6079,5614,5368,4992,4667,4413,4148,3871,3696,3479,3194,3102,2985,2896,2727,2641,2558,2442,2334,2210,2080,1998,2025,1889,1696,1690,1628,1577,1509,1424,1318,1246,1226,1121,1073,971,915,805,762,584,376
0,0,0,0,0,0,0,0,0,0,0,0,0,0,0,0,0,0,0,0,0,0,0,0,0,0,0,0,0,0,0,0,0,0,0,0,0,0,0,0,0,0,0,0,0,0,0,0,0,0,0,0,0,0,0,0,0,0,0,0,0,0,0,0,0,0,0,0,0,0,0,0,0,0,0,0,0,0,0,0,0,0,0,0,0,0,0,0,0,0,0,0,0,0,0,0,0,0,0,0,0,0,0,0,0,0,0,0,0,0,0,0,0,0,0,0,0,0,0,0,0,0,0,0,0,0,1,0,0,1,0,1,0,1,1,0,2,4,2,0,7,2,11,13,12,10,12,19,19,35,28,39,45,52,79,94,100,120,124,167,184,230,266,321,369,465,503,600,658,732,864,1002,1157,1279,1478,1678,1844,1960,2315,2502,2785,3189,3421,3701,4179,4559,4986,5166,5729,5949,6188,6738,7077,7584,7798,8239,8452,8891,9161,9301,9653,9460,9639,9620,9577,9781,9610,9595,9387,9344,9243,8945,9092,8933,8916,8649,8902,9208,9212,9355,9799,10129,10456,10969,11525,12162,12970,13591,14071,14867,15774,16281,16989,17580,18140,18161,18888,18930,19079,19198,19233,18895,18634,18185,17748,17513,16484,15771,15065,14250,13402,12556,11604,10830,9891,9154,8532,7978,7090,6734,6272,5772,5348,4955,4612,4348,4133,3891,3717,3550,3323,3168,2950,2888,2792,2508,2450,2373,2249,2292,2084,2026,1922,1862,1700,1738,1628,1576,1470,1390,1324,1239,1183,1043,986,947,825,730,603,403
0,0,0,0,0,0,0,0,0,0,0,0,0,0,0,0,0,0,0,0,0,0,0,0,0,0,0,0,0,0,0,0,0,0,0,0,0,0,0,0,0,0,0,0,0,0,0,0,0,0,0,0,0,0,0,0,0,0,0,0,0,0,0,0,0,0,0,0,0,0,0,0,0,0,0,0,0,0,0,0,0,0,0,0,0,0,0,0,0,0,0,0,0,0,0,0,0,0,0,0,0,0,0,0,0,0,0,0,0,0,0,0,0,0,0,0,0,0,0,0,0,0,0,0,0,0,0,0,0,0,0,0,1,1,1,1,0,1,1,1,4,3,1,6,8,13,10,16,18,28,35,35,30,50,49,63,70,95,116,137,163,181,222,255,318,306,412,484,541,631,760,810,935,1127,1239,1473,1605,1812,2031,2150,2464,2769,3054,3476,3726,4034,4427,4815,4931,5438,5824,6255,6489,7009,7471,7899,8030,8346,8713,8919,9107,9334,9508,9596,9561,9660,9658,9701,9632,9651,9336,9171,9174,8967,9154,8908,8988,8917,9117,9193,9456,9595,10037,10443,10920,11557,11915,12624,13475,14205,14878,15807,16425,17155,17869,18313,18451,18925,19209,19189,19291,19331,19123,19054,18500,17940,17424,16884,15909,15357,14448,13578,12488,11833,11143,10085,9222,8532,7942,7351,7000,6226,5721,5327,4912,4656,4434,4053,3942,3771,3486,3197,3160,2998,2817,2764,2582,2401,2402,2220,2128,2048,1951,1954,1778,1739,1652,1623,1543,1375,1385,1238,1160,1150,1040,936,883,757,637,400
0,0,0,0,0,0,0,0,0,0,0,0,0,0,0,0,0,0,0,0,0,0,0,0,0,0,0,0,0,0,0,0,0,0,0,0,0,0,0,0,0,0,0,0,0,0,0,0,0,0,0,0,0,0,0,0,0,0,0,0,0,0,0,0,0,0,0,0,0,0,0,0,0,0,0,0,0,0,0,0,0,0,0,0,0,0,0,0,0,0,0,0,0,0,0,0,0,0,0,0,0,0,0,0,0,0,0,0,0,0,0,0,0,0,0,0,0,0,0,0,0,0,0,0,0,0,0,0,0,0,0,0,1,0,1,3,1,0,1,0,4,1,5,3,11,9,8,11,10,13,20,26,37,43,37,52,54,77,85,107,111,150,188,186,246,278,305,356,437,521,568,692,792,927,1055,1158,1330,1492,1755,1959,2117,2432,2695,2839,3282,3580,3896,4306,4657,5106,5455,5818,6139,6504,6906,7168,7692,7881,8323,8659,8903,9177,9356,9348,9556,9616,9681,9856,9790,9612,9500,9487,9351,9255,9177,9096,8997,8903,9052,9028,9089,9532,9529,9957,10358,10777,11547,12063,12806,13602,14175,14962,15486,16445,17255,17773,18283,18754,19147,19316,19366,19544,19512,19280,19218,18540,18296,17419,17092,16286,15481,14478,13572,12965,11880,11045,10133,9540,8640,7991,7303,6642,6181,5802,5324,5007,4623,4468,4195,3957,3811,3471,3258,3150,3003,2895,2677,2601,2491,2286,2312,2086,2049,2001,1883,1828,1743,1660,1515,1440,1380,1272,1262,1200,1096,953,939,799,600,381
0,0,0,0,0,0,0,0,0,0,0,0,0,0,0,0,0,0,0,0,0,0,0,0,0,0,0,0,0,0,0,0,0,0,0,0,0,0,0,0,0,0,0,0,0,0,0,0,0,0,0,0,0,0,0,0,0,0,0,0,0,0,0,0,0,0,0,0,0,0,0,0,0,0,0,0,0,0,0,0,0,0,0,0,0,0,0,0,0,0,0,0,0,0,0,0,0,0,0,0,0,0,0,0,0,0,0,0,0,0,0,0,0,0,0,0,0,0,0,0,0,0,0,0,0,0,0,0,0,0,0,1,0,1,1,0,3,2,2,1,0,3,4,3,1,5,7,8,10,9,16,15,21,26,32,36,52,68,78,83,91,93,140,166,209,257,265,343,371,430,481,562,639,746,925,964,1099,1285,1438,1609,1926,1926,2273,2647,2798,3124,3459,3717,4209,4449,5013,5312,5760,6065,6523,6928,7224,7661,7857,8301,8666,8984,9195,9423,9647,9683,9777,9789,10002,9901,9830,9820,9575,9331,9434,9346,9125,8987,8957,9084,9060,9081,9583,9579,10037,10392,10737,11280,12041,12700,13286,14047,14882,15800,16294,16930,17716,18149,18806,19204,19417,19431,19660,19497,19456,19102,18799,18263,17754,16871,16514,15460,14789,13751,12996,12188,11007,10275,9603,8745,8105,7218,6831,6270,5787,5530,5047,4730,4375,4168,3975,3775,3544,3344,3158,3008,2898,2673,2543,2434,2292,2188,2190,1992,1923,1833,1772,1591,1633,1540,1496,1373,1260,1140,1109,991,935,759,638,421
0,0,0,0,0,0,0,0,0,0,0,0,0,0,0,0,0,0,0,0,0,0,0,0,0,0,0,0,0,0,0,0,0,0,0,0,0,0,0,0,0,0,0,0,0,0,0,0,0,0,0,0,0,0,0,0,0,0,0,0,0,0,0,0,0,0,0,0,0,0,0,0,0,0,0,0,0,0,0,0,0,0,0,0,0,0,0,0,0,0,0,0,0,0,0,0,0,0,0,0,0,0,0,0,0,0,0,0,0,0,0,0,0,0,0,0,0,0,0,0,0,0,0,0,0,0,0,0,0,0,0,0,0,1,0,0,0,2,0,1,2,0,2,2,2,4,4,6,11,7,5,19,18,20,26,31,39,45,53,58,79,76,117,103,155,180,194,254,328,346,423,478,564,650,669,893,945,1114,1220,1393,1471,1763,2034,2247,2557,2812,3039,3311,3621,4134,4485,4799,5098,5668,5883,6254,6855,7178,7561,7934,8188,8590,8812,9053,9305,9745,9572,9744,9882,9938,9733,9854,9631,9687,9518,9548,9291,9199,9147,9032,8954,9071,9199,9474,9805,9992,10303,10699,11479,11701,12423,13326,14050,14649,15567,16169,16953,17710,18329,18704,19238,19677,19780,19844,19937,19461,19474,19206,18781,18172,17258,16521,15655,14714,13847,13261,12199,11309,10524,9661,8746,8104,7517,6810,6350,5698,5457,5081,4710,4537,4253,4032,3726,3582,3359,3025,3040,2839,2652,2466,2328,2375,2216,2154,2074,1895,1876,1774,1612,1530,1406,1427,1342,1236,1141,1059,931,786,618,448
0,0,0,0,0,0,0,0,0,0,0,0,0,0,0,0,0,0,0,0,0,0,0,0,0,0,0,0,0,0,0,0,0,0,0,0,0,0,0,0,0,0,0,0,0,0,0,0,0,0,0,0,0,0,0,0,0,0,0,0,0,0,0,0,0,0,0,0,0,0,0,0,0,0,0,0,0,0,0,0,0,0,0,0,0,0,0,0,0,0,0,0,0,0,0,0,0,0,0,0,0,0,0,0,0,0,0,0,0,0,0,0,0,0,0,0,0,0,0,0,0,0,0,0,0,0,0,0,0,0,0,0,0,1,0,0,0,2,0,2,1,2,1,1,2,4,4,5,4,3,9,7,19,11,15,22,25,27,28,64,56,70,82,91,122,132,167,197,236,261,333,348,418,500,596,694,765,913,1059,1161,1327,1538,1718,1964,2148,2385,2631,2960,3247,3489,3956,4199,4770,5037,5643,5737,6254,6640,6972,7526,7785,8249,8768,8745,9303,9228,9449,9598,9672,9925,9840,10103,9841,9955,9878,9701,9656,9344,9389,9096,9291,9247,9095,9094,9164,9495,9945,10355,10735,11322,11775,12380,13117,13999,14945,15650,16308,17088,17611,18226,19086,19376,19798,19917,19756,19946,19838,19720,19246,18575,18246,17628,16727,15887,14978,14162,13261,12395,11685,10402,9445,8794,8033,7542,6880,6328,5963,5472,5067,4676,4376,4101,4040,3713,3421,3299,3120,2909,2841,2681,2656,2460,2429,2238,2090,1951,1883,1730,1693,1657,1549,1440,1314,1274,1236,1080,1038,846,677,461
0,0,0,0,0,0,0,0,0,0,0,0,0,0,0,0,0,0,0,0,0,0,0,0,0,0,0,0,0,0,0,0,0,0,0,0,0,0,0,0,0,0,0,0,0,0,0,0,0,0,0,0,0,0,0,0,0,0,0,0,0,0,0,0,0,0,0,0,0,0,0,0,0,0,0,0,0,0,0,0,0,0,0,0,0,0,0,0,0,0,0,0,0,0,0,0,0,0,0,0,0,0,0,0,0,0,0,0,0,0,0,0,0,0,0,0,0,0,0,0,0,0,0,0,0,0,0,0,0,0,0,0,0,0,0,0,0,0,0,1,1,0,2,2,1,2,3,7,4,6,8,7,7,9,15,23,17,22,27,31,35,57,65,83,111,108,127,169,190,239,297,315,364,417,518,512,655,729,894,976,1147,1291,1427,1624,1905,2024,2276,2619,2823,3194,3383,3938,4118,4583,4934,5382,5661,6092,6523,7059,7426,7706,8066,8448,8780,9013,9267,9548,9841,9947,9895,10113,10007,9848,10002,10063,9625,9535,9499,9598,9395,9203,9159,9265,9329,9437,9558,9912,10120,10657,11050,11749,12352,13149,13751,14778,15405,16028,16808,17628,18276,19116,19335,19876,20096,19983,20232,20379,20075,19176,19077,18635,17896,16918,15947,15162,14453,13665,12168,11683,10437,9723,8953,8171,7463,6728,6280,5865,5499,4996,4711,4491,4177,4046,3685,3485,3273,3118,2977,2839,2663,2521,2486,2303,2241,2138,1962,1887,1706,1747,1596,1559,1365,1344,1203,1091,1020,926,697,461
0,0,0,0,0,0,0,0,0,0,0,0,0,0,0,0,0,0,0,0,0,0,0,0,0,0,0,0,0,0,0,0,0,0,0,0,0,0,0,0,0,0,0,0,0,0,0,0,0,0,0,0,0,0,0,0,0,0,0,0,0,0,0,0,0,0,0,0,0,0,0,0,0,0,0,0,0,0,0,0,0,0,0,0,0,0,0,0,0,0,0,0,0,0,0,0,0,0,0,0,0,0,0,0,0,0,0,0,0,0,0,0,0,0,0,0,0,0,0,0,0,0,0,0,0,0,0,0,0,0,0,0,0,0,0,0,0,0,0,0,1,1,2,2,2,0,1,2,6,4,3,4,7,8,12,7,25,14,15,28,35,41,53,55,77,87,107,113,173,162,191,227,256,331,416,484,527,658,689,815,866,989,1207,1358,1512,1806,2105,2249,2487,2732,2908,3382,3681,4010,4412,4752,5295,5598,5917,6436,6857,7179,7738,7979,8571,8684,8869,9246,9319,9895,9946,9860,10187,10233,10107,10059,9924,10156,9762,9565,9595,9412,9417,9270,9411,9412,9433,9732,9874,10055,10639,11087,11702,12191,12995,13771,14507,15200,15980,16954,17887,18125,18852,19346,19809,20274,20200,20421,20202,20236,19907,19307,18958,18007,17279,16336,15524,14492,13732,12532,11451,10608,9804,8757,8274,7454,7039,6561,5868,5395,5186,4814,4435,4247,3900,3777,3462,3331,3076,3043,2822,2640,2514,2364,2294,2184,2081,1952,1770,1760,1706,1556,1450,1353,1235,1215,1000,877,747,456
0,0,0,0,0,0,0,0,0,0,0,0,0,0,0,0,0,0,0,0,0,0,0,0,0,0,0,0,0,0,0,0,0,0,0,0,0,0,0,0,0,0,0,0,0,0,0,0,0,0,0,0,0,0,0,0,0,0,0,0,0,0,0,0,0,0,0,0,0,0,0,0,0,0,0,0,0,0,0,0,0,0,0,0,0,0,0,0,0,0,0,0,0,0,0,0,0,0,0,0,0,0,0,0,0,0,0,0,0,0,0,0,0,0,0,0,0,0,0,0,0,0,0,0,0,0,0,0,0,0,0,0,0,0,0,0,0,0,0,1,0,0,0,1,1,1,2,0,2,2,4,2,5,10,6,12,11,17,19,19,23,18,30,42,48,78,89,100,111,156,169,203,201,242,320,388,396,508,574,672,779,901,984,1186,1341,1465,1673,1899,2150,2409,2629,2950,3316,3591,3799,4261,4604,5007,5404,5821,6333,6599,7124,7324,7925,8348,8777,8797,9173,9369,9776,9977,9985,10122,10230,10201,10019,10202,10044,9872,9677,9495,9436,9292,9389,9422,9293,9541,9649,9902,9993,10565,11112,11398,12240,13225,13663,14427,15410,16202,16789,17586,18171,19251,19730,19999,20224,20574,20491,20403,20448,20036,19420,19173,18195,17511,16536,15949,14721,13666,12789,11728,10728,9984,9100,8466,7615,7010,6443,5969,5349,5142,4628,4577,4209,3941,3746,3531,3358,3184,2944,2801,2667,2562,2345,2297,2106,1958,1904,1863,1662,1603,1546,1499,1274,1189,1040,895,754,541
0,0,0,0,0,0,0,0,0,0,0,0,0,0,0,0,0,0,0,0,0,0,0,0,0,0,0,0,0,0,0,0,0,0,0,0,0,0,0,0,0,0,0,0,0,0,0,0,0,0,0,0,0,0,0,0,0,0,0,0,0,0,0,0,0,0,0,0,0,0,0,0,0,0,0,0,0,0,0,0,0,0,0,0,0,0,0,0,0,0,0,0,0,0,0,0,0,0,0,0,0,0,0,0,0,0,0,0,0,0,0,0,0,0,0,0,0,0,0,0,0,0,0,0,0,0,0,0,0,0,0,0,0,0,0,0,0,0,0,1,0,0,0,1,1,1,1,0,1,3,2,4,4,3,4,8,14,19,13,13,17,20,33,43,40,62,59,65,87,143,120,127,170,220,247,292,349,386,467,560,626,758,849,968,1100,1199,1410,1614,1792,2085,2252,2509,2850,3122,3447,3768,4165,4577,4847,5233,5708,6062,6614,6937,7297,7799,8169,8561,9037,9054,9384,9584,9762,10058,10218,10154,10233,10152,10306,10283,9933,9753,9776,9652,9565,9665,9549,9449,9394,9696,9817,10124,10555,11019,11568,12228,12990,13624,14485,15348,16066,16747,17785,18535,18998,19484,20434,20402,20616,20882,20944,20414,20223,19859,19183,18241,17583,16790,16005,14829,13751,12870,11872,11035,9971,9089,8299,7729,7007,6504,5967,5515,5141,4769,4418,4061,3868,3798,3574,3307,3150,2973,2829,2620,2547,2361,2251,2176,1932,1868,1710,1735,1577,1405,1372,1214,1143,927,779,533
0,0,0,0,0,0,0,0,0,0,0,0,0,0,0,0,0,0,0,0,0,0,0,0,0,0,0,0,0,0,0,0,0,0,0,0,0,0,0,0,0,0,0,0,0,0,0,0,0,0,0,0,0,0,0,0,0,0,0,0,0,0,0,0,0,0,0,0,0,0,0,0,0,0,0,0,0,0,0,0,0,0,0,0,0,0,0,0,0,0,0,0,0,0,0,0,0,0,0,0,0,0,0,0,0,0,0,0,0,0,0,0,0,0,0,0,0,0,0,0,0,0,0,0,0,0,0,0,0,0,0,0,0,0,0,0,0,0,0,0,0,0,0,0,1,0,0,1,1,2,2,3,2,1,6,10,5,8,7,14,17,16,23,23,37,34,37,51,83,78,90,123,140,171,186,217,265,310,347,434,546,609,676,799,916,1014,1227,1309,1537,1682,1974,2148,2357,2577,2964,3320,3648,3996,4351,4836,5218,5550,5951,6513,6783,7215,7658,8199,8391,8837,9167,9322,9670,9916,10011,10233,10287,10434,10405,10407,10232,10212,9934,9947,9508,9583,9674,9481,9435,9382,9627,9969,10047,10541,10944,11576,12216,12869,13777,14195,15238,16019,16718,17521,18671,19310,19773,20365,20445,20749,20838,21054,20743,20292,20162,19561,18589,17641,16866,16069,15160,13975,13065,12118,11225,10092,9286,8344,7807,6974,6549,6000,5572,5274,4670,4462,4181,4005,3731,3545,3309,3102,2969,2838,2656,2498,2340,2178,2095,1925,1862,1740,1696,1533,1413,1289,1099,960,766,526
0,0,0,0,0,0,0,0,0,0,0,0,0,0,0,0,0,0,0,0,0,0,0,0,0,0,0,0,0,0,0,0,0,0,0,0,0,0,0,0,0,0,0,0,0,0,0,0,0,0,0,0,0,0,0,0,0,0,0,0,0,0,0,0,0,0,0,0,0,0,0,0,0,0,0,0,0,0,0,0,0,0,0,0,0,0,0,0,0,0,0,0,0,0,0,0,0,0,0,0,0,0,0,0,0,0,0,0,0,0,0,0,0,0,0,0,0,0,0,0,0,0,0,0,0,0,0,0,0,0,0,0,0,0,0,0,0,0,0,0,0,0,0,0,1,0,1,1,1,1,1,0,1,2,4,5,3,4,12,10,13,15,14,17,29,37,35,51,61,59,70,75,108,126,165,164,205,274,303,330,427,440,533,659,743,835,1017,1159,1256,1467,1657,1834,2123,2374,2611,2821,3171,3462,3844,4182,4545,4964,5380,5836,6384,6680,7213,7594,7918,8501,8765,9054,9269,9759,9970,10066,10249,10336,10562,10423,10490,10201,10158,10019,10011,9918,9773,9655,9717,9524,9409,9938,9853,10042,10486,10856,11425,11878,12773,13372,14282,15140,16122,16915,17568,18216,19297,19838,20361,20776,20885,21287,21122,21121,20672,20346,19722,19042,18340,17078,16545,15349,14045,13112,12168,11079,10027,9488,8403,7687,7013,6466,6128,5488,5195,4835,4572,4190,3993,3739,3569,3246,3106,2996,2798,2628,2360,2264,2194,2062,1926,1798,1651,1537,1445,1326,1251,1013,869,530
0,0,0,0,0,0,0,0,0,0,0,0,0,0,0,0,0,0,0,0,0,0,0,0,0,0,0,0,0,0,0,0,0,0,0,0,0,0,0,0,0,0,0,0,0,0,0,0,0,0,0,0,0,0,0,0,0,0,0,0,0,0,0,0,0,0,0,0,0,0,0,0,0,0,0,0,0,0,0,0,0,0,0,0,0,0,0,0,0,0,0,0,0,0,0,0,0,0,0,0,0,0,0,0,0,0,0,0,0,0,0,0,0,0,0,0,0,0,0,0,0,0,0,0,0,0,0,0,0,0,0,0,0,0,0,0,0,0,0,0,0,0,0,0,0,0,2,0,0,0,0,0,2,0,3,0,5,7,6,6,11,11,12,15,14,19,27,27,30,51,57,68,90,95,134,147,138,211,223,271,324,372,476,500,575,680,807,936,1049,1177,1411,1519,1780,1907,2198,2420,2818,3084,3375,3746,4019,4478,4846,5343,5495,6133,6544,6875,7389,7745,8346,8564,9032,9299,9676,9866,10030,10139,10411,10615,10427,10569,10377,10390,10179,10098,10068,9895,9725,9620,9655,9548,9766,9768,10201,10517,10824,11451,11938,12478,13469,14237,15051,15893,16808,17892,18618,19092,19949,20277,20926,21251,21191,21571,21545,20847,20515,19918,19262,18514,17439,16661,15708,14364,13190,12397,11337,10334,9150,8552,7713,7239,6586,5957,5653,5346,4735,4572,4373,3995,3675,3584,3268,3071,2910,2741,2575,2468,2228,2135,2071,1880,1709,1743,1521,1422,1138,1084,917,558
0,0,0,0,0,0,0,0,0,0,0,0,0,0,0,0,0,0,0,0,0,0,0,0,0,0,0,0,0,0,0,0,0,0,0,0,0,0,0,0,0,0,0,0,0,0,0,0,0,0,0,0,0,0,0,0,0,0,0,0,0,0,0,0,0,0,0,0,0,0,0,0,0,0,0,0,0,0,0,0,0,0,0,0,0,0,0,0,0,0,0,0,0,0,0,0,0,0,0,0,0,0,0,0,0,0,0,0,0,0,0,0,0,0,0,0,0,0,0,0,0,0,0,0,0,0,0,0,0,0,0,0,0,0,0,0,0,0,0,0,0,0,0,0,0,0,1,0,1,1,0,1,1,0,0,2,5,2,7,3,13,2,7,10,14,15,25,22,27,42,50,54,64,81,102,110,128,142,178,209,258,268,333,414,482,607,580,749,834,1016,1149,1267,1451,1629,1789,2092,2377,2650,2941,3238,3616,3902,4253,4744,5256,5478,5980,6328,6961,7267,7781,8028,8566,8925,9295,9458,9899,10003,10328,10325,10456,10704,10351,10671,10538,10235,10363,9935,10026,9781,9770,9606,9757,9595,9754,10003,10479,10933,11208,12062,12460,13319,14081,14694,15724,16783,17700,18561,19081,19782,20438,21090,21363,21694,21831,21214,21368,20749,20147,19594,18669,18130,16889,15980,14676,13560,12229,11462,10533,9580,8639,7919,7324,6640,6052,5574,5246,4866,4719,4306,3905,3806,3527,3286,3100,2870,2763,2501,2457,2303,2250,1982,1783,1733,1571,1461,1296,1134,918,625
0,0,0,0,0,0,0,0,0,0,0,0,0,0,0,0,0,0,0,0,0,0,0,0,0,0,0,0,0,0,0,0,0,0,0,0,0,0,0,0,0,0,0,0,0,0,0,0,0,0,0,0,0,0,0,0,0,0,0,0,0,0,0,0,0,0,0,0,0,0,0,0,0,0,0,0,0,0,0,0,0,0,0,0,0,0,0,0,0,0,0,0,0,0,0,0,0,0,0,0,0,0,0,0,0,0,0,0,0,0,0,0,0,0,0,0,0,0,0,0,0,0,0,0,0,0,0,0,0,0,0,0,0,0,0,0,0,0,0,0,0,0,0,0,0,0,0,0,0,1,0,1,0,0,0,0,2,2,2,3,3,1,9,7,16,8,12,16,27,23,42,40,42,71,71,67,93,107,146,170,188,260,305,305,348,450,567,626,696,812,953,1055,1197,1393,1522,1810,2011,2177,2379,2762,3135,3384,3749,4105,4510,4981,5416,5880,6268,6554,7113,7608,7938,8456,8910,8961,9438,9889,10034,10311,10440,10534,10561,10612,10632,10708,10586,10224,10284,10250,10264,9789,9833,9728,9840,9961,10183,10279,10680,11134,11893,12465,13387,14122,14813,15747,16610,17570,18453,19448,20015,20548,20943,21352,21694,21780,21924,21602,21225,20492,19876,18994,18124,17068,15975,14891,13952,12583,11706,10465,9601,8670,7983,7191,6660,6129,5672,5270,4877,4550,4225,3890,3737,3489,3293,3186,2920,2714,2554,2399,2268,2029,2028,1774,1628,1493,1334,1187,949,623
0,0,0,0,0,0,0,0,0,0,0,0,0,0,0,0,0,0,0,0,0,0,0,0,0,0,0,0,0,0,0,0,0,0,0,0,0,0,0,0,0,0,0,0,0,0,0,0,0,0,0,0,0,0,0,0,0,0,0,0,0,0,0,0,0,0,0,0,0,0,0,0,0,0,0,0,0,0,0,0,0,0,0,0,0,0,0,0,0,0,0,0,0,0,0,0,0,0,0,0,0,0,0,0,0,0,0,0,0,0,0,0,0,0,0,0,0,0,0,0,0,0,0,0,0,0,0,0,0,0,0,0,0,0,0,0,0,0,0,0,0,0,0,0,0,0,0,0,1,0,0,1,0,0,0,1,0,3,2,0,1,3,8,5,4,7,8,9,22,24,19,31,36,44,53,81,85,100,120,141,148,178,202,237,298,341,457,478,599,645,745,858,920,1158,1314,1470,1603,1961,2168,2361,2749,2976,3265,3641,3954,4339,4806,5274,5483,5887,6438,6948,7331,7848,8403,8721,9262,9237,9609,10268,10251,10448,10687,10753,10762,10896,10617,10482,10549,10331,10377,10100,10098,9968,10214,9813,10127,10104,10563,10680,11126,11840,12342,12969,13899,14857,15699,16588,17665,18464,19273,19973,20907,21039,21265,21723,22060,22033,21664,21392,20908,20145,19383,18476,17425,16384,15153,14157,12896,11560,10620,9696,8729,7985,7399,6701,6199,5776,5243,4882,4472,4189,4002,3733,3486,3194,3011,2827,2701,2501,2309,2260,2088,1907,1804,1546,1454,1203,949,660
0,0,0,0,0,0,0,0,0,0,0,0,0,0,0,0,0,0,0,0,0,0,0,0,0,0,0,0,0,0,0,0,0,0,0,0,0,0,0,0,0,0,0,0,0,0,0,0,0,0,0,0,0,0,0,0,0,0,0,0,0,0,0,0,0,0,0,0,0,0,0,0,0,0,0,0,0,0,0,0,0,0,0,0,0,0,0,0,0,0,0,0,0,0,0,0,0,0,0,0,0,0,0,0,0,0,0,0,0,0,0,0,0,0,0,0,0,0,0,0,0,0,0,0,0,0,0,0,0,0,0,0,0,0,0,0,0,0,0,0,0,0,0,0,0,0,0,0,0,0,0,2,2,0,0,0,0,0,2,1,0,2,3,3,4,4,8,12,12,20,10,14,23,32,33,49,59,70,73,83,110,134,155,215,202,284,340,410,440,532,603,707,797,950,1018,1214,1422,1569,1811,2041,2307,2513,2900,3115,3478,3850,4249,4630,5147,5507,5859,6503,6860,7136,7621,8102,8679,9067,9307,9617,10018,10421,10443,10689,10616,10732,10753,10905,10727,10573,10767,10442,10252,10249,10116,9879,9811,10099,10113,10460,10484,11141,11734,12406,12985,13900,14361,15378,16775,17617,18495,19433,20076,20732,21254,21857,22262,22736,22135,21831,21573,21318,20700,19650,18579,17569,16369,15259,14266,12932,11962,10799,9687,8886,8134,7339,6806,6212,5712,5433,4966,4672,4242,3912,3713,3398,3280,2983,2784,2623,2365,2261,2101,1985,1814,1633,1474,1292,1055,683
0,0,0,0,0,0,0,0,0,0,0,0,0,0,0,0,0,0,0,0,0,0,0,0,0,0,0,0,0,0,0,0,0,0,0,0,0,0,0,0,0,0,0,0,0,0,0,0,0,0,0,0,0,0,0,0,0,0,0,0,0,0,0,0,0,0,0,0,0,0,0,0,0,0,0,0,0,0,0,0,0,0,0,0,0,0,0,0,0,0,0,0,0,0,0,0,0,0,0,0,0,0,0,0,0,0,0,0,0,0,0,0,0,0,0,0,0,0,0,0,0,0,0,0,0,0,0,0,0,0,0,0,0,0,0,0,0,0,0,0,0,0,0,0,0,0,0,0,0,0,0,0,0,2,0,0,0,0,0,1,0,0,4,2,6,3,5,10,6,12,16,13,20,21,35,34,55,64,74,68,88,111,134,131,200,211,231,287,325,421,492,552,664,704,857,967,1124,1312,1403,1654,1887,2189,2289,2643,3018,3385,3722,4051,4363,4820,5202,5650,6158,6584,7110,7504,8000,8571,8799,9388,9727,9924,10050,10630,10620,10727,10964,10848,11002,10692,10949,10836,10583,10485,10322,9963,10135,10090,9982,10251,10568,10523,11326,11650,12196,12569,13715,14633,15523,16604,17350,18484,19206,20055,21063,21733,22337,22441,22730,22608,22380,21912,21491,20768,19939,19212,17778,17093,15626,14563,13218,11947,10902,9980,9129,8010,7517,6736,6177,5733,5242,4921,4568,4307,3923,3632,3479,3134,3013,2724,2524,2367,2170,2064,1836,1717,1484,1303,1059,676
0,0,0,0,0,0,0,0,0,0,0,0,0,0,0,0,0,0,0,0,0,0,0,0,0,0,0,0,0,0,0,0,0,0,0,0,0,0,0,0,0,0,0,0,0,0,0,0,0,0,0,0,0,0,0,0,0,0,0,0,0,0,0,0,0,0,0,0,0,0,0,0,0,0,0,0,0,0,0,0,0,0,0,0,0,0,0,0,0,0,0,0,0,0,0,0,0,0,0,0,0,0,0,0,0,0,0,0,0,0,0,0,0,0,0,0,0,0,0,0,0,0,0,0,0,0,0,0,0,0,0,0,0,0,0,0,0,0,0,0,0,0,0,0,0,0,0,0,0,0,0,0,0,0,0,0,2,1,0,1,0,1,3,0,2,2,3,6,8,10,15,8,12,13,26,31,34,38,43,60,69,65,86,121,129,169,193,245,273,286,350,453,517,578,718,838,959,1076,1213,1320,1580,1703,2089,2268,2586,2827,3037,3551,3909,4315,4638,5073,5604,5866,6499,6911,7332,7857,8393,8806,9118,9350,9948,10134,10425,10689,10755,11000,11113,10941,10930,10984,10805,10858,10695,10354,10370,10288,10329,10222,10275,10291,10678,10996,11505,12111,12767,13454,14523,15286,16324,17386,18417,19408,20013,21358,21883,22167,22407,23036,22732,22528,22290,21919,21364,20299,19422,18299,16967,16030,14592,13477,12241,11199,10176,9060,8093,7518,6801,6140,5718,5299,4918,4510,4210,4025,3703,3412,3247,2976,2740,2507,2262,2152,1946,1875,1618,1403,1125,793
0,0,0,0,0,0,0,0,0,0,0,0,0,0,0,0,0,0,0,0,0,0,0,0,0,0,0,0,0,0,0,0,0,0,0,0,0,0,0,0,0,0,0,0,0,0,0,0,0,0,0,0,0,0,0,0,0,0,0,0,0,0,0,0,0,0,0,0,0,0,0,0,0,0,0,0,0,0,0,0,0,0,0,0,0,0,0,0,0,0,0,0,0,0,0,0,0,0,0,0,0,0,0,0,0,0,0,0,0,0,0,0,0,0,0,0,0,0,0,0,0,0,0,0,0,0,0,0,0,0,0,0,0,0,0,0,0,0,0,0,0,0,0,0,0,0,0,0,0,0,0,0,0,0,0,0,0,0,2,0,0,0,0,1,2,3,1,2,3,6,7,6,8,19,16,22,25,30,32,47,55,57,97,79,105,119,139,174,219,264,316,349,386,471,521,642,760,842,942,1107,1233,1424,1716,1853,2119,2407,2675,3056,3320,3645,4082,4684,4743,5351,5794,6279,6788,7128,7704,8154,8547,9135,9471,9750,10146,10521,10471,11137,11029,11248,11135,11201,11066,11035,10847,10691,10621,10510,10334,10319,10216,10253,10507,10730,11048,11322,12018,12663,13416,14114,15458,16037,17230,18226,19189,20154,20984,21871,22369,22989,23157,23388,22971,22912,22378,21608,20604,19799,18633,17272,16131,15023,13746,12294,11084,10125,9187,8258,7358,6947,6351,5826,5313,5042,4630,4163,3871,3633,3461,3146,2958,2679,2501,2236,2178,1879,1721,1497,1207,794
0,0,0,0,0,0,0,0,0,0,0,0,0,0,0,0,0,0,0,0,0,0,0,0,0,0,0,0,0,0,0,0,0,0,0,0,0,0,0,0,0,0,0,0,0,0,0,0,0,0,0,0,0,0,0,0,0,0,0,0,0,0,0,0,0,0,0,0,0,0,0,0,0,0,0,0,0,0,0,0,0,0,0,0,0,0,0,0,0,0,0,0,0,0,0,0,0,0,0,0,0,0,0,0,0,0,0,0,0,0,0,0,0,0,0,0,0,0,0,0,0,0,0,0,0,0,0,0,0,0,0,0,0,0,0,0,0,0,0,0,0,0,0,0,0,0,0,0,0,0,0,0,0,0,0,0,0,2,0,0,0,1,2,1,0,1,2,3,5,3,3,6,4,12,9,12,26,23,22,36,31,34,57,74,77,93,106,126,167,186,230,253,295,359,456,508,573,661,789,881,1024,1150,1336,1590,1740,2006,2319,2506,2891,3141,3568,3899,4322,4678,5070,5651,6001,6461,7132,7487,7928,8337,8736,9311,9689,10273,10391,10784,10821,11249,11152,11169,11327,11242,11171,11116,10798,10861,10657,10567,10555,10466,10390,10412,10705,11053,11387,11913,12622,13283,14317,15021,15800,17191,18375,19303,20083,21313,22020,22585,22958,23533,23480,23709,22969,22845,21632,21047,19760,19110,17801,16741,15146,13776,12408,11329,10382,9054,8375,7570,6901,6349,5841,5409,5067,4583,4324,3926,3476,3324,3137,2879,2613,2448,2198,1964,1816,1567,1251,828
0,0,0,0,0,0,0,0,0,0,0,0,0,0,0,0,0,0,0,0,0,0,0,0,0,0,0,0,0,0,0,0,0,0,0,0,0,0,0,0,0,0,0,0,0,0,0,0,0,0,0,0,0,0,0,0,0,0,0,0,0,0,0,0,0,0,0,0,0,0,0,0,0,0,0,0,0,0,0,0,0,0,0,0,0,0,0,0,0,0,0,0,0,0,0,0,0,0,0,0,0,0,0,0,0,0,0,0,0,0,0,0,0,0,0,0,0,0,0,0,0,0,0,0,0,0,0,0,0,0,0,0,0,0,0,0,0,0,0,0,0,0,0,0,0,0,0,0,0,0,0,0,0,0,0,0,0,0,0,0,0,2,0,0,1,1,0,1,2,3,4,7,3,6,11,9,14,12,18,10,34,30,40,43,58,65,86,79,107,146,162,200,260,289,296,434,435,565,645,685,830,930,1132,1262,1368,1636,1860,2161,2364,2624,2882,3448,3672,4097,4484,4890,5394,5767,6346,6764,7425,7792,8267,8708,9284,9491,10086,10249,10733,10864,11266,11282,11552,11453,11341,11468,11345,11027,11071,10828,10619,10613,10346,10687,10625,10748,11014,11504,12049,12577,13091,14080,14933,15883,16909,18312,19275,20228,21184,22123,22768,23591,23715,23676,23368,23468,23017,22307,21354,20490,19228,18176,16703,15363,14197,12880,11265,10310,9316,8463,7618,7004,6492,5749,5382,4995,4541,4205,3786,3448,3317,3129,2828,2559,2405,2084,1947,1644,1316,890
0,0,0,0,0,0,0,0,0,0,0,0,0,0,0,0,0,0,0,0,0,0,0,0,0,0,0,0,0,0,0,0,0,0,0,0,0,0,0,0,0,0,0,0,0,0,0,0,0,0,0,0,0,0,0,0,0,0,0,0,0,0,0,0,0,0,0,0,0,0,0,0,0,0,0,0,0,0,0,0,0,0,0,0,0,0,0,0,0,0,0,0,0,0,0,0,0,0,0,0,0,0,0,0,0,0,0,0,0,0,0,0,0,0,0,0,0,0,0,0,0,0,0,0,0,0,0,0,0,0,0,0,0,0,0,0,0,0,0,0,0,0,0,0,0,0,0,0,0,0,0,0,0,0,0,1,0,0,0,0,0,0,1,0,0,0,0,1,1,3,2,0,5,4,5,10,10,7,14,16,20,18,27,34,39,49,65,81,94,97,113,146,181,194,240,315,386,430,537,530,670,760,826,1021,1166,1305,1540,1612,1944,2218,2416,2856,3135,3500,3885,4311,4755,5128,5404,5973,6590,7184,7596,7889,8493,9063,9595,9875,10460,10619,10908,11003,11568,11608,11456,11721,11608,11255,11459,11428,11082,10969,10552,10585,10517,10794,10732,11109,11399,11850,12301,13143,13760,14657,15937,17127,18312,19311,20208,21458,22224,22747,23568,23894,24339,24028,24029,23281,22894,21763,20930,19497,18454,17052,15619,14224,12786,11583,10601,9331,8594,7609,6890,6430,5819,5383,4850,4616,4205,3874,3622,3288,2953,2822,2448,2416,1954,1723,1427,951
0,0,0,0,0,0,0,0,0,0,0,0,0,0,0,0,0,0,0,0,0,0,0,0,0,0,0,0,0,0,0,0,0,0,0,0,0,0,0,0,0,0,0,0,0,0,0,0,0,0,0,0,0,0,0,0,0,0,0,0,0,0,0,0,0,0,0,0,0,0,0,0,0,0,0,0,0,0,0,0,0,0,0,0,0,0,0,0,0,0,0,0,0,0,0,0,0,0,0,0,0,0,0,0,0,0,0,0,0,0,0,0,0,0,0,0,0,0,0,0,0,0,0,0,0,0,0,0,0,0,0,0,0,0,0,0,0,0,0,0,0,0,0,0,0,0,0,0,0,0,0,0,0,0,0,0,0,0,0,0,0,0,0,1,0,1,0,0,1,0,2,7,1,8,3,3,4,8,13,8,13,15,16,28,26,38,40,52,81,85,101,130,131,155,188,211,281,348,378,457,510,587,661,799,953,1098,1201,1331,1631,1848,2074,2229,2718,2955,3256,3609,4069,4479,4936,5436,5795,6386,6975,7318,7887,8403,8798,9312,9590,10158,10663,10904,11142,11427,11347,11727,11652,11694,11511,11649,11369,11335,11355,10893,10820,10931,10841,10749,11004,11395,11728,12153,13043,13683,14694,15658,16890,18117,19157,20156,21345,22055,23028,23782,23937,24423,24693,24404,24172,23352,22295,21364,20545,19126,17350,15944,14426,13003,11569,10676,9484,8471,7728,6929,6496,6034,5363,4845,4537,4213,3884,3396,3186,2939,2672,2368,2119,1876,1459,989
0,0,0,0,0,0,0,0,0,0,0,0,0,0,0,0,0,0,0,0,0,0,0,0,0,0,0,0,0,0,0,0,0,0,0,0,0,0,0,0,0,0,0,0,0,0,0,0,0,0,0,0,0,0,0,0,0,0,0,0,0,0,0,0,0,0,0,0,0,0,0,0,0,0,0,0,0,0,0,0,0,0,0,0,0,0,0,0,0,0,0,0,0,0,0,0,0,0,0,0,0,0,0,0,0,0,0,0,0,0,0,0,0,0,0,0,0,0,0,0,0,0,0,0,0,0,0,0,0,0,0,0,0,0,0,0,0,0,0,0,0,0,0,0,0,0,0,0,0,0,0,0,0,0,0,0,0,0,0,0,0,0,0,0,0,0,1,0,0,0,1,1,0,2,1,4,4,5,6,6,7,12,17,20,28,19,27,41,41,54,69,91,79,116,121,181,190,224,267,388,412,450,551,587,715,902,973,1125,1318,1468,1698,1837,2037,2446,2770,3129,3334,3878,4185,4731,5112,5552,6041,6627,7034,7648,8021,8387,9165,9633,10038,10605,10944,11146,11422,11578,11796,11673,11997,11805,11699,11591,11399,11415,11335,11173,11098,10842,10906,11142,11339,11924,12277,12846,13781,14605,15589,16832,17786,18922,20416,21250,22309,23118,24155,24608,24782,24787,24888,24506,23762,22956,21775,20701,19079,17838,16297,14854,13361,11910,10588,9676,8690,7751,6955,6395,5944,5397,4882,4523,4032,3776,3490,3134,2879,2570,2125,1935,1575,1037
0,0,0,0,0,0,0,0,0,0,0,0,0,0,0,0,0,0,0,0,0,0,0,0,0,0,0,0,0,0,0,0,0,0,0,0,0,0,0,0,0,0,0,0,0,0,0,0,0,0,0,0,0,0,0,0,0,0,0,0,0,0,0,0,0,0,0,0,0,0,0,0,0,0,0,0,0,0,0,0,0,0,0,0,0,0,0,0,0,0,0,0,0,0,0,0,0,0,0,0,0,0,0,0,0,0,0,0,0,0,0,0,0,0,0,0,0,0,0,0,0,0,0,0,0,0,0,0,0,0,0,0,0,0,0,0,0,0,0,0,0,0,0,0,0,0,0,0,0,0,0,0,0,0,0,0,0,0,0,0,0,0,0,0,0,0,1,0,0,0,1,0,0,0,1,1,1,3,2,2,9,6,14,11,17,26,17,30,31,48,36,56,71,89,99,118,146,187,244,260,302,367,433,468,560,696,766,865,1028,1227,1367,1501,1794,1958,2224,2643,2952,3207,3642,4085,4495,4924,5398,5827,6286,6723,7346,7845,8565,8946,9354,10048,10554,10786,11023,11400,11774,12066,12119,12222,12010,11947,11861,11652,11706,11280,11255,11207,11147,10976,11256,11448,11733,12224,12638,13788,14578,15321,16509,17707,18926,19937,21276,22174,23354,24177,24692,25090,25288,25384,24843,24307,23600,22342,21124,19630,18174,16397,14981,13509,11879,10846,9713,8618,7805,7126,6404,5931,5283,4949,4445,4033,3742,3392,3080,2686,2457,2023,1662,1165
0,0,0,0,0,0,0,0,0,0,0,0,0,0,0,0,0,0,0,0,0,0,0,0,0,0,0,0,0,0,0,0,0,0,0,0,0,0,0,0,0,0,0,0,0,0,0,0,0,0,0,0,0,0,0,0,0,0,0,0,0,0,0,0,0,0,0,0,0,0,0,0,0,0,0,0,0,0,0,0,0,0,0,0,0,0,0,0,0,0,0,0,0,0,0,0,0,0,0,0,0,0,0,0,0,0,0,0,0,0,0,0,0,0,0,0,0,0,0,0,0,0,0,0,0,0,0,0,0,0,0,0,0,0,0,0,0,0,0,0,0,0,0,0,0,0,0,0,0,0,0,0,0,0,0,0,0,0,0,0,0,0,0,0,0,0,0,0,0,0,0,0,0,1,2,1,1,0,4,4,1,3,5,4,7,21,17,24,27,25,36,33,48,60,80,87,94,131,144,189,250,294,315,329,421,478,631,681,816,947,1106,1230,1411,1706,1842,2127,2303,2680,3098,3305,3744,4061,4555,5024,5608,6110,6638,6994,7626,8092,8681,9347,9729,10236,10567,11079,11478,11725,11952,12257,12270,12346,12218,12198,11952,11691,11781,11617,11502,11337,11206,11307,11728,11769,12125,12788,13188,14204,15370,16232,17330,18866,20064,21293,22169,23482,24311,24756,25608,25911,25502,25374,24898,24070,22940,21703,20166,18395,16883,15186,13706,12330,11136,9745,8814,7893,7255,6509,5878,5392,4917,4363,4088,3690,3217,2952,2643,2155,1784,1275
0,0,0,0,0,0,0,0,0,0,0,0,0,0,0,0,0,0,0,0,0,0,0,0,0,0,0,0,0,0,0,0,0,0,0,0,0,0,0,0,0,0,0,0,0,0,0,0,0,0,0,0,0,0,0,0,0,0,0,0,0,0,0,0,0,0,0,0,0,0,0,0,0,0,0,0,0,0,0,0,0,0,0,0,0,0,0,0,0,0,0,0,0,0,0,0,0,0,0,0,0,0,0,0,0,0,0,0,0,0,0,0,0,0,0,0,0,0,0,0,0,0,0,0,0,0,0,0,0,0,0,0,0,0,0,0,0,0,0,0,0,0,0,0,0,0,0,0,0,0,0,0,0,0,0,0,0,0,0,0,0,0,0,0,0,0,0,0,0,1,0,0,0,0,0,0,0,1,1,2,3,3,2,5,1,8,13,14,15,16,26,28,33,49,55,60,86,100,126,133,149,199,251,274,342,384,424,528,650,727,841,971,1116,1277,1525,1705,1958,2209,2561,2852,3122,3571,3906,4474,4794,5305,5852,6321,6848,7364,7985,8533,8987,9533,10007,10362,10854,11394,11487,12201,12357,12374,12471,12335,12456,12267,12273,11873,11715,11740,11787,11368,11567,11685,11702,12064,12635,13277,14223,15089,16313,17219,18754,19808,21327,22495,23423,24654,25690,25705,26187,26109,25891,25227,24530,23207,22202,20660,18956,17330,15606,13761,12285,11031,9749,8875,8049,7125,6465,5912,5308,4802,4315,4111,3522,3141,2835,2435,1837,1267
0,0,0,0,0,0,0,0,0,0,0,0,0,0,0,0,0,0,0,0,0,0,0,0,0,0,0,0,0,0,0,0,0,0,0,0,0,0,0,0,0,0,0,0,0,0,0,0,0,0,0,0,0,0,0,0,0,0,0,0,0,0,0,0,0,0,0,0,0,0,0,0,0,0,0,0,0,0,0,0,0,0,0,0,0,0,0,0,0,0,0,0,0,0,0,0,0,0,0,0,0,0,0,0,0,0,0,0,0,0,0,0,0,0,0,0,0,0,0,0,0,0,0,0,0,0,0,0,0,0,0,0,0,0,0,0,0,0,0,0,0,0,0,0,0,0,0,0,0,0,0,0,0,0,0,0,0,0,0,0,0,0,0,0,0,0,0,0,0,0,0,1,0,1,0,0,1,0,0,4,4,0,2,1,4,6,10,6,23,15,16,23,25,27,34,47,49,62,90,83,128,162,172,190,249,292,340,425,480,552,646,768,884,1022,1187,1383,1568,1687,1974,2212,2573,2953,3304,3672,3997,4588,4859,5536,6098,6593,7114,7787,8104,8711,9299,10010,10197,10841,11219,11816,12005,12146,12577,12601,12299,12558,12568,12572,12326,12055,11952,11614,11611,11758,11752,12088,12116,12663,13141,14135,15040,16033,17245,18538,19714,21191,22366,23514,25157,25537,26089,26570,26721,26385,25976,25002,23848,22753,21106,19334,17629,16016,14192,12664,11106,10060,8835,8180,7293,6335,5954,5333,4772,4382,3888,3403,3039,2617,2125,1395
0,0,0,0,0,0,0,0,0,0,0,0,0,0,0,0,0,0,0,0,0,0,0,0,0,0,0,0,0,0,0,0,0,0,0,0,0,0,0,0,0,0,0,0,0,0,0,0,0,0,0,0,0,0,0,0,0,0,0,0,0,0,0,0,0,0,0,0,0,0,0,0,0,0,0,0,0,0,0,0,0,0,0,0,0,0,0,0,0,0,0,0,0,0,0,0,0,0,0,0,0,0,0,0,0,0,0,0,0,0,0,0,0,0,0,0,0,0,0,0,0,0,0,0,0,0,0,0,0,0,0,0,0,0,0,0,0,0,0,0,0,0,0,0,0,0,0,0,0,0,0,0,0,0,0,0,0,0,0,0,0,0,0,0,0,0,0,0,0,0,0,0,0,1,0,2,1,1,1,0,0,2,2,3,1,4,1,3,13,7,11,8,13,19,24,22,37,48,54,61,82,87,130,148,156,204,265,260,350,421,485,582,632,757,902,1018,1245,1385,1609,1785,2090,2412,2685,3059,3334,3823,4202,4744,5098,5753,6333,6649,7352,8189,8635,8885,9667,10099,10537,11138,11655,11988,12280,12563,12822,12715,12710,12778,12888,12496,12294,12246,12205,11806,12002,11919,12093,12336,12555,13084,13854,14903,15794,17137,18029,19847,21503,22504,23531,25028,25964,26505,27045,27146,26611,26494,25693,24742,23067,21787,19726,18042,16353,14627,12727,11471,10044,9203,7820,7217,6496,6087,5323,4736,4359,3768,3350,2755,2182,1569
0,0,0,0,0,0,0,0,0,0,0,0,0,0,0,0,0,0,0,0,0,0,0,0,0,0,0,0,0,0,0,0,0,0,0,0,0,0,0,0,0,0,0,0,0,0,0,0,0,0,0,0,0,0,0,0,0,0,0,0,0,0,0,0,0,0,0,0,0,0,0,0,0,0,0,0,0,0,0,0,0,0,0,0,0,0,0,0,0,0,0,0,0,0,0,0,0,0,0,0,0,0,0,0,0,0,0,0,0,0,0,0,0,0,0,0,0,0,0,0,0,0,0,0,0,0,0,0,0,0,0,0,0,0,0,0,0,0,0,0,0,0,0,0,0,0,0,0,0,0,0,0,0,0,0,0,0,0,0,0,0,0,0,0,0,0,0,0,0,0,0,0,0,0,0,0,0,1,0,0,0,3,1,0,0,1,3,2,3,7,6,10,18,17,16,21,24,30,41,63,53,61,82,115,114,149,177,224,283,312,347,426,510,611,638,826,931,1137,1269,1464,1597,1876,2081,2391,2810,3151,3577,3940,4302,4827,5318,6039,6372,7185,7629,8228,8613,9454,9862,10587,11003,11397,11842,12337,12650,12770,13024,12938,13008,13108,12749,12653,12696,12548,12166,12110,12132,11951,12280,12764,13194,13686,14645,15932,16869,18217,19471,21270,22298,23906,24995,26271,26864,27416,27579,27470,27266,26356,25174,23638,22054,20434,18540,16545,14825,13072,11733,10245,9123,8181,7300,6682,5890,5320,4703,4204,3541,3000,2439,1691
0,0,0,0,0,0,0,0,0,0,0,0,0,0,0,0,0,0,0,0,0,0,0,0,0,0,0,0,0,0,0,0,0,0,0,0,0,0,0,0,0,0,0,0,0,0,0,0,0,0,0,0,0,0,0,0,0,0,0,0,0,0,0,0,0,0,0,0,0,0,0,0,0,0,0,0,0,0,0,0,0,0,0,0,0,0,0,0,0,0,0,0,0,0,0,0,0,0,0,0,0,0,0,0,0,0,0,0,0,0,0,0,0,0,0,0,0,0,0,0,0,0,0,0,0,0,0,0,0,0,0,0,0,0,0,0,0,0,0,0,0,0,0,0,0,0,0,0,0,0,0,0,0,0,0,0,0,0,0,0,0,0,0,0,0,0,0,0,0,0,0,0,0,0,0,0,0,0,1,0,0,0,0,2,1,1,0,1,2,3,5,1,3,9,18,13,18,26,23,24,44,63,43,69,82,104,132,153,179,227,268,306,405,394,588,598,730,831,984,1140,1302,1459,1737,1923,2146,2526,2785,3250,3550,4051,4564,4985,5599,6128,6652,7290,7935,8375,8953,9624,10214,10887,11384,11827,12243,12657,13034,13057,13072,13202,13425,13099,13084,12900,12724,12517,12521,12351,12265,12403,12738,12985,13528,14810,15562,16743,17964,19488,20980,22398,23936,25185,26284,27204,28045,28388,28183,27888,26943,25977,24559,22654,20622,18824,16809,15150,13293,11926,10398,9310,8332,7394,6853,5819,5231,4525,3927,3425,2675,1854
0,0,0,0,0,0,0,0,0,0,0,0,0,0,0,0,0,0,0,0,0,0,0,0,0,0,0,0,0,0,0,0,0,0,0,0,0,0,0,0,0,0,0,0,0,0,0,0,0,0,0,0,0,0,0,0,0,0,0,0,0,0,0,0,0,0,0,0,0,0,0,0,0,0,0,0,0,0,0,0,0,0,0,0,0,0,0,0,0,0,0,0,0,0,0,0,0,0,0,0,0,0,0,0,0,0,0,0,0,0,0,0,0,0,0,0,0,0,0,0,0,0,0,0,0,0,0,0,0,0,0,0,0,0,0,0,0,0,0,0,0,0,0,0,0,0,0,0,0,0,0,0,0,0,0,0,0,0,0,0,0,0,0,0,0,0,0,0,0,0,0,0,0,0,0,0,0,0,0,0,0,0,1,1,0,0,1,2,1,2,0,0,4,6,7,10,9,17,13,15,28,30,43,54,57,58,87,118,126,174,180,254,255,321,392,447,552,557,782,865,1008,1180,1349,1503,1735,1932,2363,2576,2947,3300,3813,4103,4756,5211,5676,6335,6785,7581,8132,8809,9263,9916,10553,11056,11789,12161,12614,12953,13310,13571,13312,13493,13647,13699,13460,12796,12834,12967,12473,12548,12619,12832,13144,13539,14553,15359,16644,17625,19018,20815,22227,24092,25165,26622,27809,28840,28880,28892,28691,27686,26471,24969,23581,21538,19586,17430,15425,13333,11688,10741,9300,8165,7278,6651,5838,5018,4402,3695,2905,1956
0,0,0,0,0,0,0,0,0,0,0,0,0,0,0,0,0,0,0,0,0,0,0,0,0,0,0,0,0,0,0,0,0,0,0,0,0,0,0,0,0,0,0,0,0,0,0,0,0,0,0,0,0,0,0,0,0,0,0,0,0,0,0,0,0,0,0,0,0,0,0,0,0,0,0,0,0,0,0,0,0,0,0,0,0,0,0,0,0,0,0,0,0,0,0,0,0,0,0,0,0,0,0,0,0,0,0,0,0,0,0,0,0,0,0,0,0,0,0,0,0,0,0,0,0,0,0,0,0,0,0,0,0,0,0,0,0,0,0,0,0,0,0,0,0,0,0,0,0,0,0,0,0,0,0,0,0,0,0,0,0,0,0,0,0,0,0,0,0,0,0,0,0,0,0,0,0,0,0,0,0,0,0,0,0,0,1,0,2,2,3,1,8,0,2,4,5,7,8,13,12,17,21,33,41,53,65,67,79,94,122,144,183,241,286,339,405,488,550,626,770,859,1001,1198,1367,1578,1815,2014,2341,2627,2994,3398,3897,4332,4831,5426,5837,6512,7034,7797,8298,8946,9645,10421,10813,11479,11892,12503,12982,13336,13456,13857,13834,13908,13562,13888,13411,13168,13229,12836,12793,12748,12888,13262,13682,14506,15129,16471,17485,19022,20751,22223,23885,25580,26992,27858,28699,29622,29677,29334,28672,27559,25879,24145,22034,20049,17828,15881,13651,12216,10773,9442,8403,7282,6482,5740,4869,4012,3245,2217
0,0,0,0,0,0,0,0,0,0,0,0,0,0,0,0,0,0,0,0,0,0,0,0,0,0,0,0,0,0,0,0,0,0,0,0,0,0,0,0,0,0,0,0,0,0,0,0,0,0,0,0,0,0,0,0,0,0,0,0,0,0,0,0,0,0,0,0,0,0,0,0,0,0,0,0,0,0,0,0,0,0,0,0,0,0,0,0,0,0,0,0,0,0,0,0,0,0,0,0,0,0,0,0,0,0,0,0,0,0,0,0,0,0,0,0,0,0,0,0,0,0,0,0,0,0,0,0,0,0,0,0,0,0,0,0,0,0,0,0,0,0,0,0,0,0,0,0,0,0,0,0,0,0,0,0,0,0,0,0,0,0,0,0,0,0,0,0,0,0,0,0,0,0,0,0,0,0,0,0,0,0,0,0,0,0,0,0,0,3,1,1,1,1,5,1,6,6,4,10,12,20,11,18,27,33,42,43,63,74,118,107,138,162,184,202,275,363,364,469,514,685,741,892,1034,1149,1367,1611,1865,2052,2367,2769,3122,3583,3942,4448,5113,5402,6030,6638,7063,7931,8471,9358,10024,10557,11217,11832,12468,12896,13353,13531,13888,14158,14144,14173,13868,13813,13866,13633,13478,13301,13160,13383,13337,13725,14430,15055,15917,17286,18783,20250,21842,23607,25463,27186,28246,29524,30111,30224,30089,30067,28456,27011,24887,22795,20624,18142,16107,14211,12348,10711,9583,8472,7359,6360,5628,4559,3580,2371
0,0,0,0,0,0,0,0,0,0,0,0,0,0,0,0,0,0,0,0,0,0,0,0,0,0,0,0,0,0,0,0,0,0,0,0,0,0,0,0,0,0,0,0,0,0,0,0,0,0,0,0,0,0,0,0,0,0,0,0,0,0,0,0,0,0,0,0,0,0,0,0,0,0,0,0,0,0,0,0,0,0,0,0,0,0,0,0,0,0,0,0,0,0,0,0,0,0,0,0,0,0,0,0,0,0,0,0,0,0,0,0,0,0,0,0,0,0,0,0,0,0,0,0,0,0,0,0,0,0,0,0,0,0,0,0,0,0,0,0,0,0,0,0,0,0,0,0,0,0,0,0,0,0,0,0,0,0,0,0,0,0,0,0,0,0,0,0,0,0,0,0,0,0,0,0,0,0,0,0,0,0,0,0,0,0,0,1,0,1,0,0,0,1,1,3,8,2,4,4,8,5,9,15,19,14,22,26,29,42,45,79,94,119,134,172,206,215,268,298,383,460,560,657,737,856,1012,1257,1402,1629,1832,2139,2499,2696,3173,3637,4066,4501,4993,5573,6283,6856,7367,8162,8812,9470,10161,11056,11486,12094,12571,13141,13521,13722,14351,14435,14482,14496,14279,14313,14104,13752,13698,13457,13576,13622,13931,14345,15067,15935,17040,18519,20079,21995,23603,25491,27153,28874,29846,30834,31302,31041,30727,29304,27700,25981,24080,21130,18642,16481,14421,12595,11083,9715,8553,7226,6151,5230,4080,2673
0,0,0,0,0,0,0,0,0,0,0,0,0,0,0,0,0,0,0,0,0,0,0,0,0,0,0,0,0,0,0,0,0,0,0,0,0,0,0,0,0,0,0,0,0,0,0,0,0,0,0,0,0,0,0,0,0,0,0,0,0,0,0,0,0,0,0,0,0,0,0,0,0,0,0,0,0,0,0,0,0,0,0,0,0,0,0,0,0,0,0,0,0,0,0,0,0,0,0,0,0,0,0,0,0,0,0,0,0,0,0,0,0,0,0,0,0,0,0,0,0,0,0,0,0,0,0,0,0,0,0,0,0,0,0,0,0,0,0,0,0,0,0,0,0,0,0,0,0,0,0,0,0,0,0,0,0,0,0,0,0,0,0,0,0,0,0,0,0,0,0,0,0,0,0,0,0,0,0,0,0,0,0,0,0,0,0,0,0,0,0,0,0,1,0,2,2,1,3,2,4,10,7,10,6,7,14,20,15,33,41,48,55,75,90,104,149,142,182,202,276,327,382,485,553,636,705,873,1062,1235,1422,1587,1893,2182,2586,2800,3227,3570,4230,4671,5012,5808,6266,6881,7688,8314,9168,9822,10663,11357,11754,12374,13085,13585,14075,14245,14763,14875,14874,14868,14684,14741,14379,13977,14052,13851,14144,13992,14211,15000,15828,16965,18132,19768,21592,23388,25659,27376,29214,30244,31422,32370,32015,31849,30323,28866,26810,24462,21787,19294,16924,14577,12797,11222,9713,8385,7051,5813,4698,3021
0,0,0,0,0,0,0,0,0,0,0,0,0,0,0,0,0,0,0,0,0,0,0,0,0,0,0,0,0,0,0,0,0,0,0,0,0,0,0,0,0,0,0,0,0,0,0,0,0,0,0,0,0,0,0,0,0,0,0,0,0,0,0,0,0,0,0,0,0,0,0,0,0,0,0,0,0,0,0,0,0,0,0,0,0,0,0,0,0,0,0,0,0,0,0,0,0,0,0,0,0,0,0,0,0,0,0,0,0,0,0,0,0,0,0,0,0,0,0,0,0,0,0,0,0,0,0,0,0,0,0,0,0,0,0,0,0,0,0,0,0,0,0,0,0,0,0,0,0,0,0,0,0,0,0,0,0,0,0,0,0,0,0,0,0,0,0,0,0,0,0,0,0,0,0,0,0,0,0,0,0,0,0,0,0,0,0,0,0,0,0,0,0,0,2,0,1,1,1,2,2,0,3,8,5,11,14,12,20,15,34,33,36,39,51,76,81,116,105,167,190,210,244,327,368,428,553,655,710,882,1109,1183,1353,1592,1957,2171,2466,2861,3262,3670,4108,4806,5188,5935,6660,6938,7787,8543,9159,9964,10841,11490,12182,12951,13562,13982,14426,14757,14946,15171,15273,15189,15164,14978,14708,14551,14420,14409,14561,14529,15161,16074,16828,17958,19680,21316,23135,25223,27469,29301,30699,31738,32957,33098,32862,31875,30027,27773,25833,22828,20022,17396,14857,13203,11194,9706,8020,6704,5277,3582
0,0,0,0,0,0,0,0,0,0,0,0,0,0,0,0,0,0,0,0,0,0,0,0,0,0,0,0,0,0,0,0,0,0,0,0,0,0,0,0,0,0,0,0,0,0,0,0,0,0,0,0,0,0,0,0,0,0,0,0,0,0,0,0,0,0,0,0,0,0,0,0,0,0,0,0,0,0,0,0,0,0,0,0,0,0,0,0,0,0,0,0,0,0,0,0,0,0,0,0,0,0,0,0,0,0,0,0,0,0,0,0,0,0,0,0,0,0,0,0,0,0,0,0,0,0,0,0,0,0,0,0,0,0,0,0,0,0,0,0,0,0,0,0,0,0,0,0,0,0,0,0,0,0,0,0,0,0,0,0,0,0,0,0,0,0,0,0,0,0,0,0,0,0,0,0,0,0,0,0,0,0,0,0,0,0,0,0,0,0,0,0,0,1,0,0,0,0,0,2,0,0,5,1,3,5,4,9,7,15,16,14,14,33,31,36,44,78,96,114,121,141,187,221,229,318,351,453,557,605,745,847,1017,1135,1399,1671,1948,2070,2445,2839,3237,3772,4197,4656,5231,5944,6479,7384,7861,8675,9411,10465,11154,11990,12678,12975,13743,14564,14886,15267,15563,15629,15707,15673,15453,15420,15306,14997,15079,14923,14906,15544,15825,16549,17938,19403,21214,23210,25084,27538,29357,31089,32697,33642,34101,33586,32855,31534,29007,26542,23722,20740,17794,15423,13184,11492,9670,7979,6209,4020
0,0,0,0,0,0,0,0,0,0,0,0,0,0,0,0,0,0,0,0,0,0,0,0,0,0,0,0,0,0,0,0,0,0,0,0,0,0,0,0,0,0,0,0,0,0,0,0,0,0,0,0,0,0,0,0,0,0,0,0,0,0,0,0,0,0,0,0,0,0,0,0,0,0,0,0,0,0,0,0,0,0,0,0,0,0,0,0,0,0,0,0,0,0,0,0,0,0,0,0,0,0,0,0,0,0,0,0,0,0,0,0,0,0,0,0,0,0,0,0,0,0,0,0,0,0,0,0,0,0,0,0,0,0,0,0,0,0,0,0,0,0,0,0,0,0,0,0,0,0,0,0,0,0,0,0,0,0,0,0,0,0,0,0,0,0,0,0,0,0,0,0,0,0,0,0,0,0,0,0,0,0,0,0,0,0,0,0,0,0,0,0,0,0,0,0,0,0,2,0,0,1,3,1,0,0,3,5,1,4,12,15,16,17,21,24,29,48,53,60,72,104,96,117,176,183,237,293,342,435,509,614,738,814,960,1226,1348,1622,1903,2077,2504,2889,3197,3702,4150,4766,5475,5990,6501,7485,8026,8821,9748,10517,11503,12387,12859,13722,14424,14897,15618,15767,16316,16275,16328,16236,16155,16013,15714,15497,15306,15459,15562,15925,16932,17510,18887,20706,22836,25081,27441,29425,31619,33384,34942,34873,35062,34065,32844,30359,27779,24147,21620,18522,15755,13515,11425,9275,7289,4792
0,0,0,0,0,0,0,0,0,0,0,0,0,0,0,0,0,0,0,0,0,0,0,0,0,0,0,0,0,0,0,0,0,0,0,0,0,0,0,0,0,0,0,0,0,0,0,0,0,0,0,0,0,0,0,0,0,0,0,0,0,0,0,0,0,0,0,0,0,0,0,0,0,0,0,0,0,0,0,0,0,0,0,0,0,0,0,0,0,0,0,0,0,0,0,0,0,0,0,0,0,0,0,0,0,0,0,0,0,0,0,0,0,0,0,0,0,0,0,0,0,0,0,0,0,0,0,0,0,0,0,0,0,0,0,0,0,0,0,0,0,0,0,0,0,0,0,0,0,0,0,0,0,0,0,0,0,0,0,0,0,0,0,0,0,0,0,0,0,0,0,0,0,0,0,0,0,0,0,0,0,0,0,0,0,0,0,0,0,0,0,0,0,0,0,0,0,0,0,0,1,0,1,1,0,1,0,0,1,8,1,5,3,9,15,13,16,21,31,43,41,54,70,85,110,115,133,202,233,268,371,394,495,535,685,785,967,1149,1329,1577,1774,2111,2462,2839,3219,3771,4194,4752,5444,6063,6552,7571,8174,9069,9860,10784,11546,12413,13306,14060,14802,15423,16036,16324,16783,16760,16781,16880,16801,16590,16311,15970,16102,16324,16276,16826,17688,18891,20501,22387,24626,27331,29318,31800,34110,35475,36312,36778,35848,34603,31878,29144,25570,22005,19228,16183,13707,11409,8699,5788
0,0,0,0,0,0,0,0,0,0,0,0,0,0,0,0,0,0,0,0,0,0,0,0,0,0,0,0,0,0,0,0,0,0,0,0,0,0,0,0,0,0,0,0,0,0,0,0,0,0,0,0,0,0,0,0,0,0,0,0,0,0,0,0,0,0,0,0,0,0,0,0,0,0,0,0,0,0,0,0,0,0,0,0,0,0,0,0,0,0,0,0,0,0,0,0,0,0,0,0,0,0,0,0,0,0,0,0,0,0,0,0,0,0,0,0,0,0,0,0,0,0,0,0,0,0,0,0,0,0,0,0,0,0,0,0,0,0,0,0,0,0,0,0,0,0,0,0,0,0,0,0,0,0,0,0,0,0,0,0,0,0,0,0,0,0,0,0,0,0,0,0,0,0,0,0,0,0,0,0,0,0,0,0,0,0,0,0,0,0,0,0,0,0,0,0,1,0,0,0,0,0,0,1,1,0,1,0,1,1,1,6,5,4,7,9,8,10,15,15,21,37,44,50,69,72,90,120,112,174,229,234,327,424,459,537,671,769,896,1140,1307,1552,1770,2164,2347,2798,3143,3655,4029,4724,5414,5940,6836,7466,8300,9063,9986,10856,11845,12785,13560,14496,15145,15713,16630,16879,17356,17406,17440,17338,17514,17113,16905,16718,16635,16842,17186,18169,19259,20525,22343,24264,27206,29810,32028,34689,36419,38024,38348,37675,36089,33812,30420,26826,23093,19642,16602,13689,10627,7024
0,0,0,0,0,0,0,0,0,0,0,0,0,0,0,0,0,0,0,0,0,0,0,0,0,0,0,0,0,0,0,0,0,0,0,0,0,0,0,0,0,0,0,0,0,0,0,0,0,0,0,0,0,0,0,0,0,0,0,0,0,0,0,0,0,0,0,0,0,0,0,0,0,0,0,0,0,0,0,0,0,0,0,0,0,0,0,0,0,0,0,0,0,0,0,0,0,0,0,0,0,0,0,0,0,0,0,0,0,0,0,0,0,0,0,0,0,0,0,0,0,0,0,0,0,0,0,0,0,0,0,0,0,0,0,0,0,0,0,0,0,0,0,0,0,0,0,0,0,0,0,0,0,0,0,0,0,0,0,0,0,0,0,0,0,0,0,0,0,0,0,0,0,0,0,0,0,0,0,0,0,0,0,0,0,0,0,0,0,0,0,0,0,0,0,0,1,0,0,0,0,0,0,0,0,0,0,0,3,1,0,0,0,1,2,4,7,5,16,7,9,11,25,24,42,44,67,82,82,97,119,162,196,255,278,346,427,480,581,748,821,1024,1278,1401,1631,2093,2326,2632,3097,3637,4055,4564,5150,5923,6839,7427,8514,9180,10077,11177,12141,13052,13832,14795,15805,16186,17098,17490,18064,18321,18166,18205,18305,17981,17923,17641,17764,17766,18403,19108,20421,22528,24283,26701,29386,32580,35415,37255,39628,40268,39475,38094,35550,31977,28382,23809,20491,16781,13280,8682
0,0,0,0,0,0,0,0,0,0,0,0,0,0,0,0,0,0,0,0,0,0,0,0,0,0,0,0,0,0,0,0,0,0,0,0,0,0,0,0,0,0,0,0,0,0,0,0,0,0,0,0,0,0,0,0,0,0,0,0,0,0,0,0,0,0,0,0,0,0,0,0,0,0,0,0,0,0,0,0,0,0,0,0,0,0,0,0,0,0,0,0,0,0,0,0,0,0,0,0,0,0,0,0,0,0,0,0,0,0,0,0,0,0,0,0,0,0,0,0,0,0,0,0,0,0,0,0,0,0,0,0,0,0,0,0,0,0,0,0,0,0,0,0,0,0,0,0,0,0,0,0,0,0,0,0,0,0,0,0,0,0,0,0,0,0,0,0,0,0,0,0,0,0,0,0,0,0,0,0,0,0,0,0,0,0,0,0,0,0,0,0,0,0,0,0,0,0,1,0,0,0,0,0,1,0,0,1,1,0,1,2,1,1,3,1,1,2,2,3,6,4,17,17,16,21,18,35,45,68,78,89,112,126,175,206,259,329,395,421,535,663,779,926,1112,1293,1567,1891,2206,2512,3100,3406,4023,4441,5195,5751,6676,7343,8358,9063,10216,11115,12328,13315,14392,15251,16065,16861,17661,18490,19225,19252,19266,19402,19205,19160,18831,18418,18641,19121,19632,20557,22027,23990,26342,29365,33093,35816,38594,40523,42237,41548,40497,37941,33931,29914,25360,20833,16807,11480
0,0,0,0,0,0,0,0,0,0,0,0,0,0,0,0,0,0,0,0,0,0,0,0,0,0,0,0,0,0,0,0,0,0,0,0,0,0,0,0,0,0,0,0,0,0,0,0,0,0,0,0,0,0,0,0,0,0,0,0,0,0,0,0,0,0,0,0,0,0,0,0,0,0,0,0,0,0,0,0,0,0,0,0,0,0,0,0,0,0,0,0,0,0,0,0,0,0,0,0,0,0,0,0,0,0,0,0,0,0,0,0,0,0,0,0,0,0,0,0,0,0,0,0,0,0,0,0,0,0,0,0,0,0,0,0,0,0,0,0,0,0,0,0,0,0,0,0,0,0,0,0,0,0,0,0,0,0,0,0,0,0,0,0,0,0,0,0,0,0,0,0,0,0,0,0,0,0,0,0,0,0,0,0,0,0,0,0,0,0,0,0,0,0,0,0,0,0,0,1,0,0,0,0,0,1,0,0,0,1,0,0,0,1,0,1,1,0,1,2,6,9,5,10,6,14,13,24,28,35,36,45,63,69,98,135,148,186,227,271,334,401,482,575,731,855,1042,1207,1446,1648,1996,2389,2662,3284,3762,4170,5019,5625,6462,7179,8037,9161,10296,11251,12308,13235,14614,15588,16880,17533,18432,19148,19890,20273,20260,20507,20567,20346,20303,19836,20259,20358,21138,22452,24438,26317,29261,32697,36255,39932,42395,44440,44334,43128,40137,36381,31593,26838,21578,14898
0,0,0,0,0,0,0,0,0,0,0,0,0,0,0,0,0,0,0,0,0,0,0,0,0,0,0,0,0,0,0,0,0,0,0,0,0,0,0,0,0,0,0,0,0,0,0,0,0,0,0,0,0,0,0,0,0,0,0,0,0,0,0,0,0,0,0,0,0,0,0,0,0,0,0,0,0,0,0,0,0,0,0,0,0,0,0,0,0,0,0,0,0,0,0,0,0,0,0,0,0,0,0,0,0,0,0,0,0,0,0,0,0,0,0,0,0,0,0,0,0,0,0,0,0,0,0,0,0,0,0,0,0,0,0,0,0,0,0,0,0,0,0,0,0,0,0,0,0,0,0,0,0,0,0,0,0,0,0,0,0,0,0,0,0,0,0,0,0,0,0,0,0,0,0,0,0,0,0,0,0,0,0,0,0,0,0,0,0,0,0,0,0,0,0,0,0,0,0,0,0,0,0,0,0,0,0,0,0,0,0,1,0,0,0,1,0,0,2,0,0,1,1,5,9,5,8,6,10,13,23,21,26,41,42,56,86,97,107,165,189,235,274,319,389,486,620,733,866,1084,1287,1528,1762,2152,2531,3004,3532,3995,4753,5258,6156,7168,7900,8889,10100,11090,12192,13435,14702,15942,17355,18226,19353,20085,20883,21560,21773,22074,22081,21911,22026,21491,21824,21998,23158,24308,26541,29436,33129,36688,40442,43783,46548,47486,46718,43678,39517,34164,27938,20529
0,0,0,0,0,0,0,0,0,0,0,0,0,0,0,0,0,0,0,0,0,0,0,0,0,0,0,0,0,0,0,0,0,0,0,0,0,0,0,0,0,0,0,0,0,0,0,0,0,0,0,0,0,0,0,0,0,0,0,0,0,0,0,0,0,0,0,0,0,0,0,0,0,0,0,0,0,0,0,0,0,0,0,0,0,0,0,0,0,0,0,0,0,0,0,0,0,0,0,0,0,0,0,0,0,0,0,0,0,0,0,0,0,0,0,0,0,0,0,0,0,0,0,0,0,0,0,0,0,0,0,0,0,0,0,0,0,0,0,0,0,0,0,0,0,0,0,0,0,0,0,0,0,0,0,0,0,0,0,0,0,0,0,0,0,0,0,0,0,0,0,0,0,0,0,0,0,0,0,0,0,0,0,0,0,0,0,0,0,0,0,0,0,0,0,0,0,0,0,0,0,0,0,0,0,0,0,0,0,0,0,0,0,1,1,0,0,0,0,0,1,0,3,0,2,3,2,5,8,7,7,8,19,20,28,27,47,37,61,79,83,109,154,180,198,260,345,406,472,617,734,933,1160,1287,1627,1899,2256,2609,3085,3566,4276,5025,5610,6577,7426,8496,9671,10744,11877,13445,14979,16084,17528,18727,20046,21092,22176,23220,23260,23918,24326,24049,24027,24099,24127,24700,25809,27412,29597,32976,36749,41379,46026,49323,51516,50734,47773,43233,36782,28840
0,0,0,0,0,0,0,0,0,0,0,0,0,0,0,0,0,0,0,0,0,0,0,0,0,0,0,0,0,0,0,0,0,0,0,0,0,0,0,0,0,0,0,0,0,0,0,0,0,0,0,0,0,0,0,0,0,0,0,0,0,0,0,0,0,0,0,0,0,0,0,0,0,0,0,0,0,0,0,0,0,0,0,0,0,0,0,0,0,0,0,0,0,0,0,0,0,0,0,0,0,0,0,0,0,0,0,0,0,0,0,0,0,0,0,0,0,0,0,0,0,0,0,0,0,0,0,0,0,0,0,0,0,0,0,0,0,0,0,0,0,0,0,0,0,0,0,0,0,0,0,0,0,0,0,0,0,0,0,0,0,0,0,0,0,0,0,0,0,0,0,0,0,0,0,0,0,0,0,0,0,0,0,0,0,0,0,0,0,0,0,0,0,0,0,0,0,0,0,0,0,0,0,0,0,0,0,0,0,0,0,0,0,1,0,0,0,1,0,0,0,1,2,0,1,1,1,1,2,4,2,3,6,4,13,17,8,15,32,37,35,59,75,81,109,128,154,227,268,310,367,459,630,736,900,1098,1305,1483,1869,2257,2537,3052,3773,4366,5130,5959,6867,7906,8914,10400,11655,13093,14508,16007,17598,19228,20617,22142,23605,24568,25912,26150,27084,27121,27346,27059,27404,28009,28914,31203,33809,38033,42846,47891,53020,55933,56327,53059,47686,40567
0,0,0,0,0,0,0,0,0,0,0,0,0,0,0,0,0,0,0,0,0,0,0,0,0,0,0,0,0,0,0,0,0,0,0,0,0,0,0,0,0,0,0,0,0,0,0,0,0,0,0,0,0,0,0,0,0,0,0,0,0,0,0,0,0,0,0,0,0,0,0,0,0,0,0,0,0,0,0,0,0,0,0,0,0,0,0,0,0,0,0,0,0,0,0,0,0,0,0,0,0,0,0,0,0,0,0,0,0,0,0,0,0,0,0,0,0,0,0,0,0,0,0,0,0,0,0,0,0,0,0,0,0,0,0,0,0,0,0,0,0,0,0,0,0,0,0,0,0,0,0,0,0,0,0,0,0,0,0,0,0,0,0,0,0,0,0,0,0,0,0,0,0,0,0,0,0,0,0,0,0,0,0,0,0,0,0,0,0,0,0,0,0,0,0,0,0,0,0,0,0,0,0,0,0,0,0,0,0,0,0,0,0,0,0,0,0,0,0,0,0,0,0,0,1,0,0,0,1,0,3,4,2,5,5,0,5,11,9,7,16,17,32,32,43,47,67,73,116,129,184,210,282,320,447,556,638,787,951,1161,1439,1690,2015,2528,3090,3674,4378,5161,5943,6880,8019,9284,10523,12168,13882,15478,17617,19021,21541,22932,24876,26521,27961,29350,30483,31470,31873,32393,32674,33456,34563,36724,40222,44725,51065,57853,62421,63015,59616,55315
0,0,0,0,0,0,0,0,0,0,0,0,0,0,0,0,0,0,0,0,0,0,0,0,0,0,0,0,0,0,0,0,0,0,0,0,0,0,0,0,0,0,0,0,0,0,0,0,0,0,0,0,0,0,0,0,0,0,0,0,0,0,0,0,0,0,0,0,0,0,0,0,0,0,0,0,0,0,0,0,0,0,0,0,0,0,0,0,0,0,0,0,0,0,0,0,0,0,0,0,0,0,0,0,0,0,0,0,0,0,0,0,0,0,0,0,0,0,0,0,0,0,0,0,0,0,0,0,0,0,0,0,0,0,0,0,0,0,0,0,0,0,0,0,0,0,0,0,0,0,0,0,0,0,0,0,0,0,0,0,0,0,0,0,0,0,0,0,0,0,0,0,0,0,0,0,0,0,0,0,0,0,0,0,0,0,0,0,0,0,0,0,0,0,0,0,0,0,0,0,0,0,0,0,0,0,0,0,0,0,0,0,0,0,0,0,0,1,0,0,0,0,0,0,0,0,0,0,0,0,0,0,1,0,1,1,0,2,2,6,3,10,8,8,14,14,25,27,39,47,68,74,91,128,153,228,268,351,408,532,649,791,979,1178,1486,1740,2139,2693,3272,3869,4579,5480,6573,7781,9108,10506,12393,14272,16294,18665,20931,23129,25832,28317,31182,33256,35064,37565,39198,40381,41812,42969,44615,47198,51167,57103,64033,70002,69476,69813
0,0,0,0,0,0,0,0,0,0,0,0,0,0,0,0,0,0,0,0,0,0,0,0,0,0,0,0,0,0,0,0,0,0,0,0,0,0,0,0,0,0,0,0,0,0,0,0,0,0,0,0,0,0,0,0,0,0,0,0,0,0,0,0,0,0,0,0,0,0,0,0,0,0,0,0,0,0,0,0,0,0,0,0,0,0,0,0,0,0,0,0,0,0,0,0,0,0,0,0,0,0,0,0,0,0,0,0,0,0,0,0,0,0,0,0,0,0,0,0,0,0,0,0,0,0,0,0,0,0,0,0,0,0,0,0,0,0,0,0,0,0,0,0,0,0,0,0,0,0,0,0,0,0,0,0,0,0,0,0,0,0,0,0,0,0,0,0,0,0,0,0,0,0,0,0,0,0,0,0,0,0,0,0,0,0,0,0,0,0,0,0,0,0,0,0,0,0,0,0,0,0,0,0,0,0,0,0,0,0,0,0,0,0,0,0,0,0,0,0,0,0,0,0,0,0,0,0,0,0,0,0,0,0,1,0,1,0,0,0,2,2,0,3,4,7,5,9,6,15,13,17,24,27,36,58,78,92,107,144,173,242,291,367,445,590,746,952,1284,1502,1832,2217,2785,3389,4182,5193,6409,7475,9354,11075,12953,15645,18450,21599,25552,28955,33411,38022,42833,47754,52748,57396,61165,65407,67608,69130,70026,69905,70187,70100
